ID_CLIENTE,SAFRA_REF,PROBABILIDADE_INADIMPLENCIA
8736788139020105764,2021-07,0.9874328
3421433989501830226,2021-07,0.9838193
2694466161223698243,2021-07,0.98297715
2694466161223698243,2021-07,0.9824442
2694466161223698243,2021-07,0.9819758
7815839878620843192,2021-09,0.97873366
7815839878620843192,2021-09,0.9781465
7815839878620843192,2021-10,0.9780838
8736788139020105764,2021-08,0.97394526
3421433989501830226,2021-07,0.95928645
3421433989501830226,2021-09,0.9576839
3421433989501830226,2021-09,0.9570157
3421433989501830226,2021-10,0.95598406
3421433989501830226,2021-11,0.95363855
7231408738455755015,2021-07,0.90082604
7231408738455755015,2021-10,0.90072
7231408738455755015,2021-08,0.899567
7231408738455755015,2021-09,0.8993311
3275327267689584006,2021-09,0.87812513
5714540197488862003,2021-08,0.8734967
5714540197488862003,2021-07,0.87076956
5757271354816214865,2021-08,0.86456174
7231408738455755015,2021-10,0.8560858
5687511145009775604,2021-07,0.8553625
4210463673385510745,2021-07,0.8513409
7231408738455755015,2021-07,0.8512
8107542605807471599,2021-10,0.8498735
9099218788416728596,2021-09,0.84874374
7231408738455755015,2021-09,0.846912
7231408738455755015,2021-07,0.8439381
8107542605807471599,2021-07,0.8420691
7231408738455755015,2021-10,0.84193885
7231408738455755015,2021-07,0.84068
7231408738455755015,2021-10,0.84043634
7231408738455755015,2021-11,0.8377004
8107542605807471599,2021-08,0.8366784
7231408738455755015,2021-09,0.8349738
7231408738455755015,2021-11,0.83475256
5162636608292907782,2021-08,0.8285469
180672270337706285,2021-08,0.82401305
8163895533020293251,2021-10,0.8236597
6056959220685085102,2021-10,0.82261467
8198518259946944874,2021-07,0.8225898
4785355632922927313,2021-10,0.8205522
9099218788416728596,2021-09,0.8203523
1708019696828098378,2021-10,0.81912726
7231408738455755015,2021-10,0.81714803
5687511145009775604,2021-08,0.8156096
9099218788416728596,2021-10,0.81191856
5577659616907513811,2021-10,0.8115649
4781265535199914934,2021-09,0.8090757
4210463673385510745,2021-11,0.80791587
9099218788416728596,2021-07,0.80525464
2726314736140152277,2021-07,0.80476445
6349142675790687765,2021-08,0.80461633
5757271354816214865,2021-07,0.80353254
8163895533020293251,2021-08,0.8019325
8163895533020293251,2021-08,0.8018185
8107542605807471599,2021-09,0.80176324
8107542605807471599,2021-08,0.80097395
4351694415353093046,2021-09,0.79977226
8163895533020293251,2021-08,0.7991093
8733525963966339207,2021-11,0.7986464
8107542605807471599,2021-07,0.798078
2726314736140152277,2021-07,0.7978393
5301988619224057921,2021-10,0.79519135
5757271354816214865,2021-07,0.79352194
8163895533020293251,2021-08,0.79012495
5301988619224057921,2021-09,0.78942376
5301988619224057921,2021-07,0.7892052
4781265535199914934,2021-09,0.7891695
7231408738455755015,2021-07,0.78838575
8229446069655666941,2021-07,0.78574526
5409960473983330744,2021-09,0.7847119
5162636608292907782,2021-09,0.7831348
8163895533020293251,2021-09,0.78255403
7231408738455755015,2021-07,0.7825121
2549266739079962864,2021-09,0.7815421
6598561842700412652,2021-08,0.7814525
8163895533020293251,2021-08,0.78030604
180672270337706285,2021-08,0.7790694
180672270337706285,2021-10,0.7782653
8163895533020293251,2021-11,0.7752068
5371387005775513675,2021-07,0.7751221
5371387005775513675,2021-07,0.7751221
5301988619224057921,2021-08,0.7715842
6547872039250784411,2021-08,0.7714474
8229446069655666941,2021-08,0.7709315
180672270337706285,2021-08,0.77037424
180672270337706285,2021-07,0.7698959
1977574645216036803,2021-08,0.76968735
7231408738455755015,2021-07,0.7696134
180672270337706285,2021-10,0.7692422
2726314736140152277,2021-10,0.7690112
2032592272238235730,2021-11,0.7686316
5511113649464808344,2021-10,0.7667651
5511113649464808344,2021-07,0.7665667
1637960623843047520,2021-07,0.7657136
9099218788416728596,2021-08,0.7635246
1637960623843047520,2021-08,0.7613798
180672270337706285,2021-07,0.7609505
8229446069655666941,2021-07,0.75994146
6547872039250784411,2021-07,0.759516
8733525963966339207,2021-07,0.75799674
180672270337706285,2021-09,0.75749946
180672270337706285,2021-10,0.75502324
180672270337706285,2021-07,0.7504932
1977574645216036803,2021-07,0.750461
8163895533020293251,2021-07,0.75016373
5888474320320735000,2021-10,0.7477568
5888474320320735000,2021-09,0.74667174
5301988619224057921,2021-07,0.7462343
5888474320320735000,2021-08,0.746017
5225029212547588718,2021-09,0.74592614
8163895533020293251,2021-08,0.7444563
3480297543931395935,2021-08,0.7415752
3888528635045328222,2021-10,0.74029744
5888474320320735000,2021-08,0.73940635
5888474320320735000,2021-10,0.7388542
3218226066162129945,2021-10,0.73663384
8163895533020293251,2021-09,0.7364595
7231408738455755015,2021-08,0.73564786
6547872039250784411,2021-10,0.7342435
5888474320320735000,2021-08,0.73405707
4432551314797496562,2021-09,0.73317856
7231408738455755015,2021-11,0.7314885
6330043096034525408,2021-08,0.73054194
5888474320320735000,2021-10,0.72856694
5888474320320735000,2021-09,0.7281956
4432551314797496562,2021-07,0.7277338
5371387005775513675,2021-11,0.7266442
7707459425750676368,2021-07,0.72474253
7347753999527316260,2021-11,0.7243981
5577659616907513811,2021-09,0.7239124
4853303856126909724,2021-07,0.7223041
3888528635045328222,2021-09,0.7220088
5577659616907513811,2021-09,0.7218545
7707459425750676368,2021-09,0.7217457
3829967475074118757,2021-09,0.72126293
6330043096034525408,2021-10,0.7196197
6145308913889808258,2021-07,0.7182855
6349142675790687765,2021-08,0.71826637
6349142675790687765,2021-09,0.7182119
6349142675790687765,2021-07,0.7181993
6349142675790687765,2021-08,0.7176778
6349142675790687765,2021-08,0.717566
6349142675790687765,2021-08,0.7175168
6349142675790687765,2021-08,0.71720695
5477523784812182605,2021-07,0.7164234
5477523784812182605,2021-07,0.7161026
6547872039250784411,2021-08,0.7159195
3888528635045328222,2021-08,0.7118523
8596605705893456305,2021-09,0.71039516
8163895533020293251,2021-10,0.7102576
3750579377644235511,2021-07,0.70967466
5577659616907513811,2021-07,0.708824
180672270337706285,2021-08,0.7079796
5577659616907513811,2021-09,0.7056606
5577659616907513811,2021-08,0.7056488
8163895533020293251,2021-08,0.7050388
5577659616907513811,2021-08,0.70357925
6349142675790687765,2021-07,0.70206183
2432667449154431819,2021-08,0.70107573
6598561842700412652,2021-08,0.7010052
5577659616907513811,2021-10,0.7000671
5577659616907513811,2021-10,0.7000671
2900002014851776114,2021-07,0.6999788
5577659616907513811,2021-08,0.69957113
5888474320320735000,2021-08,0.69950664
6598561842700412652,2021-10,0.69787943
6349142675790687765,2021-08,0.69731075
410843023337872279,2021-08,0.6961811
5888474320320735000,2021-07,0.69454056
7707459425750676368,2021-10,0.69355315
3660744270380078352,2021-10,0.6900241
7067471043900250355,2021-08,0.68907136
9099218788416728596,2021-08,0.6884031
8733525963966339207,2021-08,0.686255
8163895533020293251,2021-08,0.68363786
8646472172649019955,2021-10,0.6832442
6349142675790687765,2021-08,0.6820893
5888474320320735000,2021-07,0.68079484
2726314736140152277,2021-10,0.68010575
5888474320320735000,2021-09,0.67996454
8163895533020293251,2021-09,0.6779303
3183208564139585182,2021-09,0.6775735
7347753999527316260,2021-10,0.6759713
8163895533020293251,2021-08,0.6744655
1462395707491634845,2021-09,0.67363304
6349142675790687765,2021-08,0.6725131
2432667449154431819,2021-10,0.6718759
7742008298942700792,2021-09,0.6717781
4351694415353093046,2021-08,0.6712974
5888474320320735000,2021-09,0.67092067
6349142675790687765,2021-09,0.6707735
180672270337706285,2021-07,0.6697094
180672270337706285,2021-07,0.6697094
7067471043900250355,2021-08,0.6695634
5999145415800242177,2021-10,0.6673388
7742008298942700792,2021-10,0.6666058
5577659616907513811,2021-07,0.6663165
5757271354816214865,2021-07,0.6660114
5757271354816214865,2021-07,0.6660114
180672270337706285,2021-09,0.6647904
5757271354816214865,2021-08,0.66451865
3183208564139585182,2021-07,0.6644784
180672270337706285,2021-07,0.6618251
8163895533020293251,2021-07,0.6607858
3183208564139585182,2021-11,0.66075194
180672270337706285,2021-07,0.6605862
5757271354816214865,2021-07,0.658983
4043546053926060305,2021-08,0.65885556
3965955331400146488,2021-09,0.65851253
8835646476961190471,2021-08,0.65833074
7957786135641291906,2021-08,0.6570976
5757271354816214865,2021-08,0.65677214
5757271354816214865,2021-07,0.65671057
5757271354816214865,2021-07,0.65671057
5757271354816214865,2021-07,0.65671057
5757271354816214865,2021-07,0.65671057
7215093571368368138,2021-07,0.6566081
7957786135641291906,2021-08,0.65589374
5757271354816214865,2021-07,0.6553987
7720458526816091748,2021-09,0.6545304
7707459425750676368,2021-08,0.65357053
5757271354816214865,2021-07,0.65326923
5757271354816214865,2021-07,0.65250367
5301988619224057921,2021-09,0.651836
8163895533020293251,2021-10,0.6517656
8313765100460016738,2021-10,0.6509144
4003696935579172837,2021-09,0.65063953
1285245417998627607,2021-10,0.6502412
5460280878923715699,2021-10,0.6499888
8596605705893456305,2021-07,0.64990234
2310272650667756227,2021-08,0.6494335
4489904752023469353,2021-11,0.64888567
5757271354816214865,2021-07,0.6478135
4424973922927242822,2021-10,0.6472245
8163895533020293251,2021-10,0.64666826
7367321179169390502,2021-09,0.64610296
7367321179169390502,2021-11,0.6454559
7215093571368368138,2021-09,0.6452884
5376084855227654309,2021-09,0.6450939
5757271354816214865,2021-09,0.64507055
4121608857053177761,2021-07,0.6448052
5757271354816214865,2021-07,0.6447683
1156053485989336481,2021-07,0.6436763
6909701795322574613,2021-11,0.64310384
4043546053926060305,2021-09,0.6426494
7215093571368368138,2021-09,0.64263934
5376084855227654309,2021-09,0.641765
7215093571368368138,2021-07,0.6417624
7720458526816091748,2021-09,0.6414972
3941676647656952109,2021-11,0.6414726
7720458526816091748,2021-10,0.6409413
3979129042322937623,2021-10,0.6403837
6909701795322574613,2021-08,0.6403576
3979129042322937623,2021-10,0.6398648
3941676647656952109,2021-10,0.6397145
6098833389547425063,2021-10,0.63847375
6546850858912852316,2021-08,0.637932
5757271354816214865,2021-07,0.6375586
4424973922927242822,2021-10,0.6360126
6330043096034525408,2021-10,0.6349709
4677213860368191144,2021-08,0.6349175
8707474618041058293,2021-08,0.6345918
5888474320320735000,2021-07,0.63424575
5986344948775572227,2021-08,0.63412654
5757271354816214865,2021-07,0.6338484
7215093571368368138,2021-10,0.633744
7215093571368368138,2021-11,0.63356775
5757271354816214865,2021-08,0.6334408
5376084855227654309,2021-10,0.632741
8835646476961190471,2021-08,0.6324103
644457054514416604,2021-10,0.6321741
7215093571368368138,2021-07,0.63193524
2423599281313969582,2021-09,0.6315442
7215093571368368138,2021-07,0.631459
5757271354816214865,2021-08,0.6308744
5376084855227654309,2021-10,0.630689
1415340753324392369,2021-09,0.63017887
5888474320320735000,2021-09,0.6296601
3941676647656952109,2021-10,0.6288021
7215093571368368138,2021-10,0.6282364
5993765508162121762,2021-11,0.627875
1285245417998627607,2021-08,0.62766385
5888474320320735000,2021-08,0.6274661
5888474320320735000,2021-09,0.62696666
5888474320320735000,2021-09,0.6268123
7215093571368368138,2021-09,0.62668484
5757271354816214865,2021-07,0.6259257
5993765508162121762,2021-10,0.62449825
5757271354816214865,2021-07,0.623443
5757271354816214865,2021-07,0.6223274
8163895533020293251,2021-10,0.6221574
8163895533020293251,2021-07,0.6209621
7478791630746523220,2021-10,0.61982137
3941676647656952109,2021-11,0.6194295
7215093571368368138,2021-08,0.6181894
531805620371082364,2021-09,0.61690134
1156053485989336481,2021-10,0.6163037
8278233100278581012,2021-10,0.6151207
7215093571368368138,2021-07,0.6146624
7215093571368368138,2021-10,0.6144558
5888474320320735000,2021-10,0.6144147
5993765508162121762,2021-10,0.6136563
1637960623843047520,2021-07,0.61294866
1156053485989336481,2021-09,0.61236125
1156053485989336481,2021-09,0.61236125
180672270337706285,2021-10,0.6119326
5757271354816214865,2021-08,0.61178315
5993765508162121762,2021-07,0.6110843
1156053485989336481,2021-09,0.6105137
5993765508162121762,2021-09,0.6102467
531805620371082364,2021-11,0.60998005
1477629972594346481,2021-07,0.60946727
3454481508285917519,2021-09,0.6087241
5757271354816214865,2021-08,0.6082558
6145308913889808258,2021-08,0.60735804
3941676647656952109,2021-11,0.60648644
8350724667410677464,2021-10,0.6051059
9060693308980292489,2021-08,0.60504496
8596605705893456305,2021-11,0.60476357
4043546053926060305,2021-08,0.6036093
5757271354816214865,2021-08,0.6035863
8163895533020293251,2021-11,0.60338336
5757271354816214865,2021-08,0.6028297
5993765508162121762,2021-11,0.6019263
8398000036517692656,2021-08,0.60114557
5993765508162121762,2021-11,0.60050553
8027035272622701013,2021-11,0.59881824
5757271354816214865,2021-08,0.5987124
4424973922927242822,2021-10,0.59826136
7215093571368368138,2021-11,0.59758496
410843023337872279,2021-10,0.59674615
4043546053926060305,2021-08,0.59671617
4043546053926060305,2021-08,0.59671617
503021894071666233,2021-10,0.5956539
5757271354816214865,2021-08,0.5951852
5986344948775572227,2021-10,0.59517395
39547025441582855,2021-07,0.59450287
4043546053926060305,2021-07,0.5943489
4043546053926060305,2021-08,0.5936036
4043546053926060305,2021-08,0.59258574
5460280878923715699,2021-08,0.5916664
4898797487317475277,2021-09,0.5914001
7478791630746523220,2021-08,0.59134823
1311488706225587300,2021-10,0.59075993
4043546053926060305,2021-08,0.590162
6546850858912852316,2021-10,0.5894276
8350724667410677464,2021-09,0.58935887
503021894071666233,2021-10,0.5890999
7478791630746523220,2021-11,0.5886992
5057726374207815794,2021-11,0.58851326
5888474320320735000,2021-07,0.5877437
5757271354816214865,2021-08,0.58717036
7061868716439556791,2021-08,0.5861505
5757271354816214865,2021-08,0.5859228
7260748352873493818,2021-08,0.58569163
1234611356650812259,2021-09,0.5848691
5274777191770957761,2021-09,0.5831534
6546850858912852316,2021-07,0.5831331
5757271354816214865,2021-08,0.58225787
4043546053926060305,2021-07,0.5817226
1234611356650812259,2021-07,0.5816735
4043546053926060305,2021-08,0.5815485
4043546053926060305,2021-08,0.58105963
4043546053926060305,2021-08,0.58105963
4043546053926060305,2021-07,0.58101714
4043546053926060305,2021-07,0.58101714
4043546053926060305,2021-07,0.5809709
4071158585850879204,2021-07,0.5808198
1616952665234409442,2021-08,0.5797666
4043546053926060305,2021-10,0.578622
7478791630746523220,2021-10,0.57853234
503021894071666233,2021-11,0.5785043
4050525344257805036,2021-08,0.5784666
4043546053926060305,2021-07,0.57802606
8829286411654484379,2021-09,0.5779339
8750634267020436314,2021-09,0.5775272
6546850858912852316,2021-07,0.5774757
5082455700818638342,2021-11,0.57718176
5757271354816214865,2021-11,0.5769348
6546850858912852316,2021-07,0.5767687
1234611356650812259,2021-10,0.57598084
6056959220685085102,2021-09,0.57537156
4043546053926060305,2021-10,0.5748722
5757271354816214865,2021-08,0.57467294
7260748352873493818,2021-11,0.57457834
4043546053926060305,2021-09,0.57433444
3979129042322937623,2021-10,0.5743268
6546850858912852316,2021-09,0.57382464
4043546053926060305,2021-10,0.57344395
2973474340148068982,2021-10,0.5731986
6598561842700412652,2021-08,0.5731618
503021894071666233,2021-08,0.5722688
1637960623843047520,2021-09,0.57224524
5757271354816214865,2021-11,0.57061154
503021894071666233,2021-10,0.5700552
6826420906256954294,2021-10,0.5698022
503021894071666233,2021-10,0.5697814
6546850858912852316,2021-09,0.5687207
2455576782104041698,2021-07,0.5686481
3979129042322937623,2021-10,0.56843895
3829967475074118757,2021-08,0.5678771
5489089370448387505,2021-11,0.567423
4956614249204803652,2021-08,0.5671309
6056959220685085102,2021-10,0.5671283
6145308913889808258,2021-09,0.56710106
1106971614386004604,2021-08,0.56577677
4569866309119931805,2021-10,0.56551725
4898797487317475277,2021-10,0.56404877
4898797487317475277,2021-09,0.5624853
4898797487317475277,2021-09,0.5602272
6615694774618628402,2021-08,0.5587457
3161361581909316305,2021-10,0.5580824
6448234172949059931,2021-08,0.55767447
4898797487317475277,2021-11,0.5565725
6546850858912852316,2021-09,0.556222
4641659186059167709,2021-10,0.5549232
6715993871935527857,2021-10,0.5549228
8398000036517692656,2021-10,0.5548833
5757271354816214865,2021-07,0.5540857
5757271354816214865,2021-07,0.55386406
5757271354816214865,2021-07,0.55381036
5271591321704178730,2021-09,0.5535878
5757271354816214865,2021-07,0.5535843
5757271354816214865,2021-07,0.55336255
6349142675790687765,2021-07,0.55251735
4228701400180066884,2021-09,0.55218935
5757271354816214865,2021-07,0.5521501
5757271354816214865,2021-08,0.5518055
5577659616907513811,2021-07,0.5511932
5577659616907513811,2021-08,0.5509903
5757271354816214865,2021-07,0.5509401
3136129226228632675,2021-10,0.55090886
5757271354816214865,2021-07,0.5500874
6349142675790687765,2021-08,0.5495914
3970572142453508637,2021-09,0.5476394
5577659616907513811,2021-09,0.5469337
8835646476961190471,2021-09,0.5459261
3275327267689584006,2021-10,0.5452345
1477629972594346481,2021-08,0.54491097
4662079815415471798,2021-09,0.54372096
9016049685460415544,2021-09,0.543529
5489089370448387505,2021-10,0.5428384
2386535178006664233,2021-08,0.54213107
493667100055938118,2021-11,0.5419202
5577659616907513811,2021-07,0.5417549
3275327267689584006,2021-10,0.54160786
5577659616907513811,2021-08,0.5414551
493667100055938118,2021-09,0.54127204
8350724667410677464,2021-08,0.5403756
5577659616907513811,2021-08,0.5397931
6893616200284527465,2021-11,0.5396163
7222128416864635362,2021-11,0.53939307
4202876623878743806,2021-10,0.5387059
1956406515279457110,2021-08,0.5386238
6145308913889808258,2021-09,0.5373077
5993765508162121762,2021-09,0.537118
2759416556905651870,2021-10,0.53692484
8576047157867370630,2021-11,0.53623605
4662079815415471798,2021-08,0.53579235
8123515208041701633,2021-08,0.53533906
1956406515279457110,2021-10,0.5353234
6349142675790687765,2021-08,0.5352604
5706551050445880395,2021-09,0.53515285
4785077903451149834,2021-10,0.53501177
5577659616907513811,2021-09,0.5349293
5993765508162121762,2021-08,0.5337668
86110062990790869,2021-09,0.53352594
3275327267689584006,2021-09,0.53350246
5562543665139612149,2021-07,0.53204554
6915663759082844184,2021-10,0.531887
1462395707491634845,2021-11,0.5315562
1462395707491634845,2021-11,0.5315562
1239032704486561936,2021-11,0.531414
1454789421854453615,2021-11,0.5310469
8623308321032624474,2021-07,0.52975583
8123515208041701633,2021-10,0.52967894
4820852183212661131,2021-07,0.52956754
2759416556905651870,2021-10,0.5295338
8398000036517692656,2021-09,0.52936655
8646472172649019955,2021-11,0.5288889
5274777191770957761,2021-09,0.5284464
1454789421854453615,2021-09,0.5278687
1239032704486561936,2021-11,0.5275532
6349142675790687765,2021-07,0.52753997
5706551050445880395,2021-10,0.52634543
1956406515279457110,2021-08,0.5250073
7787306805605072964,2021-08,0.5249549
1040994770557588198,2021-09,0.52393293
7478791630746523220,2021-09,0.52366436
993334998462320108,2021-11,0.5235638
2759416556905651870,2021-11,0.5229453
3258345688897172820,2021-07,0.52236366
7215093571368368138,2021-07,0.52234644
5577659616907513811,2021-10,0.5211026
3970572142453508637,2021-08,0.52019584
2522900990060384939,2021-11,0.5194937
1088521227159442264,2021-11,0.51920766
2808145376905474927,2021-07,0.5186121
3258345688897172820,2021-09,0.51837933
3258345688897172820,2021-11,0.51799846
2455576782104041698,2021-11,0.51773375
4043546053926060305,2021-07,0.5165788
7215093571368368138,2021-07,0.5162137
644457054514416604,2021-10,0.516144
2123312420728961012,2021-10,0.5142127
503021894071666233,2021-07,0.51419973
3970572142453508637,2021-11,0.5133223
8733525963966339207,2021-07,0.51318955
5706551050445880395,2021-11,0.5119726
5263285038415073073,2021-09,0.5113576
6615694774618628402,2021-10,0.5108955
6615694774618628402,2021-09,0.5107513
8045116560666679751,2021-11,0.5099629
2522900990060384939,2021-11,0.5097771
5263285038415073073,2021-07,0.5093285
5577659616907513811,2021-11,0.5092296
644457054514416604,2021-10,0.5090043
2522900990060384939,2021-11,0.50868064
5757271354816214865,2021-09,0.50855094
5706551050445880395,2021-11,0.5082193
5448628641564935127,2021-11,0.5078694
2900002014851776114,2021-10,0.5059435
4820852183212661131,2021-09,0.50559855
170089315547146305,2021-08,0.50502634
6056959220685085102,2021-10,0.504081
5757271354816214865,2021-08,0.50337803
3903290047715748290,2021-08,0.50331277
5757271354816214865,2021-08,0.50303495
7215093571368368138,2021-08,0.50119114
7215093571368368138,2021-10,0.500414
7770458886439606839,2021-09,0.49954385
7215093571368368138,2021-07,0.49846146
6715993871935527857,2021-08,0.49758923
5687511145009775604,2021-09,0.49696842
4820852183212661131,2021-11,0.49636093
5757271354816214865,2021-09,0.49631003
5757271354816214865,2021-09,0.49631003
5263285038415073073,2021-09,0.495928
2123312420728961012,2021-10,0.49572906
5562543665139612149,2021-09,0.4953684
5706551050445880395,2021-11,0.49366742
5263285038415073073,2021-07,0.4928716
7141263195360679278,2021-08,0.49164373
1207306324957395736,2021-08,0.49137956
696014079855281037,2021-11,0.4912983
7215093571368368138,2021-09,0.48961338
5752688018135006198,2021-10,0.48894635
5993765508162121762,2021-11,0.48810092
7215093571368368138,2021-08,0.48681867
5757271354816214865,2021-08,0.4846164
7215093571368368138,2021-08,0.48423913
7215093571368368138,2021-09,0.48387605
7215093571368368138,2021-09,0.48387605
3275327267689584006,2021-08,0.48345003
2900002014851776114,2021-09,0.48247346
621182491555347581,2021-09,0.48129874
1741049493106216406,2021-07,0.48111442
6122719618012473549,2021-10,0.4806465
6349142675790687765,2021-10,0.480358
8548612698724688238,2021-08,0.47985372
3275327267689584006,2021-08,0.47942793
5263285038415073073,2021-09,0.47868228
4853303856126909724,2021-07,0.4784377
9089528044547831569,2021-07,0.47832116
7710364735942975505,2021-07,0.47795004
7215093571368368138,2021-08,0.47740334
3275327267689584006,2021-07,0.47704655
3829967475074118757,2021-07,0.47678322
7215093571368368138,2021-07,0.47608522
1956406515279457110,2021-08,0.47537705
3829967475074118757,2021-10,0.47456852
1118514612547157551,2021-10,0.4745117
3829967475074118757,2021-07,0.47432154
5993765508162121762,2021-07,0.4736176
6335613629467537085,2021-11,0.47348133
4570863207041489270,2021-10,0.4734003
234898976850399181,2021-10,0.47319683
3829967475074118757,2021-10,0.4719614
3829967475074118757,2021-10,0.4719614
7970976988071755401,2021-08,0.4712828
7215093571368368138,2021-07,0.47127748
1956406515279457110,2021-10,0.4712752
6546850858912852316,2021-08,0.47115535
3829967475074118757,2021-08,0.4705595
1956406515279457110,2021-08,0.46836895
1956406515279457110,2021-11,0.46792063
5993765508162121762,2021-10,0.46649954
2123312420728961012,2021-11,0.46647072
1310335287370721834,2021-10,0.46584433
5687511145009775604,2021-10,0.4658311
8623308321032624474,2021-08,0.46575752
7215093571368368138,2021-10,0.46474603
2432667449154431819,2021-09,0.4643117
2123312420728961012,2021-10,0.46266913
7215093571368368138,2021-10,0.4625514
6546850858912852316,2021-10,0.4596414
6518776090651183119,2021-10,0.4594603
3829967475074118757,2021-08,0.4594249
3829967475074118757,2021-09,0.4594027
3156580765759568020,2021-10,0.45791215
8733525963966339207,2021-07,0.4576903
1616952665234409442,2021-10,0.45736155
6546850858912852316,2021-07,0.4535569
5263285038415073073,2021-09,0.45304802
5993765508162121762,2021-09,0.45255917
5263285038415073073,2021-07,0.45229378
6056959220685085102,2021-10,0.45174342
5562543665139612149,2021-09,0.45116794
3156580765759568020,2021-11,0.45065242
3156580765759568020,2021-11,0.45065242
3829967475074118757,2021-08,0.4503985
209314261782935157,2021-10,0.45022938
6824842959463625344,2021-07,0.4501601
6546850858912852316,2021-09,0.44974792
6546850858912852316,2021-09,0.44974792
3382624494518753363,2021-08,0.44934586
9206030810342980458,2021-08,0.44887257
6615694774618628402,2021-11,0.44823286
2123312420728961012,2021-09,0.4480688
8733525963966339207,2021-11,0.4480165
6615694774618628402,2021-09,0.44767472
3156580765759568020,2021-10,0.44763803
8733525963966339207,2021-09,0.4475315
6615694774618628402,2021-11,0.44696862
6615694774618628402,2021-09,0.44662705
3829967475074118757,2021-10,0.44661582
3829967475074118757,2021-08,0.44630796
1956406515279457110,2021-09,0.44578594
1956406515279457110,2021-09,0.4457014
6546850858912852316,2021-07,0.44526672
3829967475074118757,2021-08,0.4445937
1592581784061157609,2021-11,0.44427103
6715993871935527857,2021-08,0.44418234
5993765508162121762,2021-11,0.4435657
1956406515279457110,2021-11,0.4430942
3829967475074118757,2021-10,0.44256318
8733525963966339207,2021-10,0.44224334
4189705495607963592,2021-09,0.44164407
4769364850030443969,2021-10,0.44157034
8733525963966339207,2021-08,0.4415293
51762959302415533,2021-09,0.44060773
4993499380140734678,2021-10,0.44029778
7215093571368368138,2021-08,0.440023
5263285038415073073,2021-10,0.43985075
8733525963966339207,2021-07,0.4392004
3829967475074118757,2021-10,0.43905032
7215093571368368138,2021-08,0.43805227
3829967475074118757,2021-08,0.43790042
503021894071666233,2021-08,0.4376958
957773253650890560,2021-11,0.43752587
8733525963966339207,2021-10,0.43707687
8733525963966339207,2021-08,0.4367529
8733525963966339207,2021-08,0.43671024
6909701795322574613,2021-07,0.43669993
5993765508162121762,2021-08,0.43634015
6598561842700412652,2021-08,0.43544605
4008627434689715639,2021-09,0.43518686
8045116560666679751,2021-09,0.43405974
5465001651966355821,2021-07,0.4333624
6056959220685085102,2021-10,0.4329214
8733525963966339207,2021-08,0.43203163
8733525963966339207,2021-07,0.43181965
7710364735942975505,2021-11,0.4317088
3275327267689584006,2021-08,0.4317071
3829967475074118757,2021-08,0.4313978
5883155883105348987,2021-09,0.43078804
6615694774618628402,2021-09,0.43028477
4237135112070444140,2021-10,0.43006778
2900002014851776114,2021-07,0.42989278
3829967475074118757,2021-09,0.42967647
8609938720215175911,2021-11,0.42958823
238894451665334246,2021-11,0.4289579
4465150716052427320,2021-09,0.42887893
4512887927067894301,2021-08,0.4278673
6349142675790687765,2021-11,0.42623672
5057726374207815794,2021-09,0.42444283
1668564607105585557,2021-09,0.42435855
6615694774618628402,2021-08,0.42430902
3382624494518753363,2021-09,0.42388228
6094038865287329652,2021-11,0.4237794
4237135112070444140,2021-11,0.42355773
2943087245123311166,2021-07,0.42185578
1741049493106216406,2021-08,0.42158407
6617479989097680138,2021-09,0.42085677
8536031856585966123,2021-07,0.42056695
5465001651966355821,2021-10,0.41980395
8536031856585966123,2021-07,0.41902536
5263285038415073073,2021-07,0.41765454
5263285038415073073,2021-09,0.41749308
6617479989097680138,2021-10,0.41679358
5288503299611498087,2021-11,0.4156119
8733525963966339207,2021-09,0.4139791
5558533999208199371,2021-09,0.41266185
6615694774618628402,2021-08,0.41244847
2900002014851776114,2021-09,0.41114154
4237135112070444140,2021-10,0.41088185
2201150681962815877,2021-11,0.4108806
1156053485989336481,2021-10,0.4105901
7818340804682162328,2021-10,0.4097583
7720458526816091748,2021-09,0.40961424
9205015186723569289,2021-10,0.40766352
6978269497652315763,2021-08,0.4063026
5558533999208199371,2021-10,0.4059685
2407532237672094312,2021-10,0.40547022
4769364850030443969,2021-08,0.40434185
4008627434689715639,2021-08,0.40428802
4986060939759481610,2021-09,0.40425226
1002362614649347438,2021-11,0.40357047
5558533999208199371,2021-09,0.40165207
4237135112070444140,2021-11,0.4012587
7229721428946324455,2021-11,0.40049878
4677213860368191144,2021-08,0.4003
4785355632922927313,2021-10,0.39670464
5687511145009775604,2021-08,0.39656577
1156053485989336481,2021-09,0.39474773
4559400286159883576,2021-09,0.3947158
8733525963966339207,2021-07,0.39241204
3431426889924624821,2021-11,0.3922026
7818340804682162328,2021-09,0.39091837
8045116560666679751,2021-10,0.38967842
4008627434689715639,2021-07,0.3891841
5558533999208199371,2021-08,0.38881466
5558533999208199371,2021-07,0.3876508
2088532321693492263,2021-09,0.38691413
3829967475074118757,2021-08,0.38587832
1658487213084590146,2021-08,0.38559192
5993765508162121762,2021-11,0.38476366
191536915328669008,2021-07,0.38475576
8698916565946744099,2021-10,0.38444245
5687511145009775604,2021-07,0.38415763
2900002014851776114,2021-11,0.38391152
3382624494518753363,2021-07,0.38240027
5057726374207815794,2021-10,0.3808225
4008627434689715639,2021-08,0.38045132
5263285038415073073,2021-10,0.3798979
5687511145009775604,2021-10,0.3791968
1667173444642500307,2021-11,0.37686074
4008627434689715639,2021-08,0.37674162
5687511145009775604,2021-10,0.37652513
1467843186411742274,2021-07,0.3752689
6330043096034525408,2021-09,0.3751418
1667173444642500307,2021-10,0.374915
7787306805605072964,2021-07,0.37414587
7787306805605072964,2021-08,0.37358323
9016049685460415544,2021-11,0.37320507
503021894071666233,2021-08,0.37316748
3431426889924624821,2021-11,0.3724067
7968118679747232249,2021-10,0.3715878
5606267905834401873,2021-07,0.37085453
7471183491728700531,2021-08,0.36832902
5687511145009775604,2021-09,0.36812988
3454481508285917519,2021-09,0.3677122
8733525963966339207,2021-07,0.3676908
7787306805605072964,2021-09,0.3675609
3454481508285917519,2021-09,0.3669515
5687511145009775604,2021-10,0.36659017
8045116560666679751,2021-09,0.36600426
6615694774618628402,2021-09,0.36585885
2123312420728961012,2021-10,0.36503235
6615694774618628402,2021-08,0.363943
8733525963966339207,2021-08,0.3638137
8079157452200263869,2021-10,0.35842186
6330043096034525408,2021-10,0.358252
7471183491728700531,2021-08,0.35715523
5274777191770957761,2021-07,0.35676038
5448628641564935127,2021-10,0.35593125
5162636608292907782,2021-08,0.3555446
8733525963966339207,2021-07,0.35479835
511305041047444825,2021-09,0.35412717
4541506527938763361,2021-09,0.35370493
5448628641564935127,2021-11,0.35300037
6330043096034525408,2021-10,0.3527621
6615694774618628402,2021-08,0.35265192
6330043096034525408,2021-08,0.35242367
2407532237672094312,2021-08,0.35213587
2900002014851776114,2021-11,0.3512799
6999154286942764669,2021-09,0.35087833
6999154286942764669,2021-09,0.35087833
7848910047105468475,2021-09,0.35080737
4237135112070444140,2021-10,0.3498057
3218226066162129945,2021-09,0.3490829
4532469127306079736,2021-09,0.3489612
8733525963966339207,2021-07,0.34781528
7818340804682162328,2021-11,0.34776115
7787306805605072964,2021-10,0.34771684
7478791630746523220,2021-08,0.34661195
191536915328669008,2021-07,0.346091
2780030912070252968,2021-08,0.34481516
4489904752023469353,2021-09,0.34400526
7492389223353246125,2021-07,0.3437043
1708019696828098378,2021-09,0.34349844
5448628641564935127,2021-10,0.34307432
2310272650667756227,2021-10,0.34188572
1299146298565441811,2021-10,0.3417069
1708019696828098378,2021-10,0.34098047
5369576709077493659,2021-11,0.3403658
1708019696828098378,2021-09,0.3399161
2088532321693492263,2021-08,0.3387839
5274777191770957761,2021-09,0.3381823
7848910047105468475,2021-08,0.3379521
1616952665234409442,2021-10,0.33759728
1616952665234409442,2021-10,0.33759728
622073912578471754,2021-10,0.33731434
3538481420098344176,2021-07,0.33579168
3218226066162129945,2021-09,0.33560726
5274777191770957761,2021-08,0.3353598
4541506527938763361,2021-10,0.33495244
5810778736737569699,2021-08,0.3346032
1708019696828098378,2021-10,0.33455417
819552547620904652,2021-09,0.3329449
8737605759444448951,2021-10,0.33210292
4095739077267179172,2021-09,0.33144987
5162636608292907782,2021-08,0.33121783
5162636608292907782,2021-07,0.3307791
7662578945735335954,2021-09,0.3304707
2771214050521171719,2021-09,0.33010283
8733525963966339207,2021-08,0.3292213
4008627434689715639,2021-07,0.32902074
3218226066162129945,2021-08,0.3285771
5274777191770957761,2021-09,0.32817885
2535803443850893368,2021-09,0.3279775
7471183491728700531,2021-07,0.3271739
5162636608292907782,2021-08,0.32689983
5162636608292907782,2021-09,0.32684186
5511113649464808344,2021-08,0.325809
1717812527056208209,2021-07,0.32561022
1717812527056208209,2021-07,0.32553354
622073912578471754,2021-07,0.3254686
4489904752023469353,2021-08,0.32489827
622073912578471754,2021-09,0.32406723
3538481420098344176,2021-08,0.3237485
4489904752023469353,2021-10,0.3233403
5162636608292907782,2021-09,0.32292175
5162636608292907782,2021-07,0.32284123
4489904752023469353,2021-07,0.32270098
8733525963966339207,2021-10,0.322288
622073912578471754,2021-10,0.32224604
4489904752023469353,2021-07,0.32148078
5162636608292907782,2021-09,0.32114828
4489904752023469353,2021-09,0.32032675
5162636608292907782,2021-10,0.32006878
4489904752023469353,2021-10,0.31959882
6457349126437565385,2021-10,0.31940472
1708019696828098378,2021-10,0.3193824
5162636608292907782,2021-09,0.31882268
4489904752023469353,2021-08,0.31821856
4489904752023469353,2021-10,0.31803578
8733525963966339207,2021-07,0.31765014
5162636608292907782,2021-10,0.3170697
5511113649464808344,2021-07,0.3163476
5162636608292907782,2021-08,0.31627518
3538481420098344176,2021-08,0.3162045
1717812527056208209,2021-10,0.3160701
4130617254899676131,2021-08,0.31514943
1717812527056208209,2021-07,0.31404504
5448628641564935127,2021-09,0.3134455
4130617254899676131,2021-11,0.31339112
5274777191770957761,2021-09,0.3131556
622073912578471754,2021-10,0.31135693
1117184216453911295,2021-10,0.3113415
5511113649464808344,2021-11,0.31132427
8829286411654484379,2021-09,0.31009594
4489904752023469353,2021-11,0.3099136
4956614249204803652,2021-11,0.30924097
1738460583932152602,2021-08,0.30780983
5511113649464808344,2021-10,0.3076396
4489904752023469353,2021-08,0.30589473
5162636608292907782,2021-08,0.30476043
8733525963966339207,2021-10,0.3047595
4489904752023469353,2021-08,0.30307165
1717812527056208209,2021-10,0.3020793
7260748352873493818,2021-10,0.30199125
4489904752023469353,2021-09,0.30175504
8274986328479596038,2021-11,0.30069724
3592639146446725280,2021-09,0.2995473
7722287846688771887,2021-10,0.2982877
5162636608292907782,2021-09,0.29814053
4225765667813563302,2021-10,0.29732895
1156053485989336481,2021-11,0.29657695
5162636608292907782,2021-10,0.29602388
324916756972236008,2021-07,0.29419306
8596605705893456305,2021-10,0.29396746
8596605705893456305,2021-09,0.2929958
8596605705893456305,2021-08,0.29159266
5503073374822479037,2021-09,0.29157913
7478791630746523220,2021-09,0.2915201
1956406515279457110,2021-09,0.29125184
1956406515279457110,2021-08,0.29063562
2900002014851776114,2021-10,0.28935823
2900002014851776114,2021-10,0.28935823
7387419407817356825,2021-11,0.28835627
8596605705893456305,2021-10,0.2867127
6457349126437565385,2021-10,0.28605327
4569866309119931805,2021-09,0.28554922
3829967475074118757,2021-11,0.28412008
255928150711119413,2021-09,0.28403458
4724876423989598202,2021-10,0.28242597
2771214050521171719,2021-09,0.28229398
1708019696828098378,2021-09,0.28091186
8596605705893456305,2021-10,0.27978003
8596605705893456305,2021-09,0.27895588
8889055492416898333,2021-09,0.27851182
1708019696828098378,2021-08,0.27823934
1708019696828098378,2021-08,0.27823934
4008627434689715639,2021-09,0.27822775
3829967475074118757,2021-08,0.27723905
1708019696828098378,2021-09,0.27650014
8596605705893456305,2021-11,0.2756573
8596605705893456305,2021-08,0.2746615
3538481420098344176,2021-07,0.27450404
8596605705893456305,2021-11,0.27353773
9205015186723569289,2021-11,0.2726929
1956406515279457110,2021-08,0.2721295
1708019696828098378,2021-09,0.27195388
4008627434689715639,2021-08,0.2710914
3829967475074118757,2021-07,0.26835328
5044097686733078536,2021-10,0.26828516
8596605705893456305,2021-07,0.2682049
8596605705893456305,2021-09,0.266596
1117184216453911295,2021-08,0.26633936
8596605705893456305,2021-07,0.2648222
5883155883105348987,2021-11,0.26411444
8596605705893456305,2021-11,0.26318341
7848910047105468475,2021-10,0.26273018
4008627434689715639,2021-11,0.26171958
8596605705893456305,2021-10,0.2614521
1616952665234409442,2021-11,0.2602383
8901696535927078963,2021-11,0.25909215
191536915328669008,2021-10,0.25882673
1956406515279457110,2021-09,0.25796273
1234611356650812259,2021-09,0.25729635
7471183491728700531,2021-08,0.25522736
1616952665234409442,2021-10,0.25472525
4008627434689715639,2021-10,0.254381
8926565682509268383,2021-09,0.25433177
1717812527056208209,2021-11,0.25288182
3829967475074118757,2021-07,0.2527816
6916556752218696485,2021-11,0.2521483
4008627434689715639,2021-10,0.2503198
8596605705893456305,2021-09,0.250026
51762959302415533,2021-10,0.24960414
8596605705893456305,2021-09,0.24902114
4008627434689715639,2021-10,0.24820453
8596605705893456305,2021-09,0.247688
4008627434689715639,2021-10,0.24754012
4008627434689715639,2021-09,0.24719171
1708019696828098378,2021-10,0.24632408
4008627434689715639,2021-09,0.24631298
4541506527938763361,2021-09,0.24601369
4008627434689715639,2021-09,0.24471962
1430896989654626045,2021-11,0.24321868
5274777191770957761,2021-09,0.24284616
5274777191770957761,2021-07,0.2426625
1956406515279457110,2021-09,0.24071926
3829967475074118757,2021-10,0.24027583
1956406515279457110,2021-08,0.23984957
1708019696828098378,2021-11,0.23797697
4919908458022265747,2021-10,0.2375904
843896882208504179,2021-10,0.23714906
5162636608292907782,2021-10,0.23707919
7471183491728700531,2021-10,0.23673555
3931892303497206092,2021-11,0.23553476
3829967475074118757,2021-09,0.23552677
7968118679747232249,2021-07,0.23532717
5274777191770957761,2021-08,0.2350927
9205015186723569289,2021-11,0.23458423
7471183491728700531,2021-08,0.23450983
1717812527056208209,2021-09,0.23195559
5714540197488862003,2021-10,0.23125927
3382609338395832683,2021-10,0.230106
7787306805605072964,2021-09,0.23004156
1717812527056208209,2021-09,0.22993053
5577659616907513811,2021-11,0.22869381
1616952665234409442,2021-08,0.22759147
4541506527938763361,2021-11,0.225592
5274777191770957761,2021-07,0.22462307
5274777191770957761,2021-10,0.22456987
8596605705893456305,2021-09,0.22349524
7787306805605072964,2021-07,0.22187933
1616952665234409442,2021-10,0.21911311
1616952665234409442,2021-10,0.21911311
7085295800541340563,2021-09,0.21851908
5274777191770957761,2021-09,0.21851054
6796564304742670823,2021-07,0.21799731
3555655653190753786,2021-07,0.21599829
4995679129936981612,2021-09,0.2151257
5714540197488862003,2021-09,0.21488571
15070048310374146,2021-07,0.21463269
5162636608292907782,2021-09,0.21438362
5225029212547588718,2021-08,0.21374619
8596605705893456305,2021-09,0.21347712
1616952665234409442,2021-07,0.21261807
4956614249204803652,2021-07,0.21080555
4995679129936981612,2021-10,0.21055414
1616952665234409442,2021-10,0.2105249
8596605705893456305,2021-10,0.21048932
5714540197488862003,2021-11,0.20994528
4995679129936981612,2021-10,0.2098929
8596605705893456305,2021-10,0.20984752
4995679129936981612,2021-09,0.2097414
4995679129936981612,2021-08,0.20945537
8596605705893456305,2021-09,0.2090298
4995679129936981612,2021-09,0.20900966
4995679129936981612,2021-09,0.20900567
1616952665234409442,2021-10,0.20895192
15070048310374146,2021-10,0.20875886
4995679129936981612,2021-07,0.20866454
9156666134024889730,2021-09,0.20725979
8596605705893456305,2021-09,0.20711893
5714540197488862003,2021-09,0.2070256
8596605705893456305,2021-07,0.20670928
6145308913889808258,2021-07,0.206494
5714540197488862003,2021-07,0.2059203
5714540197488862003,2021-11,0.20525049
5714540197488862003,2021-11,0.2049802
1616952665234409442,2021-07,0.2049426
7968118679747232249,2021-11,0.2044939
3118683330911759410,2021-10,0.2037893
4995679129936981612,2021-07,0.20356753
2179772649873197365,2021-07,0.20295264
3118683330911759410,2021-07,0.20236763
1667173444642500307,2021-10,0.20143853
1616952665234409442,2021-07,0.2008846
1616952665234409442,2021-09,0.20069793
5511113649464808344,2021-09,0.2001546
4995679129936981612,2021-11,0.19985025
1616952665234409442,2021-07,0.19946824
3382609338395832683,2021-07,0.19946687
6056959220685085102,2021-08,0.19889513
1616952665234409442,2021-10,0.19853841
1166653268490470189,2021-08,0.19826786
1616952665234409442,2021-10,0.19822127
1616952665234409442,2021-10,0.19822127
5714540197488862003,2021-11,0.19816598
4785355632922927313,2021-09,0.19806711
1616952665234409442,2021-08,0.1979572
1616952665234409442,2021-09,0.1979572
4785355632922927313,2021-11,0.19786574
4785355632922927313,2021-11,0.19786574
7968118679747232249,2021-09,0.19765809
8313765100460016738,2021-10,0.19752331
1616952665234409442,2021-08,0.1970972
1616952665234409442,2021-10,0.19701831
3382609338395832683,2021-08,0.1966965
1616952665234409442,2021-11,0.19663529
3118683330911759410,2021-09,0.19642399
1616952665234409442,2021-11,0.19588417
4785355632922927313,2021-07,0.1949092
4785355632922927313,2021-11,0.19438916
4785355632922927313,2021-10,0.19389905
5714540197488862003,2021-07,0.19320753
8313765100460016738,2021-10,0.19299866
7779268298304613772,2021-08,0.19185106
8596605705893456305,2021-09,0.19113418
7085295800541340563,2021-08,0.19105081
7911162482760986289,2021-08,0.18992467
4489904752023469353,2021-09,0.18987566
5225029212547588718,2021-07,0.18940416
4785355632922927313,2021-08,0.18897831
8596605705893456305,2021-07,0.18892027
1616952665234409442,2021-10,0.18788292
3555655653190753786,2021-09,0.18786794
3382609338395832683,2021-09,0.18769173
5274777191770957761,2021-09,0.18758595
8313765100460016738,2021-11,0.18717462
4937566934664053767,2021-09,0.18709902
8313765100460016738,2021-07,0.18700367
1616952665234409442,2021-10,0.18664598
4785355632922927313,2021-07,0.18638666
1616952665234409442,2021-10,0.1858333
3118683330911759410,2021-07,0.18558079
8313765100460016738,2021-10,0.18538463
8487807876567995441,2021-07,0.18415105
4785355632922927313,2021-07,0.18404593
4785355632922927313,2021-07,0.18404593
6143250120040658989,2021-10,0.18338351
7911162482760986289,2021-09,0.18302973
7911162482760986289,2021-09,0.1829362
7911162482760986289,2021-08,0.18290004
2208316821038817776,2021-08,0.18282111
5511113649464808344,2021-07,0.18195216
843896882208504179,2021-08,0.18192403
8313765100460016738,2021-10,0.1817699
3118683330911759410,2021-10,0.18054809
7458891296671174680,2021-10,0.1801221
5714540197488862003,2021-08,0.17950375
3382624494518753363,2021-09,0.17772742
4008627434689715639,2021-08,0.17771786
1166653268490470189,2021-08,0.17695627
5511113649464808344,2021-10,0.17675674
5714540197488862003,2021-09,0.1766547
5511113649464808344,2021-10,0.17592287
15070048310374146,2021-09,0.17556217
5714540197488862003,2021-11,0.17412251
15070048310374146,2021-10,0.1738447
1616952665234409442,2021-07,0.17381328
3382609338395832683,2021-07,0.17361374
5714540197488862003,2021-08,0.17285365
5714540197488862003,2021-09,0.17221625
2208316821038817776,2021-10,0.17191678
5274777191770957761,2021-09,0.1711986
3382624494518753363,2021-08,0.17097631
5225029212547588718,2021-10,0.17088586
2179772649873197365,2021-10,0.17077515
7828430488099134389,2021-11,0.17066818
3382624494518753363,2021-11,0.17062962
3382624494518753363,2021-07,0.1696322
4995679129936981612,2021-09,0.16953646
7458891296671174680,2021-07,0.16907394
15070048310374146,2021-08,0.16907153
15070048310374146,2021-08,0.16907153
4995679129936981612,2021-07,0.1686775
792560389712312178,2021-08,0.16842473
7458891296671174680,2021-09,0.16841592
3382624494518753363,2021-10,0.16768359
5225029212547588718,2021-10,0.16742815
1536087798470875922,2021-08,0.16741396
5225029212547588718,2021-11,0.16717857
7968118679747232249,2021-11,0.16715436
3382624494518753363,2021-07,0.16672216
3361278050140871809,2021-10,0.16624807
170089315547146305,2021-10,0.16624433
3382624494518753363,2021-07,0.16613854
7968118679747232249,2021-10,0.1659447
3382624494518753363,2021-07,0.16588542
8313765100460016738,2021-09,0.16527028
5714540197488862003,2021-07,0.16451037
4785355632922927313,2021-10,0.16393131
3382624494518753363,2021-09,0.16388132
4785355632922927313,2021-08,0.16371423
4785355632922927313,2021-08,0.16311252
8313765100460016738,2021-10,0.16309273
170089315547146305,2021-08,0.16246398
4785355632922927313,2021-09,0.16185917
3382624494518753363,2021-09,0.16179281
8313765100460016738,2021-07,0.1613844
7828430488099134389,2021-11,0.1613684
7968118679747232249,2021-08,0.16135955
7968118679747232249,2021-11,0.16100916
4785355632922927313,2021-07,0.16015334
4008627434689715639,2021-08,0.16005278
7828430488099134389,2021-10,0.15998185
5225029212547588718,2021-09,0.15985595
7770458886439606839,2021-11,0.15954985
7770458886439606839,2021-11,0.1594401
7770458886439606839,2021-11,0.15812124
7770458886439606839,2021-11,0.15804012
7770458886439606839,2021-09,0.15799938
7770458886439606839,2021-11,0.15793122
5225029212547588718,2021-08,0.15763447
5225029212547588718,2021-07,0.15724908
7770458886439606839,2021-11,0.15660751
2780030912070252968,2021-09,0.15634587
4785355632922927313,2021-10,0.1563374
8123515208041701633,2021-09,0.15552284
3382624494518753363,2021-07,0.15543546
8505870778358741102,2021-10,0.1553669
7770458886439606839,2021-09,0.15475109
2397171153213063761,2021-09,0.153422
4334472256949955221,2021-11,0.15196232
2780030912070252968,2021-11,0.15158515
7770458886439606839,2021-10,0.1515468
5225029212547588718,2021-08,0.15096034
1117184216453911295,2021-09,0.15081319
7770458886439606839,2021-09,0.15064934
3382624494518753363,2021-09,0.15048349
1536087798470875922,2021-07,0.15028709
1536087798470875922,2021-09,0.1500718
8313765100460016738,2021-11,0.14979167
1616952665234409442,2021-08,0.14953385
1536087798470875922,2021-07,0.14930862
1536087798470875922,2021-08,0.1481539
7770458886439606839,2021-09,0.14789304
8512214463586144353,2021-07,0.14787945
6968106554514688300,2021-10,0.14750254
6985631100944640910,2021-10,0.14720328
5225029212547588718,2021-09,0.14693592
5225029212547588718,2021-09,0.14693592
1536087798470875922,2021-07,0.14656436
7458891296671174680,2021-10,0.146146
5225029212547588718,2021-10,0.14593256
5225029212547588718,2021-11,0.14593256
1536087798470875922,2021-09,0.14564194
1536087798470875922,2021-07,0.14533043
170089315547146305,2021-10,0.14532192
1536087798470875922,2021-07,0.14417847
622073912578471754,2021-09,0.14399014
2780030912070252968,2021-08,0.14393398
1536087798470875922,2021-08,0.1438294
7770458886439606839,2021-09,0.14342313
1536087798470875922,2021-10,0.14317779
1308019675417057675,2021-09,0.14306267
7911162482760986289,2021-10,0.14294057
3382624494518753363,2021-07,0.14245085
7770458886439606839,2021-10,0.14216623
7968118679747232249,2021-09,0.14179052
2780030912070252968,2021-10,0.14165981
7770458886439606839,2021-10,0.14077796
7770458886439606839,2021-09,0.14061022
7770458886439606839,2021-09,0.14047943
7770458886439606839,2021-09,0.14044122
8536031856585966123,2021-07,0.14020482
7770458886439606839,2021-09,0.1396173
7828430488099134389,2021-07,0.1392337
6456490958004500912,2021-08,0.13890292
1536087798470875922,2021-07,0.13874064
7770458886439606839,2021-09,0.13869692
2951563549197799278,2021-08,0.13829808
5225029212547588718,2021-09,0.13809752
1536087798470875922,2021-08,0.13805509
4935929591787890253,2021-10,0.13774389
1536087798470875922,2021-09,0.13717763
1117184216453911295,2021-08,0.13708502
7458891296671174680,2021-10,0.13700548
3382609338395832683,2021-08,0.13690843
1117184216453911295,2021-10,0.13531525
7770458886439606839,2021-10,0.13519332
4210463673385510745,2021-08,0.13514462
4008627434689715639,2021-08,0.13506776
5301988619224057921,2021-07,0.1344358
8400764778654490278,2021-10,0.13421229
1616952665234409442,2021-08,0.13343139
5225029212547588718,2021-09,0.13341236
1536087798470875922,2021-08,0.13338234
6985631100944640910,2021-10,0.1333808
3382624494518753363,2021-07,0.13325551
8350724667410677464,2021-09,0.13311508
7458891296671174680,2021-07,0.13304277
5301988619224057921,2021-09,0.13301185
5048392903148444335,2021-11,0.13299385
3382624494518753363,2021-09,0.13287055
7930925883736021864,2021-08,0.1319346
3382624494518753363,2021-08,0.13188514
5301988619224057921,2021-09,0.13185406
5301988619224057921,2021-09,0.13185406
2785178201607654410,2021-10,0.13178116
5301988619224057921,2021-09,0.13137324
4210463673385510745,2021-08,0.13063437
6217788509719675691,2021-09,0.13058735
4008627434689715639,2021-07,0.13036317
7930925883736021864,2021-11,0.1302786
1536087798470875922,2021-09,0.13018999
5726178124659661019,2021-07,0.13015895
3592461881055047578,2021-08,0.12975264
4210463673385510745,2021-10,0.12963246
5048392903148444335,2021-08,0.12962443
8400764778654490278,2021-09,0.12925427
3382624494518753363,2021-08,0.1290452
1616952665234409442,2021-10,0.128972
1616952665234409442,2021-10,0.128972
4210463673385510745,2021-10,0.12819852
3382624494518753363,2021-10,0.12794304
5301988619224057921,2021-07,0.12779748
3472934456083131714,2021-10,0.12751761
5091704914816802802,2021-08,0.12740564
5048392903148444335,2021-07,0.12732582
1616952665234409442,2021-10,0.12708183
3118683330911759410,2021-08,0.12618612
1616952665234409442,2021-10,0.12602049
3382624494518753363,2021-11,0.12591793
622073912578471754,2021-07,0.12579976
4210463673385510745,2021-09,0.12575287
6985631100944640910,2021-10,0.12541337
4210463673385510745,2021-10,0.12534782
5225029212547588718,2021-07,0.1252829
5855956854975734380,2021-10,0.12496014
5880041582322293710,2021-07,0.12467396
835441927760881602,2021-08,0.124623485
835441927760881602,2021-08,0.124623485
3022528659032597047,2021-10,0.12449968
8487807876567995441,2021-11,0.12422082
4210463673385510745,2021-08,0.12356202
1536087798470875922,2021-10,0.12347187
4210463673385510745,2021-09,0.12304656
3382609338395832683,2021-07,0.12270702
5048392903148444335,2021-09,0.12270017
1536087798470875922,2021-10,0.12264273
835441927760881602,2021-07,0.12261164
5048392903148444335,2021-09,0.12183108
1536087798470875922,2021-08,0.12138758
1536087798470875922,2021-07,0.12124631
835441927760881602,2021-07,0.12099787
4995679129936981612,2021-11,0.12078065
6759864637454708017,2021-08,0.12077878
4365965554261111250,2021-10,0.12072402
1414132620714431952,2021-09,0.12067078
7529137091657891207,2021-10,0.120049365
1414132620714431952,2021-08,0.119870506
835441927760881602,2021-09,0.119758725
4995679129936981612,2021-07,0.11944402
4210463673385510745,2021-07,0.11938394
2780030912070252968,2021-10,0.11897239
7770458886439606839,2021-08,0.11891053
5048392903148444335,2021-07,0.11858508
4365965554261111250,2021-10,0.11840067
4008627434689715639,2021-10,0.118139796
4210463673385510745,2021-07,0.11714585
3382624494518753363,2021-11,0.11708672
7770458886439606839,2021-09,0.11695936
4008627434689715639,2021-09,0.11693257
5864443060004179363,2021-07,0.11629204
5048392903148444335,2021-08,0.1162354
4365965554261111250,2021-08,0.1158888
1738460583932152602,2021-11,0.1157819
4365965554261111250,2021-10,0.115692936
5048392903148444335,2021-10,0.11511878
3355881107559250653,2021-11,0.11505096
3382609338395832683,2021-08,0.115003385
3382609338395832683,2021-07,0.11453726
835441927760881602,2021-07,0.114288084
3382609338395832683,2021-08,0.114121825
5799279645678609726,2021-08,0.11317669
4210463673385510745,2021-11,0.112689205
835441927760881602,2021-09,0.112548776
4365965554261111250,2021-07,0.112042986
4008627434689715639,2021-09,0.1118021
835441927760881602,2021-11,0.11165041
835441927760881602,2021-09,0.11157839
1414132620714431952,2021-09,0.11147379
835441927760881602,2021-09,0.11145986
4008627434689715639,2021-08,0.11140352
5225029212547588718,2021-11,0.11131891
4365965554261111250,2021-07,0.11126942
4365965554261111250,2021-07,0.11115258
835441927760881602,2021-10,0.110917844
3382609338395832683,2021-09,0.110650085
835441927760881602,2021-10,0.11058506
4008627434689715639,2021-10,0.11056324
4210463673385510745,2021-07,0.11000984
835441927760881602,2021-10,0.10982166
1396078312562623766,2021-08,0.10949772
3592461881055047578,2021-10,0.10946834
5225029212547588718,2021-10,0.10913069
5301988619224057921,2021-07,0.10880115
5301988619224057921,2021-07,0.10880115
5864443060004179363,2021-10,0.108736455
8350724667410677464,2021-11,0.10834628
2278650548373578523,2021-11,0.108213335
5799279645678609726,2021-07,0.1078922
3592461881055047578,2021-09,0.10780436
4365965554261111250,2021-07,0.10760527
5358243820364010940,2021-07,0.10728626
1536087798470875922,2021-08,0.10726658
5301988619224057921,2021-07,0.107227
1396078312562623766,2021-11,0.1071467
4365965554261111250,2021-07,0.10706424
8229446069655666941,2021-08,0.10679326
5301988619224057921,2021-09,0.10668348
170089315547146305,2021-08,0.1066222
835441927760881602,2021-08,0.10657154
5799279645678609726,2021-10,0.10630961
5301988619224057921,2021-09,0.10628322
5301988619224057921,2021-09,0.10621677
1088268935649917461,2021-08,0.10609406
8229446069655666941,2021-07,0.10604864
3724562776372632620,2021-11,0.105834134
5301988619224057921,2021-08,0.10573339
3724562776372632620,2021-10,0.10544835
1536087798470875922,2021-08,0.10543286
8229446069655666941,2021-07,0.105377086
3022528659032597047,2021-08,0.1053287
5301988619224057921,2021-11,0.10522396
5301988619224057921,2021-10,0.10518556
5301988619224057921,2021-10,0.1050539
5225029212547588718,2021-11,0.10405078
5460280878923715699,2021-08,0.103990436
5048392903148444335,2021-10,0.10375003
1536087798470875922,2021-11,0.10367141
8229446069655666941,2021-07,0.10335593
5301988619224057921,2021-09,0.10328611
1536087798470875922,2021-10,0.103241496
5048392903148444335,2021-07,0.10277148
4781265535199914934,2021-09,0.10269073
4704892067681576893,2021-11,0.1025637
170089315547146305,2021-09,0.10253717
5301988619224057921,2021-09,0.102063075
5301988619224057921,2021-09,0.102063075
5864443060004179363,2021-09,0.10186166
4679462479444735708,2021-10,0.100756824
835441927760881602,2021-09,0.10067447
170089315547146305,2021-08,0.100577265
7999843484680834128,2021-07,0.10018179
6985631100944640910,2021-08,0.10009052
8350724667410677464,2021-07,0.100081176
8350724667410677464,2021-07,0.1000187
170089315547146305,2021-10,0.09953333
170089315547146305,2021-10,0.09953333
5761480994209806499,2021-09,0.099279724
5301988619224057921,2021-07,0.09890493
5301988619224057921,2021-07,0.09890493
5883155883105348987,2021-11,0.09873853
170089315547146305,2021-08,0.098462336
5409960473983330744,2021-09,0.098295145
8350724667410677464,2021-07,0.098244675
8350724667410677464,2021-09,0.098176315
8350724667410677464,2021-08,0.098061085
170089315547146305,2021-08,0.09779148
8350724667410677464,2021-08,0.097670294
8350724667410677464,2021-10,0.097670294
6020593949794792044,2021-09,0.09761675
5301988619224057921,2021-07,0.097309284
2785178201607654410,2021-08,0.096632175
170089315547146305,2021-09,0.096600816
8350724667410677464,2021-11,0.09649313
8350724667410677464,2021-07,0.09649313
8350724667410677464,2021-08,0.09649313
8350724667410677464,2021-08,0.09649313
2278650548373578523,2021-10,0.09639309
1536087798470875922,2021-09,0.09606165
5799279645678609726,2021-07,0.09574229
5301988619224057921,2021-07,0.095568396
170089315547146305,2021-07,0.09508673
7770458886439606839,2021-08,0.09498034
4365965554261111250,2021-07,0.0947834
8229446069655666941,2021-07,0.09447648
2278650548373578523,2021-09,0.093995824
2499050168966442376,2021-08,0.09389008
4365965554261111250,2021-09,0.09344331
5409960473983330744,2021-07,0.093346134
5301988619224057921,2021-11,0.09315214
5301988619224057921,2021-10,0.093117386
5301988619224057921,2021-10,0.093117386
5799279645678609726,2021-11,0.09286558
5301988619224057921,2021-10,0.09276273
5409960473983330744,2021-10,0.0926954
5409960473983330744,2021-08,0.09259485
3660744270380078352,2021-11,0.09221224
170089315547146305,2021-09,0.09193932
7770458886439606839,2021-07,0.0917242
170089315547146305,2021-11,0.09130475
5301988619224057921,2021-10,0.09127886
3384356870037163810,2021-07,0.0909651
4210463673385510745,2021-08,0.090473644
5371387005775513675,2021-08,0.09025441
170089315547146305,2021-10,0.09014594
4365965554261111250,2021-09,0.09014033
5460280878923715699,2021-09,0.090127714
3592461881055047578,2021-09,0.09006995
170089315547146305,2021-08,0.09001139
2634859679238614382,2021-08,0.08999881
5477900120643078645,2021-10,0.089907
5409960473983330744,2021-11,0.08988498
7770458886439606839,2021-07,0.089635506
170089315547146305,2021-11,0.089442134
170089315547146305,2021-08,0.08938407
5409960473983330744,2021-11,0.08915889
8173830874846355280,2021-10,0.08907803
5409960473983330744,2021-10,0.08856679
6238903426443761049,2021-09,0.088566266
5048392903148444335,2021-08,0.08843579
5048392903148444335,2021-11,0.088158555
8350724667410677464,2021-09,0.08807144
5409960473983330744,2021-10,0.08777379
170089315547146305,2021-10,0.087540604
5301988619224057921,2021-09,0.08715551
5048392903148444335,2021-11,0.087002106
4365965554261111250,2021-09,0.08698166
7810985951121711480,2021-09,0.08665497
2278650548373578523,2021-09,0.086488254
835441927760881602,2021-07,0.086475804
4210463673385510745,2021-09,0.08624295
5477900120643078645,2021-08,0.086232714
5301988619224057921,2021-09,0.085958354
5477900120643078645,2021-08,0.08581526
835441927760881602,2021-07,0.08566975
8409181491723988567,2021-07,0.08560975
8646472172649019955,2021-11,0.08560019
8646472172649019955,2021-11,0.08560019
4210463673385510745,2021-08,0.08556586
1891145854263312840,2021-07,0.08551096
4365965554261111250,2021-09,0.08547066
8724731934863284019,2021-11,0.085358344
8646472172649019955,2021-11,0.08529646
8646472172649019955,2021-11,0.08529646
3724562776372632620,2021-10,0.0852741
835441927760881602,2021-08,0.08507451
5477900120643078645,2021-08,0.08501568
8350724667410677464,2021-07,0.084980376
5301988619224057921,2021-11,0.08484604
5477900120643078645,2021-11,0.08465868
5371387005775513675,2021-11,0.08457936
8646472172649019955,2021-08,0.084544025
835441927760881602,2021-10,0.084367335
4660230701075746534,2021-08,0.08432007
5409960473983330744,2021-10,0.0841874
8646472172649019955,2021-10,0.08411211
5794903898038236832,2021-09,0.08380863
5371387005775513675,2021-09,0.08347757
7770458886439606839,2021-08,0.083419874
5794903898038236832,2021-10,0.08329146
4210463673385510745,2021-07,0.083216004
1396078312562623766,2021-09,0.0831425
4210463673385510745,2021-11,0.08301427
5409960473983330744,2021-07,0.082813725
7920896580423665241,2021-09,0.08253432
5477900120643078645,2021-11,0.082168855
5477900120643078645,2021-08,0.08196888
5794903898038236832,2021-10,0.081867225
5409960473983330744,2021-09,0.08181544
5460280878923715699,2021-09,0.081687644
5409960473983330744,2021-11,0.08166219
4210463673385510745,2021-10,0.08158306
7770458886439606839,2021-08,0.08155352
8646472172649019955,2021-10,0.08150857
8409181491723988567,2021-10,0.08144085
5409960473983330744,2021-10,0.08114872
835441927760881602,2021-10,0.08098858
5048392903148444335,2021-08,0.0808541
8646472172649019955,2021-09,0.08017219
3543162424793477785,2021-07,0.07944688
2499050168966442376,2021-09,0.07941156
7779268298304613772,2021-10,0.07916973
5460280878923715699,2021-08,0.07901418
5794903898038236832,2021-08,0.07898801
8646472172649019955,2021-08,0.07887023
5794903898038236832,2021-09,0.078394786
5460280878923715699,2021-11,0.078341596
5477900120643078645,2021-07,0.07830624
5371387005775513675,2021-08,0.077831015
170089315547146305,2021-08,0.07703054
5799279645678609726,2021-09,0.076595195
5409960473983330744,2021-09,0.07658632
5409960473983330744,2021-10,0.07642766
5477900120643078645,2021-11,0.07638667
1276604410881911401,2021-11,0.07635766
7031913170099381454,2021-07,0.07633624
6987942592445950913,2021-10,0.076100335
107343823625119033,2021-09,0.07604808
5794903898038236832,2021-08,0.07590809
2032592272238235730,2021-11,0.075502105
5794903898038236832,2021-10,0.07505419
8748106677402909629,2021-08,0.07495502
1477629972594346481,2021-10,0.07476338
8350724667410677464,2021-09,0.07454841
1477629972594346481,2021-08,0.07428196
5460280878923715699,2021-08,0.07406287
1477629972594346481,2021-07,0.07402529
5371387005775513675,2021-10,0.07395962
7810985951121711480,2021-10,0.07393686
8350724667410677464,2021-07,0.07393296
5799279645678609726,2021-10,0.07374853
5371387005775513675,2021-07,0.07372005
3660744270380078352,2021-11,0.07363853
170089315547146305,2021-10,0.0736249
8854680481766219396,2021-08,0.07346268
8854680481766219396,2021-09,0.0728744
8173830874846355280,2021-11,0.07246701
5409960473983330744,2021-08,0.07228313
6020593949794792044,2021-07,0.072280824
2032592272238235730,2021-11,0.0721845
1477629972594346481,2021-08,0.07197838
5477900120643078645,2021-08,0.07192692
499242942549937267,2021-07,0.07190589
499242942549937267,2021-07,0.07190589
6020593949794792044,2021-10,0.071767904
1477629972594346481,2021-09,0.071683384
8854680481766219396,2021-08,0.071524054
5477900120643078645,2021-10,0.07132517
5371387005775513675,2021-07,0.07127524
5460280878923715699,2021-11,0.071168974
8854680481766219396,2021-09,0.07052142
499242942549937267,2021-08,0.07029799
4365965554261111250,2021-07,0.07027612
4679462479444735708,2021-08,0.070260786
3361278050140871809,2021-08,0.06987436
6330043096034525408,2021-09,0.06978228
8918635099296971351,2021-10,0.06977628
3750579377644235511,2021-08,0.0696743
5371387005775513675,2021-10,0.06963872
1477629972594346481,2021-11,0.06946166
4660230701075746534,2021-09,0.06937141
6020593949794792044,2021-10,0.06916185
1477629972594346481,2021-10,0.06908497
1477629972594346481,2021-07,0.06901942
4795152981525833467,2021-08,0.06900773
2032592272238235730,2021-07,0.0683932
499242942549937267,2021-07,0.068377346
2499050168966442376,2021-08,0.06821017
5460280878923715699,2021-07,0.06812175
499242942549937267,2021-07,0.06785081
7828430488099134389,2021-10,0.06758761
5371387005775513675,2021-11,0.06727068
5477900120643078645,2021-08,0.06713801
3750579377644235511,2021-07,0.066864386
2032592272238235730,2021-08,0.066458486
4675067298171588603,2021-08,0.066365376
1156053485989336481,2021-10,0.06616783
1467843186411742274,2021-11,0.066019885
6020593949794792044,2021-08,0.06586699
6987942592445950913,2021-11,0.065760665
2032592272238235730,2021-09,0.06568827
6020593949794792044,2021-07,0.06564378
1477629972594346481,2021-08,0.065613605
1093053069479288753,2021-11,0.065570235
652740132671309295,2021-07,0.06548306
7031913170099381454,2021-09,0.06543988
170089315547146305,2021-07,0.06541339
2032592272238235730,2021-10,0.065128855
170089315547146305,2021-07,0.06494527
1477629972594346481,2021-11,0.06484366
170089315547146305,2021-08,0.06478476
170089315547146305,2021-08,0.06478476
3724562776372632620,2021-08,0.064777814
1477629972594346481,2021-11,0.06463791
7779268298304613772,2021-10,0.06461686
4675067298171588603,2021-07,0.06452619
4675067298171588603,2021-07,0.06431276
170089315547146305,2021-08,0.064252675
3750579377644235511,2021-10,0.06423141
6055129522348042687,2021-07,0.06421636
1477629972594346481,2021-07,0.06404707
8646472172649019955,2021-10,0.06403399
499242942549937267,2021-07,0.063628264
4675067298171588603,2021-09,0.06323133
3750579377644235511,2021-08,0.06311639
5460280878923715699,2021-09,0.06307476
3750579377644235511,2021-08,0.06305848
4675067298171588603,2021-07,0.062963635
2032592272238235730,2021-11,0.06288121
6020593949794792044,2021-10,0.0627018
8854680481766219396,2021-08,0.062626265
3750579377644235511,2021-10,0.06262176
8854680481766219396,2021-10,0.062408254
3750579377644235511,2021-07,0.06231762
4675067298171588603,2021-08,0.062297724
170089315547146305,2021-09,0.062207997
3750579377644235511,2021-07,0.062190153
6020593949794792044,2021-10,0.062053606
6020593949794792044,2021-10,0.062053606
499242942549937267,2021-07,0.06203389
4675067298171588603,2021-07,0.061974693
4675067298171588603,2021-10,0.06187875
4527499691197377217,2021-08,0.061801046
170089315547146305,2021-09,0.061761305
6020593949794792044,2021-08,0.061734572
4675067298171588603,2021-10,0.061729103
170089315547146305,2021-07,0.061723
499242942549937267,2021-07,0.061707895
4675067298171588603,2021-07,0.061654147
170089315547146305,2021-11,0.061622776
3480297543931395935,2021-10,0.06159958
6020593949794792044,2021-09,0.061522003
6020593949794792044,2021-09,0.061522003
4675067298171588603,2021-08,0.06146881
170089315547146305,2021-09,0.06134636
4660230701075746534,2021-09,0.061250445
1637960623843047520,2021-07,0.061228
4675067298171588603,2021-10,0.061193597
7779268298304613772,2021-10,0.061119307
3750579377644235511,2021-10,0.06110747
2032592272238235730,2021-08,0.060898043
6020593949794792044,2021-10,0.060836375
7182085930008391174,2021-07,0.06072119
499242942549937267,2021-07,0.060651157
8854680481766219396,2021-10,0.060136557
2032592272238235730,2021-08,0.05977615
2032592272238235730,2021-08,0.05977615
499242942549937267,2021-07,0.05967431
4675067298171588603,2021-07,0.059631594
8918635099296971351,2021-07,0.059550248
8646472172649019955,2021-07,0.059460465
4130617254899676131,2021-10,0.05943159
4675067298171588603,2021-10,0.059423115
2179772649873197365,2021-07,0.05928113
2371917341091102894,2021-09,0.059262212
7367321179169390502,2021-07,0.059246067
4675067298171588603,2021-07,0.059099767
3591324331706630867,2021-11,0.059092496
8748106677402909629,2021-09,0.059057243
6337915293429442229,2021-08,0.05896586
6337915293429442229,2021-10,0.05896586
8748106677402909629,2021-10,0.058687918
8748106677402909629,2021-07,0.058655564
1093053069479288753,2021-08,0.058605656
170089315547146305,2021-11,0.058592767
5460280878923715699,2021-11,0.05828258
8646472172649019955,2021-09,0.05818911
3480297543931395935,2021-09,0.05817269
1553628056929342565,2021-08,0.05813017
8646472172649019955,2021-08,0.05806391
5931905128207886847,2021-09,0.057992022
4675067298171588603,2021-08,0.057941403
4675067298171588603,2021-08,0.057912316
3591324331706630867,2021-07,0.057704657
2371917341091102894,2021-09,0.057701945
3888528635045328222,2021-07,0.05733891
3591324331706630867,2021-10,0.057303924
1467843186411742274,2021-08,0.057242807
6337915293429442229,2021-08,0.057240907
3480297543931395935,2021-10,0.05714685
3724562776372632620,2021-08,0.057094164
5931905128207886847,2021-10,0.056910038
1637960623843047520,2021-10,0.056862764
652740132671309295,2021-08,0.056813095
8015571584405428572,2021-08,0.056724347
3724562776372632620,2021-09,0.056679662
3888528635045328222,2021-07,0.056599505
8646472172649019955,2021-09,0.05659
1741049493106216406,2021-09,0.056589447
7182085930008391174,2021-08,0.056345493
6337915293429442229,2021-07,0.05620261
5931905128207886847,2021-07,0.056179736
1637960623843047520,2021-08,0.055968244
1637960623843047520,2021-07,0.055905327
1467843186411742274,2021-10,0.055904895
3333870869270823799,2021-08,0.05582875
7031913170099381454,2021-10,0.05569756
8646472172649019955,2021-09,0.055673625
5522764880180045081,2021-10,0.055629008
3888528635045328222,2021-07,0.055519104
1637960623843047520,2021-10,0.055444
1637960623843047520,2021-07,0.054944072
2032592272238235730,2021-10,0.05482252
7182085930008391174,2021-07,0.05470268
1637960623843047520,2021-09,0.054489434
7031913170099381454,2021-10,0.054346707
7031913170099381454,2021-08,0.054303516
1467843186411742274,2021-10,0.054219425
1467843186411742274,2021-09,0.054056387
3480297543931395935,2021-10,0.05403806
1637960623843047520,2021-08,0.0539633
1683619849073499603,2021-11,0.0538461
6012031176108922616,2021-08,0.053741165
5931905128207886847,2021-10,0.05372003
3480297543931395935,2021-10,0.05358761
1637960623843047520,2021-08,0.05350541
1637960623843047520,2021-08,0.053454816
7751080728852739823,2021-07,0.053300135
3543162424793477785,2021-11,0.053290416
3591324331706630867,2021-08,0.053208463
18719614953021044,2021-08,0.053092215
1741049493106216406,2021-11,0.052929066
1078687383992817574,2021-08,0.05285163
3970572142453508637,2021-08,0.052728012
6020593949794792044,2021-10,0.05272376
1637960623843047520,2021-09,0.052662864
1078687383992817574,2021-08,0.052646346
1741049493106216406,2021-11,0.052603956
819552547620904652,2021-10,0.052548543
3970572142453508637,2021-07,0.052489445
3970572142453508637,2021-07,0.052484196
499242942549937267,2021-07,0.0523787
499242942549937267,2021-07,0.0523787
7031913170099381454,2021-08,0.052294165
1477629972594346481,2021-09,0.05228294
3888528635045328222,2021-09,0.05214552
1637960623843047520,2021-09,0.05213038
1477629972594346481,2021-11,0.052109897
1637960623843047520,2021-07,0.05206528
819552547620904652,2021-11,0.05203511
499242942549937267,2021-07,0.051988076
3480297543931395935,2021-10,0.051836994
6020593949794792044,2021-09,0.0518168
1637960623843047520,2021-10,0.051806163
3480297543931395935,2021-09,0.051722053
6020593949794792044,2021-09,0.051710617
1637960623843047520,2021-07,0.051643763
5794903898038236832,2021-08,0.05155268
1891145854263312840,2021-08,0.05131467
2493305884832539159,2021-10,0.05127687
2493305884832539159,2021-08,0.051191922
2493305884832539159,2021-09,0.05118546
499242942549937267,2021-07,0.051158734
499242942549937267,2021-07,0.05103719
3480297543931395935,2021-09,0.051003456
7182085930008391174,2021-08,0.050884392
7182085930008391174,2021-09,0.05084728
819552547620904652,2021-10,0.050802246
819552547620904652,2021-10,0.050801687
93982185886107798,2021-11,0.05077925
7182085930008391174,2021-09,0.050765164
819552547620904652,2021-08,0.05065407
1477629972594346481,2021-08,0.050518412
1467843186411742274,2021-08,0.050279375
4641659186059167709,2021-09,0.050204802
3888528635045328222,2021-08,0.0501363
1637960623843047520,2021-07,0.050124895
3480297543931395935,2021-07,0.050118875
7182085930008391174,2021-10,0.05010155
1078687383992817574,2021-10,0.050084304
1078687383992817574,2021-10,0.04994197
3480297543931395935,2021-07,0.049890943
187117706370645370,2021-09,0.049889404
3480297543931395935,2021-07,0.0497068
3888528635045328222,2021-07,0.049694397
819552547620904652,2021-08,0.049635183
499242942549937267,2021-07,0.049606036
3970572142453508637,2021-10,0.049590755
1078687383992817574,2021-08,0.04957204
1078687383992817574,2021-08,0.04945133
3480297543931395935,2021-07,0.04940944
1477629972594346481,2021-09,0.049395952
7810985951121711480,2021-07,0.049366437
499242942549937267,2021-07,0.049118258
1891145854263312840,2021-07,0.049116567
2493305884832539159,2021-07,0.04904476
1078687383992817574,2021-09,0.049005687
1078687383992817574,2021-08,0.048979364
6545052034269841737,2021-07,0.048948396
1078687383992817574,2021-10,0.048847254
1078687383992817574,2021-10,0.04878177
819552547620904652,2021-07,0.0487519
7810985951121711480,2021-11,0.048669916
6968106554514688300,2021-09,0.048658192
1276604410881911401,2021-09,0.0485444
7779268298304613772,2021-11,0.048465792
819552547620904652,2021-10,0.04846356
1078687383992817574,2021-07,0.048449684
4130617254899676131,2021-08,0.048351757
1637960623843047520,2021-07,0.048142496
8716163053080758848,2021-09,0.048098832
819552547620904652,2021-08,0.047946054
1891145854263312840,2021-08,0.04789595
1276604410881911401,2021-09,0.047828153
1078687383992817574,2021-09,0.047827873
7529137091657891207,2021-08,0.04781378
3888528635045328222,2021-07,0.047785677
6337915293429442229,2021-10,0.047733303
1276604410881911401,2021-09,0.047704495
2493305884832539159,2021-09,0.04768994
2493305884832539159,2021-07,0.04760644
1078687383992817574,2021-09,0.047515858
1891145854263312840,2021-10,0.047396887
7142043104834932013,2021-10,0.047375157
5794903898038236832,2021-08,0.04727302
819552547620904652,2021-07,0.047127552
819552547620904652,2021-10,0.047120422
5794903898038236832,2021-08,0.047010824
18719614953021044,2021-09,0.046921846
4641659186059167709,2021-07,0.046875637
1276604410881911401,2021-10,0.04677265
5794903898038236832,2021-07,0.04671819
1276604410881911401,2021-10,0.04663351
3888528635045328222,2021-09,0.046546694
7779268298304613772,2021-10,0.04649735
7779268298304613772,2021-08,0.046406917
1958660709350677213,2021-10,0.04637459
187117706370645370,2021-07,0.04637414
1958660709350677213,2021-09,0.046255503
7779268298304613772,2021-08,0.046221882
5883155883105348987,2021-10,0.046214215
5794903898038236832,2021-07,0.04612342
3258345688897172820,2021-10,0.046042655
7031913170099381454,2021-11,0.045994267
7182085930008391174,2021-07,0.045826383
3970572142453508637,2021-10,0.04579448
3258345688897172820,2021-10,0.045695234
499242942549937267,2021-08,0.0456677
4641659186059167709,2021-10,0.04559145
4660230701075746534,2021-08,0.04556786
499242942549937267,2021-07,0.045552894
2335982750277990437,2021-07,0.04542689
7031913170099381454,2021-09,0.045426168
940214356651040716,2021-11,0.045418408
7182085930008391174,2021-10,0.04535547
7182085930008391174,2021-09,0.04533608
5883155883105348987,2021-11,0.04533524
6122719618012473549,2021-07,0.04529877
2493305884832539159,2021-10,0.04517812
1637960623843047520,2021-07,0.04517438
7182085930008391174,2021-09,0.045164898
6545052034269841737,2021-09,0.045016795
2778852475840838977,2021-08,0.044959653
4641659186059167709,2021-07,0.044930004
1276604410881911401,2021-08,0.04489428
8332840690177201182,2021-07,0.04478133
940214356651040716,2021-07,0.04471748
940214356651040716,2021-10,0.044640686
1741049493106216406,2021-09,0.04461687
6969348581033924947,2021-07,0.044582523
652740132671309295,2021-07,0.044532675
7182085930008391174,2021-11,0.044436574
940214356651040716,2021-09,0.044425473
6950439982480713649,2021-09,0.04437198
6817075905797098547,2021-08,0.044351522
4593070249039532001,2021-07,0.044306118
1276604410881911401,2021-08,0.044210967
1276604410881911401,2021-08,0.04420745
3258345688897172820,2021-07,0.044160854
1118514612547157551,2021-09,0.044152692
1276604410881911401,2021-10,0.044067144
940214356651040716,2021-09,0.044011537
3258345688897172820,2021-09,0.044003572
6950439982480713649,2021-07,0.04397984
3258345688897172820,2021-08,0.043919332
1276604410881911401,2021-09,0.043824833
2778852475840838977,2021-07,0.04380975
1741049493106216406,2021-11,0.04378957
1276604410881911401,2021-09,0.043765634
4130617254899676131,2021-10,0.04367643
1276604410881911401,2021-07,0.04355271
1276604410881911401,2021-07,0.04355271
3888528635045328222,2021-10,0.043547552
1118514612547157551,2021-07,0.0435456
6950439982480713649,2021-09,0.04345191
1276604410881911401,2021-07,0.043250993
1276604410881911401,2021-07,0.043176644
1276604410881911401,2021-09,0.043071594
499242942549937267,2021-08,0.043046445
69766362497027920,2021-10,0.043029662
3660744270380078352,2021-11,0.042990252
1276604410881911401,2021-10,0.042961933
2335982750277990437,2021-08,0.042926263
1276604410881911401,2021-08,0.042914424
1276604410881911401,2021-08,0.042900365
1276604410881911401,2021-08,0.042894185
940214356651040716,2021-07,0.042893317
3480297543931395935,2021-07,0.042857233
8350724667410677464,2021-09,0.042832945
1276604410881911401,2021-09,0.042807616
1276604410881911401,2021-08,0.042787563
410843023337872279,2021-09,0.042787056
1958660709350677213,2021-10,0.042785194
1118514612547157551,2021-10,0.04273863
1118514612547157551,2021-09,0.0426893
1276604410881911401,2021-07,0.04267085
1276604410881911401,2021-09,0.042660274
499242942549937267,2021-08,0.042650238
7810985951121711480,2021-08,0.04259389
1276604410881911401,2021-08,0.042550605
652740132671309295,2021-09,0.042528924
187117706370645370,2021-11,0.042487767
8332840690177201182,2021-08,0.042448733
3258345688897172820,2021-09,0.04234351
940214356651040716,2021-07,0.04226148
2335982750277990437,2021-07,0.042206954
1276604410881911401,2021-09,0.0421962
7810985951121711480,2021-10,0.042146813
3660744270380078352,2021-08,0.042134825
6950439982480713649,2021-07,0.04213029
8915958534285799867,2021-10,0.042095564
3480297543931395935,2021-08,0.042055547
3660744270380078352,2021-11,0.04198822
1276604410881911401,2021-10,0.041987173
3480297543931395935,2021-08,0.041867394
940214356651040716,2021-09,0.041775625
3480297543931395935,2021-07,0.04168735
1778014915038250584,2021-07,0.041627344
1276604410881911401,2021-07,0.04161578
3660744270380078352,2021-07,0.041551765
652740132671309295,2021-09,0.04146431
6950439982480713649,2021-08,0.04146199
3660744270380078352,2021-08,0.041429035
3258345688897172820,2021-09,0.041385654
1276604410881911401,2021-08,0.04133337
1276604410881911401,2021-07,0.041328296
3591324331706630867,2021-10,0.041328233
1958660709350677213,2021-09,0.0412882
3357976326879346012,2021-09,0.0412335
1276604410881911401,2021-08,0.041176952
8915958534285799867,2021-08,0.04116289
7779268298304613772,2021-08,0.041150745
3660744270380078352,2021-08,0.041138288
3660744270380078352,2021-09,0.04112615
1276604410881911401,2021-09,0.04110023
1276604410881911401,2021-08,0.04106975
8915958534285799867,2021-08,0.041045286
7779268298304613772,2021-07,0.041018147
7810985951121711480,2021-10,0.040972892
2335982750277990437,2021-07,0.04097111
1276604410881911401,2021-09,0.040902406
1276604410881911401,2021-07,0.040880438
1156053485989336481,2021-10,0.040842727
1118514612547157551,2021-07,0.04084031
1276604410881911401,2021-07,0.040771466
1977574645216036803,2021-10,0.040702373
1118514612547157551,2021-08,0.040565144
7779268298304613772,2021-09,0.040555924
7779268298304613772,2021-08,0.040551603
7779268298304613772,2021-10,0.04055109
1276604410881911401,2021-07,0.040539782
1276604410881911401,2021-08,0.040513605
1276604410881911401,2021-08,0.040513605
2808145376905474927,2021-08,0.04050988
1276604410881911401,2021-09,0.04050908
1276604410881911401,2021-08,0.040508628
8576047157867370630,2021-10,0.040313262
1276604410881911401,2021-10,0.040304575
1118514612547157551,2021-08,0.040191654
1276604410881911401,2021-08,0.040184315
3357976326879346012,2021-07,0.039955482
1276604410881911401,2021-10,0.03990637
3357976326879346012,2021-08,0.03987464
1778014915038250584,2021-10,0.039835155
3660744270380078352,2021-08,0.039788827
7779268298304613772,2021-11,0.039737824
1276604410881911401,2021-11,0.03973597
1977574645216036803,2021-07,0.039735876
1276604410881911401,2021-09,0.039616738
1276604410881911401,2021-07,0.03958945
1977574645216036803,2021-08,0.0395171
1276604410881911401,2021-08,0.039491065
3357976326879346012,2021-09,0.039490197
1276604410881911401,2021-07,0.039486207
1276604410881911401,2021-08,0.039473224
1276604410881911401,2021-10,0.03944483
1276604410881911401,2021-10,0.039439984
6950439982480713649,2021-08,0.039407235
652740132671309295,2021-10,0.03929373
1276604410881911401,2021-08,0.03923871
8332840690177201182,2021-07,0.039204158
3357976326879346012,2021-10,0.039161216
652740132671309295,2021-10,0.03895049
3357976326879346012,2021-07,0.038930196
7524505197759784814,2021-08,0.0389246
3218226066162129945,2021-08,0.0388983
4130617254899676131,2021-09,0.0388495
6950439982480713649,2021-11,0.03883867
7779268298304613772,2021-11,0.03882588
940214356651040716,2021-08,0.038814068
1276604410881911401,2021-07,0.038643222
6950439982480713649,2021-09,0.03859145
7779268298304613772,2021-11,0.03856499
652740132671309295,2021-11,0.038523693
1156053485989336481,2021-08,0.038438205
6950439982480713649,2021-07,0.038428802
1276604410881911401,2021-07,0.03830594
3258345688897172820,2021-09,0.038273185
5794903898038236832,2021-07,0.038213212
5794903898038236832,2021-07,0.038191732
3218226066162129945,2021-08,0.038175296
7779268298304613772,2021-11,0.03817183
1276604410881911401,2021-08,0.038151406
1368430815953333691,2021-10,0.038132165
8332840690177201182,2021-07,0.038089957
1276604410881911401,2021-08,0.0380595
1977574645216036803,2021-11,0.037768543
1977574645216036803,2021-08,0.037719388
8623308321032624474,2021-10,0.037615635
3218226066162129945,2021-08,0.037513778
8576047157867370630,2021-10,0.037504446
69766362497027920,2021-09,0.03750387
3591324331706630867,2021-08,0.037420608
69766362497027920,2021-08,0.037409995
7816319470107777265,2021-09,0.037386157
69766362497027920,2021-09,0.037358977
3357976326879346012,2021-10,0.037338585
187117706370645370,2021-10,0.03732452
1276604410881911401,2021-08,0.03730324
2778852475840838977,2021-08,0.037212186
1368430815953333691,2021-07,0.037209693
2335982750277990437,2021-07,0.037207387
3660744270380078352,2021-09,0.037194144
1454789421854453615,2021-09,0.037149586
6122719618012473549,2021-10,0.037147667
5794903898038236832,2021-07,0.03710642
8332840690177201182,2021-11,0.037024442
5794903898038236832,2021-07,0.037020046
3218226066162129945,2021-07,0.036981113
69766362497027920,2021-08,0.036965713
3218226066162129945,2021-08,0.036934804
4537268360654655629,2021-09,0.03689395
3357976326879346012,2021-09,0.036892686
8576047157867370630,2021-09,0.03684153
3218226066162129945,2021-07,0.036797352
8343941262792249232,2021-10,0.036778588
1977574645216036803,2021-11,0.036774796
3591324331706630867,2021-07,0.03669619
1276604410881911401,2021-11,0.03657963
8623308321032624474,2021-07,0.036511973
6020593949794792044,2021-09,0.036444336
8623308321032624474,2021-11,0.036363423
1977574645216036803,2021-09,0.03631779
1977574645216036803,2021-11,0.036305085
1368430815953333691,2021-10,0.036211886
69766362497027920,2021-07,0.03612361
3218226066162129945,2021-08,0.03612032
3218226066162129945,2021-08,0.036036637
8918635099296971351,2021-08,0.035684038
7779268298304613772,2021-11,0.035656113
4537268360654655629,2021-07,0.03558356
4537268360654655629,2021-08,0.03553588
531805620371082364,2021-09,0.035464574
187117706370645370,2021-07,0.035300177
940214356651040716,2021-11,0.035282563
3591324331706630867,2021-10,0.035119824
187117706370645370,2021-10,0.0351035
2335982750277990437,2021-09,0.03508594
1118514612547157551,2021-09,0.03503065
2335982750277990437,2021-08,0.035003744
1368430815953333691,2021-08,0.03495967
1118514612547157551,2021-10,0.03494062
3218226066162129945,2021-10,0.034925587
8343941262792249232,2021-10,0.034814917
3660744270380078352,2021-08,0.034770407
8343941262792249232,2021-11,0.034761343
3591324331706630867,2021-08,0.03476075
4850722092974676955,2021-09,0.034704287
8343941262792249232,2021-10,0.034664948
1118514612547157551,2021-07,0.034644336
8343941262792249232,2021-10,0.03461809
7571271990906543121,2021-10,0.03456325
7779268298304613772,2021-07,0.034514822
2808145376905474927,2021-07,0.03448441
2808145376905474927,2021-07,0.03448441
8343941262792249232,2021-09,0.034431547
187117706370645370,2021-08,0.03441493
8343941262792249232,2021-07,0.034407124
8343941262792249232,2021-09,0.034334723
4588313530969303734,2021-07,0.03431478
3192341047315717823,2021-08,0.034160472
8343941262792249232,2021-08,0.03414093
7485107528960607346,2021-10,0.034112215
4850722092974676955,2021-10,0.034077503
4588313530969303734,2021-08,0.034057066
3357976326879346012,2021-08,0.034005713
8343941262792249232,2021-08,0.03396501
6817075905797098547,2021-08,0.033938985
8343941262792249232,2021-08,0.0339127
4588313530969303734,2021-11,0.033902217
8939476669690489534,2021-08,0.03381612
8939476669690489534,2021-08,0.03381612
3357976326879346012,2021-09,0.03381473
3357976326879346012,2021-10,0.033814315
3591324331706630867,2021-08,0.033740193
8939476669690489534,2021-09,0.033630416
2808145376905474927,2021-08,0.03358921
8623308321032624474,2021-07,0.03358758
1368430815953333691,2021-09,0.033572845
3192341047315717823,2021-08,0.033535466
2808145376905474927,2021-09,0.03353545
7142043104834932013,2021-08,0.03351247
4641659186059167709,2021-11,0.03346808
8939476669690489534,2021-10,0.03343806
8576047157867370630,2021-08,0.033403616
187117706370645370,2021-07,0.0333821
8343941262792249232,2021-09,0.033370107
1118514612547157551,2021-08,0.033346627
8939476669690489534,2021-09,0.033308692
8939476669690489534,2021-09,0.03328887
1044568737046072781,2021-11,0.03328824
1454789421854453615,2021-09,0.033277277
6330043096034525408,2021-07,0.033247937
7142043104834932013,2021-09,0.0332322
2535803443850893368,2021-07,0.033228062
4588313530969303734,2021-07,0.033217717
6122719618012473549,2021-11,0.033196714
3591324331706630867,2021-09,0.033169363
4588313530969303734,2021-11,0.033137914
8939476669690489534,2021-08,0.03312144
3591324331706630867,2021-10,0.03311889
6330043096034525408,2021-07,0.033049736
3591324331706630867,2021-10,0.033043787
4588313530969303734,2021-07,0.033023424
1454789421854453615,2021-09,0.033022348
3357976326879346012,2021-10,0.032994907
8343941262792249232,2021-09,0.032915596
3591324331706630867,2021-11,0.03289398
652740132671309295,2021-07,0.032888893
4588313530969303734,2021-08,0.0328308
1115703227712697214,2021-09,0.03275481
2808145376905474927,2021-10,0.032741163
2808145376905474927,2021-10,0.032683685
8918635099296971351,2021-08,0.032660868
7142043104834932013,2021-09,0.03261915
1997130697107291654,2021-10,0.032604836
3660744270380078352,2021-10,0.032569848
6330043096034525408,2021-10,0.032525163
187117706370645370,2021-08,0.032502446
1454789421854453615,2021-11,0.032482028
6330043096034525408,2021-08,0.03247919
8623308321032624474,2021-10,0.032434717
6817075905797098547,2021-10,0.032406684
9038299527164672091,2021-08,0.03233749
4850722092974676955,2021-09,0.03230058
8576047157867370630,2021-10,0.03226436
4588313530969303734,2021-09,0.032257147
7142043104834932013,2021-08,0.032245487
1115703227712697214,2021-10,0.032233972
1454789421854453615,2021-09,0.032213904
3591324331706630867,2021-09,0.032091383
1454789421854453615,2021-07,0.031978313
7816319470107777265,2021-11,0.03197574
1454789421854453615,2021-09,0.031966854
7142043104834932013,2021-09,0.031931765
1454789421854453615,2021-09,0.031890985
1276604410881911401,2021-07,0.03188261
1454789421854453615,2021-08,0.031813134
4588313530969303734,2021-07,0.031804387
2808145376905474927,2021-07,0.03178314
1115703227712697214,2021-11,0.031780016
3591324331706630867,2021-10,0.031750288
3591324331706630867,2021-08,0.031721625
1078687383992817574,2021-08,0.031655326
4588313530969303734,2021-09,0.03161025
8536031856585966123,2021-10,0.031590186
1454789421854453615,2021-08,0.031582206
819552547620904652,2021-08,0.03157668
7142043104834932013,2021-07,0.03157385
1454789421854453615,2021-11,0.03157365
1454789421854453615,2021-09,0.03154642
2808145376905474927,2021-07,0.031543598
2808145376905474927,2021-09,0.031541128
1454789421854453615,2021-09,0.03151248
8343941262792249232,2021-08,0.031496663
1454789421854453615,2021-10,0.031459
1454789421854453615,2021-07,0.031449195
8623308321032624474,2021-11,0.03141352
1778014915038250584,2021-08,0.031408742
1454789421854453615,2021-07,0.03126706
1454789421854453615,2021-07,0.03124725
1115703227712697214,2021-10,0.031212598
3807130563335796378,2021-08,0.031193119
2808145376905474927,2021-09,0.031174822
8623308321032624474,2021-09,0.031168895
2808145376905474927,2021-09,0.031140562
1156053485989336481,2021-10,0.03111743
6122719618012473549,2021-11,0.031108886
6122719618012473549,2021-11,0.031108886
1118514612547157551,2021-09,0.031100176
3660744270380078352,2021-09,0.031096147
1997130697107291654,2021-11,0.031075519
1778014915038250584,2021-08,0.031063521
4588313530969303734,2021-08,0.03104751
1115703227712697214,2021-10,0.031042153
1118514612547157551,2021-07,0.031026615
5786895437851445408,2021-11,0.030971121
8343941262792249232,2021-10,0.030951627
7142043104834932013,2021-08,0.030910617
1156053485989336481,2021-07,0.030910525
6330043096034525408,2021-09,0.030896047
1118514612547157551,2021-09,0.03086076
6969348581033924947,2021-08,0.030859891
187117706370645370,2021-09,0.030818006
187117706370645370,2021-09,0.030813256
1078687383992817574,2021-08,0.030787356
4588313530969303734,2021-07,0.03076825
7816319470107777265,2021-07,0.030765938
314309872114206760,2021-10,0.030762374
1115703227712697214,2021-09,0.030742234
6817075905797098547,2021-07,0.030733036
1997130697107291654,2021-08,0.030730635
819552547620904652,2021-07,0.030720077
1156053485989336481,2021-07,0.03070759
3536704882799524586,2021-07,0.030687628
6330043096034525408,2021-10,0.03068501
1118514612547157551,2021-08,0.03061325
69766362497027920,2021-09,0.030596655
1156053485989336481,2021-07,0.030582624
1156053485989336481,2021-09,0.03056971
1078687383992817574,2021-08,0.030564463
1156053485989336481,2021-10,0.030557608
340285351737204923,2021-09,0.030549934
1156053485989336481,2021-09,0.030532716
6330043096034525408,2021-10,0.030501608
1078687383992817574,2021-09,0.030444862
1078687383992817574,2021-10,0.030385535
6817075905797098547,2021-10,0.030360559
1078687383992817574,2021-10,0.030300243
2808145376905474927,2021-10,0.030274376
8536031856585966123,2021-08,0.030263932
3660744270380078352,2021-10,0.030253796
187117706370645370,2021-10,0.030232485
8623308321032624474,2021-08,0.030228695
6817075905797098547,2021-08,0.030206386
819552547620904652,2021-07,0.030197056
1078687383992817574,2021-10,0.030191032
3591324331706630867,2021-09,0.030179147
3279078057358159966,2021-09,0.030150346
8576047157867370630,2021-10,0.030136539
8536031856585966123,2021-09,0.030133655
1156053485989336481,2021-09,0.030119004
1118514612547157551,2021-07,0.030081075
652740132671309295,2021-07,0.030077307
2808145376905474927,2021-08,0.030076541
1078687383992817574,2021-08,0.030056816
187117706370645370,2021-11,0.030034957
1156053485989336481,2021-07,0.030025914
1078687383992817574,2021-09,0.029995508
1454789421854453615,2021-08,0.029978586
1156053485989336481,2021-10,0.02997035
6817075905797098547,2021-10,0.029956494
1078687383992817574,2021-10,0.029950576
1997130697107291654,2021-10,0.029947134
1454789421854453615,2021-10,0.029945998
1115703227712697214,2021-07,0.029921152
1156053485989336481,2021-09,0.029897636
1156053485989336481,2021-09,0.029878503
1078687383992817574,2021-09,0.029860016
819552547620904652,2021-10,0.029853992
3536704882799524586,2021-08,0.029851388
1156053485989336481,2021-11,0.029833471
1156053485989336481,2021-10,0.02980142
1156053485989336481,2021-10,0.029791089
819552547620904652,2021-10,0.029786535
1778014915038250584,2021-07,0.029780505
6817075905797098547,2021-10,0.029777149
1156053485989336481,2021-09,0.029775959
8536031856585966123,2021-11,0.0297546
1156053485989336481,2021-08,0.029752245
1078687383992817574,2021-08,0.029745413
5078307295214858596,2021-10,0.029739993
4588313530969303734,2021-07,0.029728036
2808145376905474927,2021-11,0.029719828
1156053485989336481,2021-11,0.029712508
1156053485989336481,2021-09,0.029710092
1156053485989336481,2021-11,0.029700035
6817075905797098547,2021-08,0.029697387
3807130563335796378,2021-10,0.029695125
7779268298304613772,2021-08,0.029690875
3279078057358159966,2021-10,0.029661868
8536031856585966123,2021-07,0.029661335
1156053485989336481,2021-08,0.029631047
4588313530969303734,2021-10,0.029624801
1156053485989336481,2021-11,0.029605623
1156053485989336481,2021-09,0.029605623
8536031856585966123,2021-10,0.029603193
819552547620904652,2021-10,0.029600903
8536031856585966123,2021-09,0.0295992
3660744270380078352,2021-11,0.029596431
1156053485989336481,2021-09,0.02959579
1156053485989336481,2021-09,0.029592542
1156053485989336481,2021-09,0.02958248
1156053485989336481,2021-08,0.029581275
1156053485989336481,2021-08,0.029581275
1156053485989336481,2021-10,0.02958027
6817075905797098547,2021-11,0.029572366
187117706370645370,2021-08,0.029567413
8576047157867370630,2021-09,0.02956703
4588313530969303734,2021-08,0.029558768
8343941262792249232,2021-09,0.029557914
8576047157867370630,2021-07,0.029547604
1156053485989336481,2021-09,0.029542085
1156053485989336481,2021-09,0.029542085
6817075905797098547,2021-08,0.0295381
1156053485989336481,2021-11,0.029534737
3660744270380078352,2021-11,0.029526534
6817075905797098547,2021-08,0.029514784
1156053485989336481,2021-11,0.029485004
1118514612547157551,2021-09,0.02947902
1156053485989336481,2021-09,0.029475207
1156053485989336481,2021-09,0.029475207
2092588065958607289,2021-08,0.029462278
1156053485989336481,2021-08,0.02946075
6330043096034525408,2021-07,0.029458856
1156053485989336481,2021-09,0.029450057
1156053485989336481,2021-11,0.029428475
1156053485989336481,2021-11,0.029428475
2371917341091102894,2021-07,0.029418323
6330043096034525408,2021-08,0.029413518
1156053485989336481,2021-10,0.02940327
6330043096034525408,2021-07,0.02939778
670573866376512619,2021-10,0.029388364
6330043096034525408,2021-08,0.029375244
1156053485989336481,2021-09,0.029374883
1156053485989336481,2021-09,0.029365307
1156053485989336481,2021-09,0.029346548
1156053485989336481,2021-09,0.029340478
1156053485989336481,2021-10,0.029334782
340285351737204923,2021-09,0.029331483
1156053485989336481,2021-10,0.0293254
1156053485989336481,2021-11,0.029324668
6330043096034525408,2021-11,0.029315487
4641659186059167709,2021-11,0.02931052
1454789421854453615,2021-07,0.029295806
1156053485989336481,2021-11,0.029291485
6330043096034525408,2021-10,0.029288225
340285351737204923,2021-09,0.029253257
1156053485989336481,2021-08,0.02923027
7816319470107777265,2021-11,0.029229414
3192341047315717823,2021-07,0.029214405
6817075905797098547,2021-10,0.029209774
1156053485989336481,2021-10,0.029208627
652740132671309295,2021-11,0.029182062
1118514612547157551,2021-09,0.029160118
1156053485989336481,2021-08,0.02915237
1156053485989336481,2021-08,0.02915237
1156053485989336481,2021-08,0.02915237
4095739077267179172,2021-11,0.029144568
6330043096034525408,2021-11,0.029134365
1156053485989336481,2021-09,0.029130692
6817075905797098547,2021-08,0.0291234
4641659186059167709,2021-07,0.029121595
1156053485989336481,2021-11,0.02911616
1156053485989336481,2021-11,0.02911616
1156053485989336481,2021-11,0.02911616
1156053485989336481,2021-08,0.029111136
1156053485989336481,2021-10,0.029107677
1156053485989336481,2021-09,0.029102739
340285351737204923,2021-09,0.029098462
1156053485989336481,2021-11,0.029097557
1156053485989336481,2021-10,0.029097557
3660744270380078352,2021-11,0.029093375
187117706370645370,2021-09,0.029092737
340285351737204923,2021-08,0.029090319
1156053485989336481,2021-11,0.02908788
6330043096034525408,2021-08,0.029079923
7816319470107777265,2021-09,0.029076377
1156053485989336481,2021-09,0.029070199
8536031856585966123,2021-10,0.02906995
1156053485989336481,2021-08,0.029055303
1156053485989336481,2021-11,0.029042015
1156053485989336481,2021-09,0.029038595
1115703227712697214,2021-07,0.029035816
8536031856585966123,2021-11,0.029033465
1156053485989336481,2021-09,0.029006874
1156053485989336481,2021-09,0.029006874
1156053485989336481,2021-08,0.029005338
1454789421854453615,2021-08,0.028984023
1156053485989336481,2021-08,0.028977852
8343941262792249232,2021-07,0.028977811
4095739077267179172,2021-10,0.028974935
8536031856585966123,2021-11,0.028973961
1156053485989336481,2021-11,0.02897268
1454789421854453615,2021-09,0.028967852
621182491555347581,2021-08,0.028961234
1368430815953333691,2021-07,0.028955936
8536031856585966123,2021-11,0.02895347
8536031856585966123,2021-09,0.02895347
1454789421854453615,2021-11,0.028948458
1156053485989336481,2021-10,0.028938001
1156053485989336481,2021-10,0.028938001
1156053485989336481,2021-10,0.028938001
1156053485989336481,2021-08,0.028937897
1156053485989336481,2021-10,0.028923362
1156053485989336481,2021-11,0.028923362
3279078057358159966,2021-10,0.028906813
1156053485989336481,2021-11,0.028892158
1156053485989336481,2021-09,0.02888862
1156053485989336481,2021-09,0.02888862
4588313530969303734,2021-10,0.028875519
1454789421854453615,2021-07,0.02886469
4095739077267179172,2021-11,0.028849222
1156053485989336481,2021-07,0.028841268
1156053485989336481,2021-08,0.028841268
1156053485989336481,2021-08,0.028841268
1156053485989336481,2021-08,0.028837768
1156053485989336481,2021-09,0.028833201
1156053485989336481,2021-08,0.028832253
1156053485989336481,2021-08,0.028832253
670573866376512619,2021-07,0.028821874
1156053485989336481,2021-11,0.028795365
1156053485989336481,2021-09,0.02879344
1156053485989336481,2021-09,0.02879344
1156053485989336481,2021-09,0.028775755
4982042089827666585,2021-09,0.028765803
1156053485989336481,2021-10,0.02876068
1156053485989336481,2021-09,0.0287246
6330043096034525408,2021-10,0.028718542
1156053485989336481,2021-09,0.02871505
1156053485989336481,2021-10,0.028692378
1156053485989336481,2021-10,0.028692378
8343941262792249232,2021-07,0.028664377
1115703227712697214,2021-10,0.028661655
3660744270380078352,2021-10,0.028649483
1156053485989336481,2021-08,0.028648794
314309872114206760,2021-09,0.028644815
5786895437851445408,2021-10,0.028637987
7816319470107777265,2021-07,0.028635114
1156053485989336481,2021-08,0.028624013
6330043096034525408,2021-09,0.02859942
6330043096034525408,2021-09,0.02859942
6330043096034525408,2021-09,0.02859942
1156053485989336481,2021-09,0.028597951
1156053485989336481,2021-10,0.028588442
1156053485989336481,2021-10,0.028588442
1454789421854453615,2021-10,0.028585402
1958660709350677213,2021-07,0.02857444
1156053485989336481,2021-08,0.028574176
1156053485989336481,2021-08,0.028556023
5369576709077493659,2021-07,0.028549295
1156053485989336481,2021-10,0.02852782
1115703227712697214,2021-08,0.028515445
1156053485989336481,2021-08,0.028507272
4095739077267179172,2021-10,0.028500412
670573866376512619,2021-10,0.028488776
3279078057358159966,2021-09,0.028480008
2535803443850893368,2021-07,0.028480008
1156053485989336481,2021-08,0.028452564
6330043096034525408,2021-10,0.02844156
1156053485989336481,2021-08,0.02843955
1156053485989336481,2021-08,0.02843955
1156053485989336481,2021-11,0.02843864
1156053485989336481,2021-08,0.028413313
1156053485989336481,2021-07,0.028406208
1156053485989336481,2021-08,0.028392222
1156053485989336481,2021-08,0.028392222
1156053485989336481,2021-08,0.028392222
1156053485989336481,2021-08,0.028392222
1156053485989336481,2021-10,0.028368376
1156053485989336481,2021-11,0.028356623
1156053485989336481,2021-08,0.028345807
1156053485989336481,2021-08,0.028282136
6817075905797098547,2021-10,0.02826185
1156053485989336481,2021-11,0.028223602
4095739077267179172,2021-10,0.02819861
2371917341091102894,2021-07,0.028193787
1156053485989336481,2021-08,0.02818318
1467843186411742274,2021-11,0.028087484
1156053485989336481,2021-10,0.02808496
6817075905797098547,2021-09,0.028059296
1454789421854453615,2021-07,0.02804838
7141263195360679278,2021-08,0.028038327
340285351737204923,2021-10,0.02800477
187117706370645370,2021-07,0.027996222
7142043104834932013,2021-10,0.027978076
4588313530969303734,2021-11,0.027974132
314309872114206760,2021-09,0.0279498
670573866376512619,2021-07,0.027932635
1156053485989336481,2021-11,0.027920764
1156053485989336481,2021-10,0.027916647
5999145415800242177,2021-10,0.027913768
1156053485989336481,2021-10,0.027907358
1156053485989336481,2021-10,0.027907358
4512887927067894301,2021-09,0.027901875
4512887927067894301,2021-09,0.027896417
7816319470107777265,2021-07,0.027871031
1454789421854453615,2021-08,0.02787095
340285351737204923,2021-07,0.027839763
1088521227159442264,2021-09,0.0278353
3279078057358159966,2021-10,0.027820475
1156053485989336481,2021-08,0.027787969
819552547620904652,2021-09,0.027779927
340285351737204923,2021-10,0.02777041
1044568737046072781,2021-09,0.027768273
1115703227712697214,2021-09,0.027746826
7067471043900250355,2021-08,0.027690182
7141263195360679278,2021-08,0.02767512
7485107528960607346,2021-09,0.027655644
1156053485989336481,2021-10,0.027626377
1156053485989336481,2021-10,0.027623879
1454789421854453615,2021-07,0.027621567
670573866376512619,2021-07,0.027574394
8536031856585966123,2021-07,0.027549267
3279078057358159966,2021-08,0.027521841
7492389223353246125,2021-07,0.027480952
8343941262792249232,2021-08,0.027474366
8343941262792249232,2021-08,0.027470946
8939476669690489534,2021-09,0.02744502
5078307295214858596,2021-10,0.027406432
6817075905797098547,2021-07,0.027394475
1156053485989336481,2021-09,0.027392605
1156053485989336481,2021-07,0.02738585
5078307295214858596,2021-09,0.027370617
3192341047315717823,2021-08,0.027359478
4045739494965095560,2021-07,0.02733788
340285351737204923,2021-07,0.027286254
3536704882799524586,2021-07,0.027244769
3660744270380078352,2021-09,0.027242137
1454789421854453615,2021-11,0.027233852
1044568737046072781,2021-09,0.027217114
340285351737204923,2021-09,0.027216623
3807130563335796378,2021-09,0.027214414
187117706370645370,2021-09,0.02721125
5078307295214858596,2021-10,0.027189847
340285351737204923,2021-08,0.02717644
7492389223353246125,2021-08,0.027167687
8536031856585966123,2021-11,0.027153917
8536031856585966123,2021-11,0.027153917
1115703227712697214,2021-08,0.027147349
7779268298304613772,2021-08,0.02711499
7779268298304613772,2021-08,0.02711499
1778014915038250584,2021-09,0.027109832
3192341047315717823,2021-07,0.027092759
1156053485989336481,2021-10,0.027088864
340285351737204923,2021-09,0.02707423
819552547620904652,2021-08,0.027018514
314309872114206760,2021-07,0.026994443
8536031856585966123,2021-11,0.026989495
2808145376905474927,2021-11,0.026915465
7779268298304613772,2021-10,0.026912928
314309872114206760,2021-09,0.0268929
314309872114206760,2021-09,0.0268929
1454789421854453615,2021-07,0.02687
1156053485989336481,2021-09,0.026861945
1156053485989336481,2021-09,0.026861945
8536031856585966123,2021-10,0.026776046
1044568737046072781,2021-10,0.026761625
3279078057358159966,2021-07,0.026718544
8536031856585966123,2021-10,0.026641574
5786895437851445408,2021-11,0.026632931
340285351737204923,2021-07,0.02659196
7141263195360679278,2021-08,0.026591085
7779268298304613772,2021-07,0.026578898
314309872114206760,2021-08,0.026514925
314309872114206760,2021-09,0.026514925
5786895437851445408,2021-09,0.026504755
314309872114206760,2021-08,0.026504103
7141263195360679278,2021-11,0.026483065
4095739077267179172,2021-10,0.02645797
5166128847048245697,2021-10,0.026398556
3807130563335796378,2021-07,0.026388343
7141263195360679278,2021-10,0.026353896
3536704882799524586,2021-08,0.026347462
3192341047315717823,2021-09,0.02634368
1997130697107291654,2021-08,0.026321823
1958660709350677213,2021-08,0.026291465
1044568737046072781,2021-09,0.026255038
1454789421854453615,2021-09,0.02625385
7141263195360679278,2021-10,0.026252948
7141263195360679278,2021-11,0.02625095
6330043096034525408,2021-10,0.026214795
1958660709350677213,2021-07,0.026170695
4095739077267179172,2021-07,0.02614753
7492389223353246125,2021-09,0.026145296
7141263195360679278,2021-08,0.026135797
7141263195360679278,2021-10,0.026131943
4095739077267179172,2021-07,0.026115017
7141263195360679278,2021-11,0.026109414
5067621068959932809,2021-08,0.026081845
1044568737046072781,2021-09,0.026078071
5067621068959932809,2021-08,0.026032893
5999145415800242177,2021-07,0.026029132
1958660709350677213,2021-10,0.026005656
5786895437851445408,2021-10,0.025996387
5067621068959932809,2021-10,0.025957568
7141263195360679278,2021-10,0.025927553
5078307295214858596,2021-10,0.025924368
7141263195360679278,2021-10,0.025886513
3192341047315717823,2021-11,0.025880624
4095739077267179172,2021-07,0.025879445
274692171162531764,2021-08,0.02586963
187117706370645370,2021-10,0.02586021
5067621068959932809,2021-10,0.02585901
531805620371082364,2021-09,0.025856925
7141263195360679278,2021-09,0.025842559
3536704882799524586,2021-10,0.025836568
5166128847048245697,2021-10,0.025833923
7141263195360679278,2021-09,0.02582192
5786895437851445408,2021-08,0.02581996
1156053485989336481,2021-08,0.025777869
5067621068959932809,2021-08,0.025773374
4095739077267179172,2021-09,0.02576691
340285351737204923,2021-09,0.025755394
187117706370645370,2021-09,0.02575016
5067621068959932809,2021-07,0.025735764
314309872114206760,2021-09,0.025692565
1661240395903230676,2021-07,0.025676655
1156053485989336481,2021-08,0.02567243
1156053485989336481,2021-08,0.02567243
4095739077267179172,2021-07,0.025644088
5067621068959932809,2021-11,0.025643334
5067621068959932809,2021-07,0.025635231
7141263195360679278,2021-07,0.025624907
7779268298304613772,2021-11,0.025585007
1156053485989336481,2021-09,0.02558415
3807130563335796378,2021-10,0.02553659
5067621068959932809,2021-07,0.025521087
7492389223353246125,2021-09,0.025501862
1156053485989336481,2021-08,0.025469491
7141263195360679278,2021-07,0.025464155
274692171162531764,2021-07,0.025456257
5067621068959932809,2021-08,0.025452856
3192341047315717823,2021-11,0.025442077
531805620371082364,2021-08,0.025441332
670573866376512619,2021-07,0.025440328
7141263195360679278,2021-10,0.025418265
1156053485989336481,2021-09,0.02539524
5067621068959932809,2021-10,0.025369897
1156053485989336481,2021-08,0.025365282
5067621068959932809,2021-09,0.025349407
3807130563335796378,2021-08,0.02532719
4095739077267179172,2021-07,0.02532194
1156053485989336481,2021-08,0.02531304
5067621068959932809,2021-07,0.025301836
1661240395903230676,2021-07,0.025289847
1661240395903230676,2021-08,0.025289847
1467843186411742274,2021-10,0.025279904
1156053485989336481,2021-07,0.02524617
5067621068959932809,2021-09,0.025212836
1156053485989336481,2021-09,0.02518193
1088521227159442264,2021-10,0.025179815
1156053485989336481,2021-11,0.025168527
8536031856585966123,2021-07,0.02516062
7141263195360679278,2021-09,0.025130427
1661240395903230676,2021-10,0.02512604
3807130563335796378,2021-08,0.025119841
7492389223353246125,2021-08,0.025114229
1156053485989336481,2021-10,0.025112256
1661240395903230676,2021-07,0.025101332
4956614249204803652,2021-08,0.025087714
340285351737204923,2021-08,0.025047082
5786895437851445408,2021-10,0.025008703
314309872114206760,2021-08,0.024992406
4956614249204803652,2021-08,0.024977678
8248484932270772248,2021-10,0.024975633
7141263195360679278,2021-10,0.024966242
1156053485989336481,2021-09,0.024960514
1156053485989336481,2021-10,0.024952775
6784879562354696650,2021-08,0.02494647
531805620371082364,2021-10,0.024919506
5369576709077493659,2021-10,0.0249108
1156053485989336481,2021-09,0.024861725
1156053485989336481,2021-10,0.024860865
1156053485989336481,2021-10,0.024860865
314309872114206760,2021-08,0.024826216
314309872114206760,2021-09,0.024824847
274692171162531764,2021-08,0.024816854
1156053485989336481,2021-08,0.024805468
314309872114206760,2021-09,0.024774905
1156053485989336481,2021-10,0.024752313
1156053485989336481,2021-10,0.024725977
3258345688897172820,2021-07,0.024725236
531805620371082364,2021-10,0.024721488
1156053485989336481,2021-08,0.024703905
1156053485989336481,2021-09,0.024703795
1156053485989336481,2021-09,0.024703795
1156053485989336481,2021-09,0.024685556
187117706370645370,2021-11,0.024683112
7492389223353246125,2021-09,0.024667677
1778014915038250584,2021-07,0.02464495
1958660709350677213,2021-08,0.024634572
1156053485989336481,2021-09,0.024621
3279078057358159966,2021-08,0.024556737
274692171162531764,2021-10,0.024536198
1958660709350677213,2021-09,0.024462761
4956614249204803652,2021-09,0.02444273
1156053485989336481,2021-08,0.02443076
4956614249204803652,2021-08,0.024395678
4956614249204803652,2021-08,0.024393698
1156053485989336481,2021-09,0.02436993
1156053485989336481,2021-09,0.02436993
1156053485989336481,2021-08,0.024369901
1156053485989336481,2021-10,0.024333257
1661240395903230676,2021-07,0.024306815
7141263195360679278,2021-07,0.02430384
274692171162531764,2021-08,0.024296373
4956614249204803652,2021-09,0.0242783
1156053485989336481,2021-09,0.024270108
7067471043900250355,2021-07,0.02426617
1156053485989336481,2021-10,0.024265544
1156053485989336481,2021-10,0.024265544
1156053485989336481,2021-10,0.024265544
1156053485989336481,2021-10,0.024265544
340285351737204923,2021-07,0.024257356
274692171162531764,2021-09,0.024249632
274692171162531764,2021-09,0.024234172
1156053485989336481,2021-09,0.024229545
5999145415800242177,2021-09,0.02421993
1156053485989336481,2021-09,0.024189763
1156053485989336481,2021-09,0.024189763
4850722092974676955,2021-08,0.024168788
2371917341091102894,2021-07,0.024167666
1156053485989336481,2021-09,0.024133848
1156053485989336481,2021-09,0.024130283
314309872114206760,2021-07,0.024130113
274692171162531764,2021-07,0.024118148
1156053485989336481,2021-10,0.024097523
1156053485989336481,2021-08,0.024064515
1661240395903230676,2021-07,0.024056409
6098833389547425063,2021-10,0.02405075
1156053485989336481,2021-09,0.024050392
1156053485989336481,2021-09,0.024050392
340285351737204923,2021-10,0.024047194
1156053485989336481,2021-10,0.024030449
1156053485989336481,2021-09,0.023994789
274692171162531764,2021-08,0.023962704
314309872114206760,2021-08,0.023942837
1088521227159442264,2021-07,0.023925884
1088521227159442264,2021-07,0.023925884
1661240395903230676,2021-11,0.023922788
2371917341091102894,2021-10,0.02385296
8248484932270772248,2021-08,0.02385192
1156053485989336481,2021-08,0.023849899
5166128847048245697,2021-09,0.023831706
4956614249204803652,2021-09,0.023797516
1156053485989336481,2021-08,0.023752155
6089029916190588614,2021-11,0.023725374
274692171162531764,2021-07,0.023706727
274692171162531764,2021-09,0.023699647
7485107528960607346,2021-11,0.023690354
314309872114206760,2021-09,0.023685778
314309872114206760,2021-09,0.023685778
274692171162531764,2021-09,0.023671793
1661240395903230676,2021-07,0.02361815
340285351737204923,2021-10,0.02354852
4202876623878743806,2021-11,0.023515813
314309872114206760,2021-08,0.023501249
531805620371082364,2021-08,0.023499139
274692171162531764,2021-10,0.023491133
5786895437851445408,2021-10,0.023481723
1958660709350677213,2021-09,0.02341416
187117706370645370,2021-08,0.023407303
274692171162531764,2021-09,0.023370547
1661240395903230676,2021-11,0.023363551
5999145415800242177,2021-10,0.023331922
5883155883105348987,2021-10,0.023324082
314309872114206760,2021-09,0.02328121
1661240395903230676,2021-11,0.023271691
1106971614386004604,2021-09,0.02327147
1661240395903230676,2021-07,0.023246158
1156053485989336481,2021-09,0.02324318
1958660709350677213,2021-09,0.023214558
4956614249204803652,2021-07,0.02317532
274692171162531764,2021-09,0.023175163
1661240395903230676,2021-09,0.0231452
7141263195360679278,2021-09,0.023122985
7141263195360679278,2021-10,0.0231227
6330043096034525408,2021-10,0.023114262
4863405965754103821,2021-08,0.023081264
5067621068959932809,2021-09,0.023073668
5067621068959932809,2021-09,0.023073668
340285351737204923,2021-09,0.023058787
7492389223353246125,2021-07,0.02304319
274692171162531764,2021-10,0.023022871
7067471043900250355,2021-08,0.022999985
2371917341091102894,2021-10,0.022980902
274692171162531764,2021-07,0.02297872
6330043096034525408,2021-10,0.022925904
1156053485989336481,2021-10,0.022848213
4183921942053157552,2021-08,0.02283448
274692171162531764,2021-09,0.02282936
274692171162531764,2021-07,0.022825604
7067471043900250355,2021-07,0.022795333
1661240395903230676,2021-10,0.02278864
5067621068959932809,2021-11,0.022783635
5786895437851445408,2021-09,0.022778315
4183921942053157552,2021-10,0.022766033
1156053485989336481,2021-09,0.02273751
5999145415800242177,2021-10,0.022730805
1156053485989336481,2021-11,0.022720579
1156053485989336481,2021-11,0.022720579
1156053485989336481,2021-10,0.022716392
5067621068959932809,2021-09,0.022687498
5999145415800242177,2021-11,0.022650603
5067621068959932809,2021-09,0.022642635
1088521227159442264,2021-10,0.02263296
1156053485989336481,2021-10,0.02262653
1156053485989336481,2021-09,0.022606311
1156053485989336481,2021-09,0.022606311
5067621068959932809,2021-08,0.022603387
5067621068959932809,2021-08,0.022585206
1156053485989336481,2021-09,0.022569133
5999145415800242177,2021-10,0.02256461
8248484932270772248,2021-08,0.022514483
1156053485989336481,2021-09,0.022513544
274692171162531764,2021-09,0.022510927
1156053485989336481,2021-11,0.022500105
5999145415800242177,2021-09,0.022490632
4956614249204803652,2021-10,0.022490334
274692171162531764,2021-08,0.022480208
1156053485989336481,2021-11,0.022478554
1156053485989336481,2021-11,0.022478554
1156053485989336481,2021-11,0.022478554
8015571584405428572,2021-08,0.022452772
7067471043900250355,2021-08,0.02244471
1156053485989336481,2021-09,0.022438884
5067621068959932809,2021-07,0.022428375
314309872114206760,2021-08,0.022397444
1156053485989336481,2021-10,0.022389796
5067621068959932809,2021-10,0.022367582
5883155883105348987,2021-11,0.022363957
6098833389547425063,2021-07,0.022359898
1156053485989336481,2021-07,0.02234907
5999145415800242177,2021-08,0.022345595
5067621068959932809,2021-09,0.022319157
5067621068959932809,2021-08,0.022314308
4956614249204803652,2021-09,0.022313667
1156053485989336481,2021-11,0.022260375
86110062990790869,2021-07,0.022170842
5999145415800242177,2021-08,0.022161251
274692171162531764,2021-10,0.022114815
4850722092974676955,2021-07,0.022084141
2033394215069562776,2021-11,0.022048498
5067621068959932809,2021-11,0.022035383
5999145415800242177,2021-11,0.021972535
5999145415800242177,2021-08,0.021920495
7067471043900250355,2021-07,0.021903131
1106971614386004604,2021-11,0.021868406
2033394215069562776,2021-10,0.021848751
2128970218770090704,2021-07,0.021819426
4850722092974676955,2021-08,0.021799594
5999145415800242177,2021-11,0.02179666
5999145415800242177,2021-07,0.021771105
7492389223353246125,2021-07,0.021759877
5067621068959932809,2021-07,0.021752255
2371917341091102894,2021-08,0.021663861
7141263195360679278,2021-11,0.021608274
8248484932270772248,2021-07,0.021595946
1106971614386004604,2021-11,0.021576991
274692171162531764,2021-09,0.021568641
6098833389547425063,2021-10,0.02155885
5999145415800242177,2021-08,0.021557013
8919892162361650175,2021-11,0.021540971
2371917341091102894,2021-10,0.021532781
8919892162361650175,2021-10,0.0215259
187117706370645370,2021-07,0.021525646
4850722092974676955,2021-09,0.021509547
8919892162361650175,2021-07,0.021507885
8919892162361650175,2021-10,0.021499563
4071158585850879204,2021-07,0.021449268
8919892162361650175,2021-08,0.021447778
3279078057358159966,2021-09,0.021433491
274692171162531764,2021-07,0.02138938
1553628056929342565,2021-09,0.021385068
5078307295214858596,2021-10,0.021383692
4202876623878743806,2021-10,0.021322418
3279078057358159966,2021-08,0.02129701
187117706370645370,2021-10,0.021285143
1661240395903230676,2021-10,0.021268727
4850722092974676955,2021-10,0.021250704
8919892162361650175,2021-09,0.021241993
7970976988071755401,2021-08,0.021207951
8248484932270772248,2021-11,0.021195885
5999145415800242177,2021-09,0.021193217
1661240395903230676,2021-07,0.021186884
4850722092974676955,2021-07,0.0211751
696014079855281037,2021-09,0.021169754
410843023337872279,2021-11,0.0211618
8919892162361650175,2021-09,0.021152396
1661240395903230676,2021-09,0.021146635
1106971614386004604,2021-07,0.021133063
4863405965754103821,2021-08,0.021132454
1661240395903230676,2021-11,0.021113323
531805620371082364,2021-07,0.021111146
86110062990790869,2021-07,0.021101495
4850722092974676955,2021-09,0.02110119
4850722092974676955,2021-08,0.021050412
531805620371082364,2021-10,0.021035958
1661240395903230676,2021-11,0.02103012
5078307295214858596,2021-10,0.02102719
6964108750473070287,2021-07,0.021023523
7970976988071755401,2021-09,0.021017179
5999145415800242177,2021-07,0.020988742
314309872114206760,2021-08,0.02097075
4850722092974676955,2021-10,0.02096434
8248484932270772248,2021-07,0.020964114
5786895437851445408,2021-07,0.020913502
8248484932270772248,2021-11,0.020911612
5078307295214858596,2021-10,0.020888662
4956614249204803652,2021-08,0.02086377
8919892162361650175,2021-10,0.020854264
5883155883105348987,2021-10,0.020842005
4956614249204803652,2021-07,0.02083479
4183921942053157552,2021-07,0.020818384
8939476669690489534,2021-07,0.02080076
86110062990790869,2021-09,0.020791972
1106971614386004604,2021-08,0.020706948
6964108750473070287,2021-07,0.020698886
864510931144626280,2021-08,0.020675484
2371917341091102894,2021-07,0.020670502
1115703227712697214,2021-11,0.020648684
1958660709350677213,2021-11,0.020646775
314309872114206760,2021-09,0.020633252
314309872114206760,2021-09,0.020633252
1958660709350677213,2021-08,0.020632457
8248484932270772248,2021-10,0.020625034
8828303152301461681,2021-07,0.020615375
8939476669690489534,2021-08,0.02060279
7970976988071755401,2021-10,0.020578664
274692171162531764,2021-07,0.020572327
8919892162361650175,2021-09,0.020564618
5786895437851445408,2021-08,0.020548873
7970976988071755401,2021-08,0.020539382
8919892162361650175,2021-09,0.020510642
7696655736121386405,2021-07,0.020459637
7970976988071755401,2021-08,0.02043284
8828303152301461681,2021-07,0.02043031
274692171162531764,2021-07,0.02042127
7492389223353246125,2021-09,0.020420354
1088521227159442264,2021-08,0.020406652
274692171162531764,2021-08,0.020399824
274692171162531764,2021-08,0.020392982
187117706370645370,2021-10,0.020377519
274692171162531764,2021-09,0.020374238
7970976988071755401,2021-10,0.020343905
1553628056929342565,2021-07,0.020329837
274692171162531764,2021-10,0.02030495
652740132671309295,2021-07,0.020298151
274692171162531764,2021-10,0.020297287
4183921942053157552,2021-10,0.02029193
8919892162361650175,2021-10,0.020286258
1115703227712697214,2021-10,0.0202484
2033394215069562776,2021-11,0.020190926
8828303152301461681,2021-09,0.020175008
86110062990790869,2021-08,0.020157201
5067621068959932809,2021-08,0.02014769
8919892162361650175,2021-10,0.020136459
8828303152301461681,2021-11,0.020127824
1579681122696922043,2021-07,0.020121595
7930644815080409701,2021-10,0.020103589
187117706370645370,2021-09,0.020101734
7492389223353246125,2021-11,0.020076292
4183921942053157552,2021-09,0.02003325
1454789421854453615,2021-08,0.01994668
4972567100282306577,2021-09,0.019933945
1579681122696922043,2021-10,0.019925334
4850722092974676955,2021-07,0.019924445
1115703227712697214,2021-10,0.01991925
7930644815080409701,2021-08,0.019895678
8828303152301461681,2021-09,0.019853916
4972567100282306577,2021-10,0.01984954
5786895437851445408,2021-08,0.019841531
8919892162361650175,2021-11,0.019839255
7707459425750676368,2021-09,0.019821819
8004521604421988528,2021-07,0.019800516
86110062990790869,2021-09,0.019787189
8828303152301461681,2021-08,0.019786537
7696655736121386405,2021-08,0.019744975
3931892303497206092,2021-11,0.01974165
7707459425750676368,2021-07,0.01972174
8828303152301461681,2021-07,0.01968462
8919892162361650175,2021-10,0.019679049
7707459425750676368,2021-07,0.01967594
187117706370645370,2021-09,0.019664116
6964108750473070287,2021-07,0.019644096
8123515208041701633,2021-10,0.019643031
7707459425750676368,2021-08,0.019642148
1454789421854453615,2021-10,0.019543497
274692171162531764,2021-10,0.019530786
6617479989097680138,2021-09,0.019510891
7696655736121386405,2021-07,0.019505624
6617479989097680138,2021-09,0.019491266
187117706370645370,2021-11,0.019489989
1115703227712697214,2021-08,0.01942982
7696655736121386405,2021-11,0.01940532
8828303152301461681,2021-10,0.019403197
274692171162531764,2021-08,0.019400997
7707459425750676368,2021-08,0.019397568
8015571584405428572,2021-10,0.019360293
8828303152301461681,2021-09,0.019339379
7485107528960607346,2021-08,0.01933804
8348574220426911086,2021-10,0.019297497
8939476669690489534,2021-07,0.019277528
4972567100282306577,2021-10,0.019277515
7970976988071755401,2021-10,0.019261997
5067621068959932809,2021-10,0.019251902
5078307295214858596,2021-07,0.019247172
6216982347344525048,2021-08,0.019230872
4972567100282306577,2021-08,0.019218469
3281617395243454427,2021-08,0.01921838
5503073374822479037,2021-07,0.019174546
5067621068959932809,2021-08,0.019169053
5067621068959932809,2021-07,0.01914899
4202876623878743806,2021-10,0.01914891
4972567100282306577,2021-10,0.019087335
3281617395243454427,2021-11,0.019079698
3281617395243454427,2021-07,0.019074533
7067471043900250355,2021-08,0.019074162
8004521604421988528,2021-07,0.019061953
8828303152301461681,2021-07,0.01905836
1088521227159442264,2021-09,0.019045945
7707459425750676368,2021-10,0.019033521
1088521227159442264,2021-09,0.01903248
1088521227159442264,2021-09,0.01903248
6216982347344525048,2021-11,0.01897624
3281617395243454427,2021-10,0.018970076
4972567100282306577,2021-09,0.0189663
4972567100282306577,2021-10,0.018957876
3281617395243454427,2021-11,0.01894436
7707459425750676368,2021-10,0.01892328
4972567100282306577,2021-09,0.018902622
4183921942053157552,2021-08,0.01890064
1002362614649347438,2021-10,0.018898562
8015571584405428572,2021-11,0.018877726
8828303152301461681,2021-09,0.018865285
2201150681962815877,2021-10,0.018847955
7067471043900250355,2021-08,0.018833835
8919892162361650175,2021-10,0.018830594
2201150681962815877,2021-09,0.018805465
1088521227159442264,2021-08,0.01880341
1088521227159442264,2021-09,0.018785946
6098833389547425063,2021-09,0.018768774
2619109825960703851,2021-09,0.018726634
1088521227159442264,2021-10,0.01872595
410843023337872279,2021-10,0.018715154
1454789421854453615,2021-11,0.018708615
5067621068959932809,2021-08,0.018662157
6964108750473070287,2021-07,0.018639544
5067621068959932809,2021-10,0.01862152
1088521227159442264,2021-10,0.018615821
8828303152301461681,2021-09,0.018613333
3281617395243454427,2021-07,0.018608034
5067621068959932809,2021-07,0.01859878
86110062990790869,2021-08,0.01859318
2619109825960703851,2021-11,0.018584523
8123515208041701633,2021-07,0.018578758
8939476669690489534,2021-07,0.01857732
1088521227159442264,2021-10,0.018573077
1088521227159442264,2021-11,0.018538699
5067621068959932809,2021-10,0.018534824
7930644815080409701,2021-07,0.018530596
5067621068959932809,2021-09,0.018509382
86110062990790869,2021-09,0.01849909
1088521227159442264,2021-07,0.018495865
8939476669690489534,2021-07,0.018493962
5078307295214858596,2021-08,0.018486636
2619109825960703851,2021-09,0.018468536
1002362614649347438,2021-09,0.01846535
1036256411320325774,2021-10,0.018458879
6964108750473070287,2021-08,0.018425258
1454789421854453615,2021-09,0.018422615
2619109825960703851,2021-08,0.018384533
1088521227159442264,2021-07,0.018377287
8004521604421988528,2021-07,0.018376905
8004521604421988528,2021-07,0.018372342
4202876623878743806,2021-09,0.018370347
1553628056929342565,2021-08,0.018363947
4972567100282306577,2021-10,0.018363504
86110062990790869,2021-10,0.01834937
1002362614649347438,2021-07,0.018343544
6964108750473070287,2021-08,0.018330289
1579681122696922043,2021-08,0.01832697
4863405965754103821,2021-09,0.018325966
1088521227159442264,2021-09,0.018324161
1002362614649347438,2021-07,0.018314011
1088521227159442264,2021-11,0.018313222
1454789421854453615,2021-10,0.018313142
2619109825960703851,2021-09,0.018301196
6964108750473070287,2021-10,0.018300677
6964108750473070287,2021-09,0.018277654
1088521227159442264,2021-09,0.018275796
4972567100282306577,2021-10,0.018274829
1044568737046072781,2021-10,0.018274255
7930644815080409701,2021-09,0.018262705
6964108750473070287,2021-10,0.018250754
4183921942053157552,2021-07,0.018216131
6964108750473070287,2021-11,0.018212883
6964108750473070287,2021-10,0.018212033
2619109825960703851,2021-10,0.01820501
1002362614649347438,2021-11,0.018199492
3281617395243454427,2021-07,0.018198593
7970976988071755401,2021-08,0.018198118
4183921942053157552,2021-08,0.018187035
1044568737046072781,2021-07,0.018186484
6617479989097680138,2021-07,0.01818498
1044568737046072781,2021-10,0.018184932
4863405965754103821,2021-08,0.01818338
5786895437851445408,2021-09,0.018163769
6964108750473070287,2021-08,0.018162368
6964108750473070287,2021-09,0.01812468
2735662700719640627,2021-09,0.018117905
86110062990790869,2021-10,0.018107435
6617479989097680138,2021-09,0.018105611
2619109825960703851,2021-10,0.018099502
2201150681962815877,2021-09,0.01807314
6964108750473070287,2021-08,0.01807138
4972567100282306577,2021-07,0.01806402
1454789421854453615,2021-09,0.018062184
1088521227159442264,2021-07,0.018055635
5883155883105348987,2021-10,0.018051777
1088521227159442264,2021-11,0.018032726
1553628056929342565,2021-08,0.018022068
5883155883105348987,2021-09,0.0180199
1044568737046072781,2021-11,0.018004647
4863405965754103821,2021-07,0.01799554
7707459425750676368,2021-09,0.017988257
4863405965754103821,2021-09,0.017986584
6964108750473070287,2021-11,0.017955596
6964108750473070287,2021-11,0.017955596
7707459425750676368,2021-07,0.01795025
2735662700719640627,2021-10,0.017945703
2201150681962815877,2021-09,0.017938182
1454789421854453615,2021-07,0.017936645
2735662700719640627,2021-11,0.01793106
6964108750473070287,2021-09,0.017930666
1454789421854453615,2021-08,0.017928457
1088521227159442264,2021-09,0.017927878
6964108750473070287,2021-07,0.017922891
6964108750473070287,2021-07,0.017922891
7707459425750676368,2021-09,0.01791711
2619109825960703851,2021-08,0.017912319
5503073374822479037,2021-08,0.017892886
2735662700719640627,2021-07,0.017884718
5503073374822479037,2021-11,0.017871799
6964108750473070287,2021-08,0.01786073
5369576709077493659,2021-11,0.017838627
2619109825960703851,2021-11,0.0178214
4512887927067894301,2021-11,0.017821023
6964108750473070287,2021-07,0.017817503
3281617395243454427,2021-08,0.017807366
7970976988071755401,2021-07,0.017803939
7970976988071755401,2021-07,0.017803939
2201150681962815877,2021-11,0.017779317
2735662700719640627,2021-08,0.017778883
6964108750473070287,2021-08,0.017768618
4183921942053157552,2021-08,0.017759591
6964108750473070287,2021-07,0.017757911
5883155883105348987,2021-08,0.01775584
6964108750473070287,2021-09,0.017744094
6964108750473070287,2021-09,0.017740145
1579681122696922043,2021-08,0.017728409
7970976988071755401,2021-08,0.017721627
6964108750473070287,2021-09,0.017717576
5166128847048245697,2021-11,0.017700547
511305041047444825,2021-10,0.017694669
6964108750473070287,2021-10,0.017691478
6964108750473070287,2021-07,0.01769012
1036256411320325774,2021-10,0.01768548
3355881107559250653,2021-08,0.017669482
3355881107559250653,2021-07,0.017666893
6964108750473070287,2021-10,0.01765393
6964108750473070287,2021-10,0.01765393
3281617395243454427,2021-10,0.017649729
511305041047444825,2021-07,0.01764067
2201150681962815877,2021-10,0.017639555
5503073374822479037,2021-07,0.017634697
6964108750473070287,2021-09,0.017634217
6964108750473070287,2021-09,0.017634217
6964108750473070287,2021-09,0.017634217
6964108750473070287,2021-08,0.017626446
5166128847048245697,2021-09,0.017621972
5078307295214858596,2021-07,0.017607903
5166128847048245697,2021-09,0.017606376
1553628056929342565,2021-07,0.017604234
2201150681962815877,2021-08,0.01758143
6964108750473070287,2021-10,0.017576752
6964108750473070287,2021-07,0.017569466
6964108750473070287,2021-09,0.01755969
5369576709077493659,2021-11,0.017546056
6964108750473070287,2021-08,0.017535523
6964108750473070287,2021-08,0.017535523
5503073374822479037,2021-08,0.017512864
4183921942053157552,2021-09,0.017507916
1036256411320325774,2021-10,0.017506974
6964108750473070287,2021-07,0.017499167
6964108750473070287,2021-11,0.017492922
6964108750473070287,2021-11,0.017492922
5732713959930509093,2021-10,0.01748975
3281617395243454427,2021-10,0.01748766
511305041047444825,2021-08,0.017477471
6216982347344525048,2021-08,0.017472109
1088521227159442264,2021-07,0.01747039
3355881107559250653,2021-07,0.017462632
5503073374822479037,2021-09,0.01746115
6964108750473070287,2021-10,0.017459385
3355881107559250653,2021-10,0.017459253
2619109825960703851,2021-09,0.01745887
4972567100282306577,2021-09,0.017457495
5166128847048245697,2021-07,0.017456057
4863405965754103821,2021-07,0.017455326
6964108750473070287,2021-09,0.017445762
5166128847048245697,2021-08,0.017443923
3355881107559250653,2021-09,0.017427715
4972567100282306577,2021-10,0.01742725
6964108750473070287,2021-11,0.017423127
3355881107559250653,2021-11,0.017409997
1044568737046072781,2021-09,0.017405845
6964108750473070287,2021-11,0.017405227
6964108750473070287,2021-08,0.017394375
6964108750473070287,2021-09,0.017381039
6964108750473070287,2021-09,0.017381039
6964108750473070287,2021-11,0.017381039
8559143756893267192,2021-10,0.01737915
5078307295214858596,2021-07,0.017366525
3355881107559250653,2021-09,0.017355826
1044568737046072781,2021-10,0.017339636
5503073374822479037,2021-09,0.017335743
511305041047444825,2021-10,0.017327152
511305041047444825,2021-07,0.017322661
7485107528960607346,2021-11,0.017321842
6964108750473070287,2021-10,0.017321128
6964108750473070287,2021-07,0.017321128
5369576709077493659,2021-10,0.017312609
5166128847048245697,2021-11,0.01730912
1088521227159442264,2021-09,0.01730882
3355881107559250653,2021-10,0.017302593
5166128847048245697,2021-10,0.017296797
5503073374822479037,2021-11,0.017292574
5503073374822479037,2021-11,0.017292574
5166128847048245697,2021-10,0.017289171
8828303152301461681,2021-07,0.017288003
1036256411320325774,2021-07,0.017256511
3931892303497206092,2021-08,0.017249323
5503073374822479037,2021-09,0.017240984
8123515208041701633,2021-11,0.017238472
6964108750473070287,2021-08,0.017220886
3355881107559250653,2021-08,0.017218957
8123515208041701633,2021-07,0.017190238
8123515208041701633,2021-11,0.0171753
6964108750473070287,2021-08,0.017165298
6964108750473070287,2021-08,0.017165298
2201150681962815877,2021-08,0.01716188
2768068015169423097,2021-08,0.017158847
8123515208041701633,2021-08,0.017158132
8559143756893267192,2021-08,0.017152183
3355881107559250653,2021-09,0.017150896
6964108750473070287,2021-10,0.017148163
5503073374822479037,2021-08,0.017141517
4972567100282306577,2021-07,0.017128237
4972567100282306577,2021-07,0.017128237
6964108750473070287,2021-11,0.01712407
5503073374822479037,2021-07,0.017119296
8559143756893267192,2021-11,0.017117377
5503073374822479037,2021-09,0.017103689
6964108750473070287,2021-07,0.017103352
6964108750473070287,2021-09,0.017093528
6964108750473070287,2021-10,0.017085982
8828303152301461681,2021-11,0.017058376
4863405965754103821,2021-07,0.017057002
2735662700719640627,2021-07,0.017056042
5369576709077493659,2021-07,0.017052133
8123515208041701633,2021-10,0.017025532
4863405965754103821,2021-08,0.017019643
4863405965754103821,2021-07,0.016997775
7485107528960607346,2021-10,0.016996762
3355881107559250653,2021-08,0.016982142
2768068015169423097,2021-08,0.01697681
4863405965754103821,2021-07,0.016967135
4863405965754103821,2021-08,0.01696362
4863405965754103821,2021-08,0.01696362
6098833389547425063,2021-08,0.016959088
6964108750473070287,2021-08,0.016955828
8511588642284189303,2021-11,0.016954454
6964108750473070287,2021-07,0.016950505
8015571584405428572,2021-07,0.016946787
2535803443850893368,2021-08,0.01693828
6964108750473070287,2021-07,0.016936986
3355881107559250653,2021-08,0.016930874
4863405965754103821,2021-08,0.0169287
6964108750473070287,2021-09,0.01690667
2201150681962815877,2021-07,0.016902009
2768068015169423097,2021-10,0.01689907
8123515208041701633,2021-08,0.016896201
3355881107559250653,2021-08,0.016895466
3355881107559250653,2021-08,0.016895466
3355881107559250653,2021-08,0.016895466
511305041047444825,2021-07,0.016892536
4863405965754103821,2021-10,0.016891863
2535803443850893368,2021-10,0.016890904
3355881107559250653,2021-10,0.016890414
2768068015169423097,2021-10,0.01688849
1036256411320325774,2021-11,0.016870756
4863405965754103821,2021-08,0.016861822
6964108750473070287,2021-08,0.016860882
6964108750473070287,2021-08,0.016860882
6964108750473070287,2021-08,0.016860882
1036256411320325774,2021-11,0.016856013
6964108750473070287,2021-09,0.016847087
3355881107559250653,2021-07,0.016845033
8123515208041701633,2021-07,0.016833846
3355881107559250653,2021-10,0.016833207
5503073374822479037,2021-11,0.016831249
6964108750473070287,2021-10,0.016815798
1036256411320325774,2021-08,0.016815554
8511588642284189303,2021-08,0.01680962
5689766561863956319,2021-09,0.0168059
5078284853636449041,2021-08,0.016805027
2201150681962815877,2021-10,0.016801465
8123515208041701633,2021-08,0.016800331
6964108750473070287,2021-10,0.01679859
6964108750473070287,2021-07,0.016793085
3355881107559250653,2021-10,0.016778085
8123515208041701633,2021-08,0.016770018
6964108750473070287,2021-11,0.016758636
6964108750473070287,2021-11,0.016758636
6964108750473070287,2021-08,0.016757576
511305041047444825,2021-09,0.016755791
6964108750473070287,2021-09,0.01675521
1543875954928694094,2021-08,0.016742615
6964108750473070287,2021-08,0.01673906
3355881107559250653,2021-09,0.016709372
6964108750473070287,2021-07,0.016700968
6964108750473070287,2021-08,0.01669743
8511588642284189303,2021-08,0.016690837
7485107528960607346,2021-07,0.016687175
5689766561863956319,2021-09,0.016684657
7970976988071755401,2021-09,0.016673965
2768068015169423097,2021-07,0.016665079
8015571584405428572,2021-11,0.016654791
7750874287225529604,2021-10,0.016646141
7710364735942975505,2021-10,0.016645001
1036256411320325774,2021-10,0.016644344
4863405965754103821,2021-10,0.016635466
8123515208041701633,2021-07,0.016633078
1036256411320325774,2021-08,0.016623823
1036256411320325774,2021-08,0.016623823
6964108750473070287,2021-10,0.016622085
7485107528960607346,2021-08,0.016600447
1036256411320325774,2021-08,0.016597474
8511588642284189303,2021-10,0.016577514
8889055492416898333,2021-07,0.016577026
1036256411320325774,2021-07,0.016567023
5732713959930509093,2021-08,0.016566075
3355881107559250653,2021-07,0.016561989
4972567100282306577,2021-07,0.016552674
6964108750473070287,2021-08,0.01653752
6964108750473070287,2021-10,0.016520876
3931892303497206092,2021-09,0.016508663
5689766561863956319,2021-08,0.016490124
4863405965754103821,2021-07,0.016484935
6964108750473070287,2021-08,0.01647913
7485107528960607346,2021-11,0.016474633
3355881107559250653,2021-10,0.016471496
2535803443850893368,2021-10,0.016452728
1036256411320325774,2021-08,0.016451478
8123515208041701633,2021-08,0.016448708
2819054834565698513,2021-09,0.016445167
7970976988071755401,2021-09,0.016444443
6964108750473070287,2021-10,0.016428841
2535803443850893368,2021-10,0.01642837
6784879562354696650,2021-10,0.016427346
5689766561863956319,2021-08,0.016427206
6964108750473070287,2021-10,0.016417272
511305041047444825,2021-10,0.016409142
511305041047444825,2021-11,0.016408019
6964108750473070287,2021-10,0.01640708
6964108750473070287,2021-09,0.01640681
5465001651966355821,2021-08,0.016395226
1036256411320325774,2021-09,0.01637648
3355881107559250653,2021-07,0.016354205
2735662700719640627,2021-11,0.016349735
5732713959930509093,2021-11,0.016347157
6964108750473070287,2021-10,0.016345901
2768068015169423097,2021-07,0.016341262
3355881107559250653,2021-07,0.016321937
3355881107559250653,2021-07,0.016321937
6373947691253940364,2021-07,0.016316425
3355881107559250653,2021-10,0.016316278
511305041047444825,2021-10,0.016315391
3355881107559250653,2021-10,0.016314572
1036256411320325774,2021-07,0.016312031
6617479989097680138,2021-11,0.01630553
6964108750473070287,2021-10,0.016299749
6964108750473070287,2021-07,0.016299749
6964108750473070287,2021-07,0.016299749
6964108750473070287,2021-08,0.016259916
6964108750473070287,2021-09,0.016256789
6964108750473070287,2021-10,0.016255874
1036256411320325774,2021-10,0.01625076
2033394215069562776,2021-09,0.016241226
5810778736737569699,2021-10,0.016235573
6098833389547425063,2021-08,0.016234811
4863405965754103821,2021-09,0.016231552
3281617395243454427,2021-11,0.016222859
6964108750473070287,2021-11,0.01621942
4512887927067894301,2021-11,0.016217943
4972567100282306577,2021-11,0.016214285
511305041047444825,2021-09,0.016213205
511305041047444825,2021-09,0.016213205
6964108750473070287,2021-08,0.016209973
8889055492416898333,2021-08,0.016195174
6964108750473070287,2021-10,0.016191542
6964108750473070287,2021-08,0.01618495
6964108750473070287,2021-08,0.01618495
3355881107559250653,2021-11,0.016182544
6098833389547425063,2021-09,0.016177079
2201150681962815877,2021-09,0.016154032
6964108750473070287,2021-09,0.016153827
1543875954928694094,2021-09,0.016144684
7485107528960607346,2021-10,0.016142888
4863405965754103821,2021-07,0.016131062
8559143756893267192,2021-11,0.016126614
3355881107559250653,2021-08,0.016123246
6964108750473070287,2021-11,0.016115548
8559143756893267192,2021-11,0.016112948
2535803443850893368,2021-11,0.01610681
8123515208041701633,2021-11,0.01610011
6964108750473070287,2021-08,0.016094286
5689766561863956319,2021-08,0.016094219
8609938720215175911,2021-10,0.01609159
3281617395243454427,2021-09,0.016091568
1036256411320325774,2021-08,0.016090399
6964108750473070287,2021-10,0.016085606
6964108750473070287,2021-10,0.016081916
6964108750473070287,2021-10,0.016081916
5465001651966355821,2021-09,0.01607797
7485107528960607346,2021-07,0.01607248
7485107528960607346,2021-09,0.016071515
2535803443850893368,2021-08,0.016064638
6964108750473070287,2021-09,0.016062837
4972567100282306577,2021-10,0.016061835
3281617395243454427,2021-09,0.016058234
6964108750473070287,2021-10,0.01605381
2201150681962815877,2021-07,0.016053315
6964108750473070287,2021-11,0.016045567
3355881107559250653,2021-07,0.016034683
3355881107559250653,2021-08,0.016034683
8123515208041701633,2021-10,0.016028915
6964108750473070287,2021-08,0.01602381
3355881107559250653,2021-08,0.016004242
3355881107559250653,2021-08,0.016004242
3355881107559250653,2021-11,0.016004242
1036256411320325774,2021-11,0.016001772
6964108750473070287,2021-07,0.01600084
5166128847048245697,2021-07,0.015993208
7485107528960607346,2021-07,0.015990281
3355881107559250653,2021-08,0.01598383
2535803443850893368,2021-10,0.015979953
5883155883105348987,2021-11,0.01597388
6964108750473070287,2021-08,0.015972292
4972567100282306577,2021-11,0.015970051
6964108750473070287,2021-07,0.015968733
6964108750473070287,2021-07,0.015968733
1036256411320325774,2021-08,0.015965091
1002362614649347438,2021-09,0.015957864
1735718258017802778,2021-10,0.015955236
5465001651966355821,2021-09,0.01594808
2768068015169423097,2021-08,0.015910715
1002362614649347438,2021-10,0.015904123
3355881107559250653,2021-10,0.015897049
6964108750473070287,2021-09,0.0158915
6964108750473070287,2021-09,0.0158915
6964108750473070287,2021-10,0.015890218
6784879562354696650,2021-10,0.015886005
1088521227159442264,2021-10,0.015879543
5689766561863956319,2021-09,0.015871981
6784879562354696650,2021-11,0.015870702
5166128847048245697,2021-07,0.015870618
3355881107559250653,2021-07,0.015842216
6964108750473070287,2021-11,0.01583471
410843023337872279,2021-10,0.015833989
1002362614649347438,2021-08,0.015831655
3355881107559250653,2021-09,0.015826559
6098833389547425063,2021-08,0.015826285
6784879562354696650,2021-11,0.015826054
3355881107559250653,2021-07,0.01581491
3355881107559250653,2021-08,0.015809396
6964108750473070287,2021-09,0.01580876
6964108750473070287,2021-08,0.015791466
345447888460137901,2021-08,0.01579023
3355881107559250653,2021-07,0.015788103
7485107528960607346,2021-10,0.015784383
6964108750473070287,2021-09,0.015777992
6964108750473070287,2021-09,0.015777992
3355881107559250653,2021-11,0.015776569
7970976988071755401,2021-10,0.015771884
1002362614649347438,2021-10,0.015767511
3355881107559250653,2021-11,0.015760496
7485107528960607346,2021-09,0.01576011
3355881107559250653,2021-10,0.015757095
6964108750473070287,2021-10,0.015752554
6964108750473070287,2021-10,0.015752554
3355881107559250653,2021-10,0.015752302
8123515208041701633,2021-11,0.015745739
8123515208041701633,2021-11,0.015745739
3355881107559250653,2021-11,0.015741786
6964108750473070287,2021-09,0.015741475
6964108750473070287,2021-09,0.015741475
4071158585850879204,2021-09,0.015738623
5078307295214858596,2021-07,0.015730066
3355881107559250653,2021-10,0.015726676
662944582644865942,2021-07,0.015719645
5166128847048245697,2021-08,0.015708832
1543875954928694094,2021-10,0.015702212
2209806355660046187,2021-08,0.015697518
1958660709350677213,2021-07,0.015690226
4183921942053157552,2021-10,0.015685285
3355881107559250653,2021-07,0.015673893
7485107528960607346,2021-10,0.015661694
5166128847048245697,2021-11,0.015649488
6964108750473070287,2021-09,0.015636323
6964108750473070287,2021-08,0.015635949
1543875954928694094,2021-10,0.0156352
9184785003280841216,2021-09,0.015627204
2033394215069562776,2021-10,0.015620911
6784879562354696650,2021-10,0.015620499
2033394215069562776,2021-08,0.015617925
6784879562354696650,2021-09,0.015611548
3355881107559250653,2021-08,0.015604816
1891145854263312840,2021-11,0.015584685
4972567100282306577,2021-09,0.015580231
3355881107559250653,2021-10,0.015568571
6964108750473070287,2021-10,0.015554626
6964108750473070287,2021-08,0.015552486
7485107528960607346,2021-07,0.015545523
3355881107559250653,2021-08,0.015544429
7485107528960607346,2021-08,0.015532975
662944582644865942,2021-10,0.015531882
3355881107559250653,2021-10,0.015520512
4045739494965095560,2021-07,0.015515042
5810778736737569699,2021-08,0.015513271
6098833389547425063,2021-08,0.015493091
3355881107559250653,2021-11,0.015481414
410843023337872279,2021-11,0.015470662
3355881107559250653,2021-09,0.0154688675
5883155883105348987,2021-09,0.015466878
5810778736737569699,2021-10,0.015445974
2407532237672094312,2021-09,0.015433475
2819054834565698513,2021-10,0.015432745
4863405965754103821,2021-10,0.015424631
8015571584405428572,2021-08,0.015412021
410843023337872279,2021-07,0.015409547
8889055492416898333,2021-11,0.015400378
2619109825960703851,2021-08,0.015357891
6964108750473070287,2021-08,0.015356542
1036256411320325774,2021-09,0.015352939
9184785003280841216,2021-09,0.015348167
7970976988071755401,2021-09,0.01533788
3355881107559250653,2021-11,0.01533538
3355881107559250653,2021-11,0.01533538
9184785003280841216,2021-08,0.015315894
4972567100282306577,2021-09,0.015314456
1735718258017802778,2021-10,0.015312638
2033394215069562776,2021-07,0.015292123
9184785003280841216,2021-11,0.015286222
5883155883105348987,2021-10,0.015259996
6964108750473070287,2021-09,0.015257889
6964108750473070287,2021-09,0.015257889
6964108750473070287,2021-09,0.015257889
2819054834565698513,2021-10,0.0152550535
2819054834565698513,2021-08,0.015240196
410843023337872279,2021-07,0.015239495
1036256411320325774,2021-09,0.0152357025
9184785003280841216,2021-07,0.015232791
2201150681962815877,2021-07,0.015212305
2819054834565698513,2021-08,0.015193422
2819054834565698513,2021-08,0.015181562
3355881107559250653,2021-07,0.015172218
3355881107559250653,2021-07,0.015172218
8994944800097997361,2021-10,0.015169631
6964108750473070287,2021-07,0.0151546
8511588642284189303,2021-09,0.015150197
9184785003280841216,2021-10,0.015136058
9184785003280841216,2021-07,0.015090656
6784879562354696650,2021-07,0.01508585
3355881107559250653,2021-10,0.015082166
7485107528960607346,2021-07,0.015077669
3355881107559250653,2021-08,0.015065446
4863405965754103821,2021-07,0.015061186
4863405965754103821,2021-08,0.015060464
3355881107559250653,2021-10,0.015056108
9184785003280841216,2021-08,0.015045491
3355881107559250653,2021-10,0.01504147
3355881107559250653,2021-10,0.01504147
9184785003280841216,2021-09,0.0150141055
6784879562354696650,2021-07,0.015011836
9184785003280841216,2021-08,0.015006654
410843023337872279,2021-09,0.0150062535
1002362614649347438,2021-08,0.01499431
3355881107559250653,2021-07,0.014989944
4863405965754103821,2021-08,0.014964086
6784879562354696650,2021-10,0.014960797
2033394215069562776,2021-08,0.014960221
5430917218683822543,2021-08,0.014953624
2819054834565698513,2021-11,0.014947044
9184785003280841216,2021-09,0.0149358995
2407532237672094312,2021-09,0.014926213
3355881107559250653,2021-09,0.014910138
2033394215069562776,2021-10,0.014897481
6964108750473070287,2021-09,0.014895353
2819054834565698513,2021-10,0.01487832
3355881107559250653,2021-09,0.014865171
9184785003280841216,2021-08,0.014863914
9184785003280841216,2021-07,0.014857869
6098833389547425063,2021-11,0.014853515
4863405965754103821,2021-07,0.0148458965
4863405965754103821,2021-07,0.0148458965
4863405965754103821,2021-07,0.0148458965
4769364850030443969,2021-07,0.014841651
3355881107559250653,2021-09,0.014839691
2033394215069562776,2021-07,0.014817394
2033394215069562776,2021-07,0.014803123
2033394215069562776,2021-07,0.014803123
2033394215069562776,2021-07,0.014776492
2033394215069562776,2021-07,0.014776492
1036256411320325774,2021-09,0.014758059
8994944800097997361,2021-09,0.014753192
9184785003280841216,2021-07,0.014745646
4769364850030443969,2021-07,0.014741725
2819054834565698513,2021-11,0.0147250155
1002362614649347438,2021-11,0.014723924
2619109825960703851,2021-10,0.014722663
4769364850030443969,2021-07,0.014711083
2819054834565698513,2021-09,0.01470056
8511588642284189303,2021-09,0.0146948965
6784879562354696650,2021-11,0.014684303
9184785003280841216,2021-07,0.014681144
9184785003280841216,2021-11,0.014672566
9184785003280841216,2021-09,0.0146622425
2819054834565698513,2021-07,0.014661663
3355881107559250653,2021-09,0.014661353
1036256411320325774,2021-09,0.01463791
6784879562354696650,2021-09,0.014628175
9184785003280841216,2021-10,0.014607912
9184785003280841216,2021-08,0.014590289
2768068015169423097,2021-10,0.01458863
4820852183212661131,2021-11,0.01454375
2619109825960703851,2021-11,0.01453224
2619109825960703851,2021-11,0.01453224
2819054834565698513,2021-07,0.014528478
4863405965754103821,2021-09,0.01452574
6964108750473070287,2021-07,0.014515872
1553628056929342565,2021-07,0.014498708
4769364850030443969,2021-08,0.014489655
5430917218683822543,2021-09,0.014461084
8994944800097997361,2021-08,0.0144560095
1553628056929342565,2021-08,0.014440535
3355881107559250653,2021-10,0.014437143
1553628056929342565,2021-07,0.0144261625
2819054834565698513,2021-11,0.014412853
9184785003280841216,2021-08,0.014410034
6547707428090179960,2021-08,0.014408207
410843023337872279,2021-10,0.014383722
4769364850030443969,2021-11,0.014378395
1299146298565441811,2021-10,0.014369141
1036256411320325774,2021-11,0.014361768
4769364850030443969,2021-09,0.014322732
8994944800097997361,2021-07,0.0143226115
4769364850030443969,2021-11,0.014319258
4863405965754103821,2021-09,0.0143178515
8511588642284189303,2021-08,0.014315201
8348574220426911086,2021-09,0.014309766
1543875954928694094,2021-11,0.01429427
8552039412779393821,2021-07,0.014283673
1553628056929342565,2021-08,0.014235128
8511588642284189303,2021-09,0.014205389
1543875954928694094,2021-07,0.014204987
5369576709077493659,2021-10,0.014150764
621182491555347581,2021-08,0.014134489
621182491555347581,2021-10,0.014129931
5430917218683822543,2021-09,0.014113858
6964108750473070287,2021-07,0.014099461
1543875954928694094,2021-08,0.014084436
1553628056929342565,2021-09,0.014078849
5883155883105348987,2021-11,0.014074573
621182491555347581,2021-09,0.014063938
4863405965754103821,2021-08,0.014061902
2819054834565698513,2021-10,0.0140596405
2033394215069562776,2021-11,0.0140414685
3161361581909316305,2021-08,0.014039098
5271591321704178730,2021-10,0.014026538
410843023337872279,2021-07,0.014016122
5465001651966355821,2021-10,0.014015258
5430917218683822543,2021-09,0.014012906
621182491555347581,2021-10,0.014008506
2033394215069562776,2021-11,0.014002303
2201150681962815877,2021-11,0.01399476
5430917218683822543,2021-08,0.0139908595
6964108750473070287,2021-10,0.013982257
9184785003280841216,2021-09,0.013979306
5271591321704178730,2021-09,0.013973438
8552039412779393821,2021-08,0.013970686
5689766561863956319,2021-09,0.013964368
621182491555347581,2021-09,0.013948382
2033394215069562776,2021-07,0.01394045
345447888460137901,2021-07,0.013936531
9184785003280841216,2021-09,0.013925833
1543875954928694094,2021-08,0.013903149
621182491555347581,2021-07,0.013894387
3931892303497206092,2021-08,0.013891093
4769364850030443969,2021-07,0.013889893
8348574220426911086,2021-07,0.01388929
1543875954928694094,2021-07,0.013876119
9184785003280841216,2021-09,0.013875101
6964108750473070287,2021-08,0.013865069
4071158585850879204,2021-11,0.013864841
621182491555347581,2021-10,0.0138418125
410843023337872279,2021-09,0.013830727
8049805689946244047,2021-09,0.013820753
6964108750473070287,2021-10,0.01381996
6964108750473070287,2021-10,0.013798134
6964108750473070287,2021-10,0.013798134
621182491555347581,2021-07,0.013796059
5430917218683822543,2021-09,0.013785448
8348574220426911086,2021-08,0.013782227
1543875954928694094,2021-09,0.013782059
1613152204777372951,2021-11,0.013776422
345447888460137901,2021-09,0.013744661
5271591321704178730,2021-09,0.013740123
2033394215069562776,2021-10,0.013736473
6964108750473070287,2021-07,0.013733322
1543875954928694094,2021-09,0.013733191
8994944800097997361,2021-09,0.01370833
621182491555347581,2021-07,0.013700935
8994944800097997361,2021-08,0.013694772
6964108750473070287,2021-08,0.013682469
1613152204777372951,2021-09,0.013666068
4769364850030443969,2021-08,0.013652379
2819054834565698513,2021-09,0.013650516
4071158585850879204,2021-10,0.013642903
2819054834565698513,2021-09,0.013641666
8348574220426911086,2021-10,0.0136368545
2819054834565698513,2021-07,0.013575839
621182491555347581,2021-11,0.013556837
9184785003280841216,2021-10,0.013554993
621182491555347581,2021-11,0.013552686
6964108750473070287,2021-07,0.013541419
621182491555347581,2021-08,0.013539407
4769364850030443969,2021-10,0.013538299
6964108750473070287,2021-07,0.013521624
6964108750473070287,2021-08,0.013521624
621182491555347581,2021-11,0.013510314
6964108750473070287,2021-09,0.013509679
6964108750473070287,2021-09,0.013509679
621182491555347581,2021-07,0.013494251
9184785003280841216,2021-08,0.013482887
6964108750473070287,2021-10,0.013481155
6964108750473070287,2021-10,0.013481155
6964108750473070287,2021-10,0.013481155
6964108750473070287,2021-08,0.0134740295
4071158585850879204,2021-11,0.013471241
8348574220426911086,2021-09,0.013469663
8994944800097997361,2021-09,0.013467597
5810778736737569699,2021-07,0.013458155
7750874287225529604,2021-10,0.013443942
9184785003280841216,2021-11,0.013443861
8348574220426911086,2021-10,0.013434598
4071158585850879204,2021-09,0.013422584
6964108750473070287,2021-11,0.013416813
621182491555347581,2021-10,0.01341401
4071158585850879204,2021-10,0.013409487
8162017568751362437,2021-07,0.013403357
5883155883105348987,2021-10,0.013401975
4071158585850879204,2021-08,0.013401187
6964108750473070287,2021-07,0.013399788
2033394215069562776,2021-07,0.0133795105
6964108750473070287,2021-09,0.01336899
621182491555347581,2021-08,0.01336533
5810778736737569699,2021-11,0.01336076
621182491555347581,2021-08,0.013356555
5883155883105348987,2021-10,0.013346467
3977861004707764824,2021-08,0.013345638
4071158585850879204,2021-07,0.013327003
8049805689946244047,2021-08,0.013324684
1357573192598249600,2021-08,0.0133083435
5369576709077493659,2021-09,0.013303199
5883155883105348987,2021-08,0.01329863
8049805689946244047,2021-08,0.013297748
5810778736737569699,2021-11,0.013296984
5883155883105348987,2021-11,0.013281178
5883155883105348987,2021-10,0.013281178
4569866309119931805,2021-10,0.013273445
5369576709077493659,2021-09,0.013269367
5810778736737569699,2021-08,0.013268718
7908414709866823255,2021-11,0.013258839
6964108750473070287,2021-09,0.013257877
5271591321704178730,2021-11,0.013251953
5883155883105348987,2021-07,0.013250413
6784879562354696650,2021-09,0.013245232
6964108750473070287,2021-11,0.013240036
2819054834565698513,2021-07,0.013239014
5369576709077493659,2021-07,0.013220295
5369576709077493659,2021-07,0.013220295
2033394215069562776,2021-09,0.013210085
2033394215069562776,2021-09,0.013210085
5369576709077493659,2021-10,0.013200492
5883155883105348987,2021-09,0.013200386
2033394215069562776,2021-11,0.013180207
9184785003280841216,2021-08,0.01316939
5883155883105348987,2021-10,0.013161975
5883155883105348987,2021-09,0.013161975
8552039412779393821,2021-07,0.013161962
696014079855281037,2021-10,0.013160489
5369576709077493659,2021-07,0.01315793
1613152204777372951,2021-07,0.01315023
234898976850399181,2021-08,0.013149569
8348574220426911086,2021-10,0.013129054
621182491555347581,2021-10,0.0131224375
621182491555347581,2021-10,0.0131222475
5810778736737569699,2021-07,0.01311882
5883155883105348987,2021-10,0.013114333
696014079855281037,2021-09,0.013089738
8994944800097997361,2021-09,0.0130818
2033394215069562776,2021-10,0.013081461
4820852183212661131,2021-08,0.013057118
1117184216453911295,2021-08,0.013048635
8049805689946244047,2021-08,0.013040469
3977861004707764824,2021-07,0.013027085
1613152204777372951,2021-08,0.013026576
4820852183212661131,2021-08,0.013022163
6964108750473070287,2021-08,0.012999133
621182491555347581,2021-08,0.01299588
3977861004707764824,2021-08,0.012993616
6964108750473070287,2021-08,0.012991611
6964108750473070287,2021-07,0.012985461
6964108750473070287,2021-09,0.012983927
5369576709077493659,2021-09,0.012981166
8559143756893267192,2021-07,0.012969147
3931892303497206092,2021-07,0.012958635
3931892303497206092,2021-07,0.012958635
8049805689946244047,2021-10,0.012958153
4863405965754103821,2021-07,0.012953183
1613152204777372951,2021-07,0.012948251
8889055492416898333,2021-08,0.012948099
8889055492416898333,2021-08,0.012939643
660382477567765256,2021-09,0.012926513
7722287846688771887,2021-09,0.012920662
660382477567765256,2021-07,0.012917378
9184785003280841216,2021-11,0.012911409
3931892303497206092,2021-07,0.012898725
660382477567765256,2021-08,0.012895593
8889055492416898333,2021-11,0.01289103
1036256411320325774,2021-11,0.012848692
621182491555347581,2021-07,0.01284649
5810778736737569699,2021-11,0.012845988
660382477567765256,2021-09,0.012832765
6964108750473070287,2021-08,0.012827788
5883155883105348987,2021-10,0.012827571
6964108750473070287,2021-08,0.012820364
3931892303497206092,2021-10,0.012802753
8049805689946244047,2021-11,0.012802579
660382477567765256,2021-09,0.0127945775
234898976850399181,2021-11,0.012793186
3977861004707764824,2021-10,0.012767623
5883155883105348987,2021-10,0.012749648
660382477567765256,2021-09,0.012747751
6964108750473070287,2021-09,0.012745446
6964108750473070287,2021-11,0.012741673
6964108750473070287,2021-10,0.0127406055
4071158585850879204,2021-11,0.012740268
660382477567765256,2021-10,0.012735479
9184785003280841216,2021-10,0.012732481
660382477567765256,2021-10,0.012731617
621182491555347581,2021-10,0.0127222715
3931892303497206092,2021-09,0.012703968
8049805689946244047,2021-07,0.012699945
3977861004707764824,2021-10,0.012699867
3931892303497206092,2021-08,0.012696399
3931892303497206092,2021-08,0.012681262
696014079855281037,2021-11,0.01267956
2943087245123311166,2021-09,0.012666011
3931892303497206092,2021-08,0.012660914
5430917218683822543,2021-10,0.012657469
8049805689946244047,2021-09,0.012653495
8162017568751362437,2021-07,0.012651059
5465001651966355821,2021-08,0.012639652
696014079855281037,2021-07,0.012635837
3931892303497206092,2021-10,0.012620005
6964108750473070287,2021-10,0.012605973
8162017568751362437,2021-07,0.012597445
6964108750473070287,2021-11,0.012573677
660382477567765256,2021-11,0.012571766
1998941557906036376,2021-08,0.012557911
234898976850399181,2021-09,0.012555155
7436628409157313756,2021-09,0.012548577
8049805689946244047,2021-09,0.012547112
662944582644865942,2021-10,0.012539988
234898976850399181,2021-10,0.0125351725
7436628409157313756,2021-07,0.012530439
8049805689946244047,2021-08,0.01252926
3156852928909455203,2021-08,0.012514088
7710364735942975505,2021-07,0.012511874
1543875954928694094,2021-10,0.012508009
660382477567765256,2021-07,0.012505294
8889055492416898333,2021-09,0.012505265
3977861004707764824,2021-10,0.012495341
1998941557906036376,2021-11,0.012491829
234898976850399181,2021-07,0.012490505
8552039412779393821,2021-09,0.012483579
5481711897502154955,2021-08,0.012482773
5481711897502154955,2021-08,0.012482773
696014079855281037,2021-09,0.012479835
696014079855281037,2021-11,0.012472657
660382477567765256,2021-07,0.012455928
696014079855281037,2021-10,0.012447227
3931892303497206092,2021-08,0.012439094
3931892303497206092,2021-08,0.012439094
3931892303497206092,2021-09,0.012438426
8049805689946244047,2021-10,0.012423188
696014079855281037,2021-09,0.012404616
696014079855281037,2021-09,0.012404511
8559143756893267192,2021-07,0.012397936
8049805689946244047,2021-09,0.012392558
1299146298565441811,2021-08,0.012388533
4820852183212661131,2021-07,0.012371013
1117184216453911295,2021-07,0.012363151
4071158585850879204,2021-07,0.012357108
3931892303497206092,2021-07,0.012342719
8004521604421988528,2021-07,0.012329444
1613152204777372951,2021-08,0.012328399
621182491555347581,2021-07,0.012327581
6964108750473070287,2021-09,0.012317337
1543875954928694094,2021-09,0.012315099
5481711897502154955,2021-10,0.01230537
696014079855281037,2021-10,0.012297283
7908414709866823255,2021-09,0.012297183
8004521604421988528,2021-07,0.012278322
8013668117699219722,2021-07,0.012278039
6964108750473070287,2021-08,0.012273027
7908414709866823255,2021-08,0.012262337
8049805689946244047,2021-10,0.012245647
621182491555347581,2021-07,0.0122306645
1117184216453911295,2021-08,0.012210283
3977861004707764824,2021-08,0.012186158
3977861004707764824,2021-10,0.0121835
6964108750473070287,2021-08,0.012170084
621182491555347581,2021-09,0.0121680675
6964108750473070287,2021-08,0.012167276
5810778736737569699,2021-08,0.012152773
6964108750473070287,2021-08,0.012146077
234898976850399181,2021-11,0.012138339
1117184216453911295,2021-07,0.012131822
660382477567765256,2021-08,0.012123476
3931892303497206092,2021-08,0.0121064065
234898976850399181,2021-07,0.012094858
8487807876567995441,2021-08,0.01208422
5883155883105348987,2021-09,0.012070754
8049805689946244047,2021-08,0.012058362
6964108750473070287,2021-09,0.012052048
3931892303497206092,2021-09,0.012047252
1117184216453911295,2021-07,0.012026797
8004521604421988528,2021-07,0.012016835
705648002974742140,2021-07,0.01201285
4202876623878743806,2021-07,0.012004935
8049805689946244047,2021-07,0.011983542
4820852183212661131,2021-07,0.011979483
4530631557358349711,2021-08,0.011972763
7908414709866823255,2021-10,0.011969999
1117184216453911295,2021-07,0.011968342
4820852183212661131,2021-08,0.01196045
5810778736737569699,2021-07,0.011947767
4071158585850879204,2021-11,0.011934575
696014079855281037,2021-08,0.011931763
696014079855281037,2021-08,0.011914865
696014079855281037,2021-10,0.011908877
5860276371789140450,2021-09,0.011904523
4071158585850879204,2021-11,0.011891221
5883155883105348987,2021-08,0.011877803
696014079855281037,2021-09,0.011876147
705648002974742140,2021-11,0.011815376
4820852183212661131,2021-09,0.011803011
4071158585850879204,2021-11,0.011802199
5465001651966355821,2021-07,0.0117949275
2805743565496207618,2021-09,0.01178962
4820852183212661131,2021-11,0.011787942
660382477567765256,2021-09,0.011778564
234898976850399181,2021-10,0.011778081
1117184216453911295,2021-11,0.011776872
1117184216453911295,2021-09,0.0117711285
660382477567765256,2021-10,0.011760584
4071158585850879204,2021-09,0.0117598185
1299146298565441811,2021-09,0.011742409
660382477567765256,2021-09,0.0117295785
4530631557358349711,2021-11,0.011726512
1033361676287635885,2021-09,0.0116995135
1033361676287635885,2021-07,0.0116995135
4820852183212661131,2021-07,0.011687759
7908414709866823255,2021-08,0.011677986
2346482557594782345,2021-10,0.011659883
660382477567765256,2021-09,0.011653856
8004521604421988528,2021-08,0.011651479
1117184216453911295,2021-11,0.011647515
1033361676287635885,2021-10,0.011642746
660382477567765256,2021-08,0.011637375
234898976850399181,2021-09,0.011635609
660382477567765256,2021-10,0.011622586
7436628409157313756,2021-08,0.0116144
1033361676287635885,2021-07,0.011613536
1033361676287635885,2021-08,0.011613536
7908414709866823255,2021-07,0.011598001
234898976850399181,2021-07,0.011589532
4530631557358349711,2021-10,0.011572988
1299146298565441811,2021-07,0.011572923
2209806355660046187,2021-08,0.011569982
7436628409157313756,2021-08,0.011569868
7908414709866823255,2021-07,0.011568667
8348574220426911086,2021-09,0.011565751
8348574220426911086,2021-07,0.011565681
4530631557358349711,2021-07,0.0115620885
7908414709866823255,2021-09,0.011559169
4820852183212661131,2021-09,0.011554277
7908414709866823255,2021-10,0.011541214
7908414709866823255,2021-08,0.011529872
7908414709866823255,2021-11,0.011525759
4530631557358349711,2021-07,0.011517755
1117184216453911295,2021-07,0.011515062
7908414709866823255,2021-10,0.0115121305
8348574220426911086,2021-10,0.011508735
4614484019183480654,2021-11,0.01150802
4530631557358349711,2021-09,0.011495826
7908414709866823255,2021-08,0.011492592
8559143756893267192,2021-08,0.011492375
8348574220426911086,2021-09,0.011481503
4530631557358349711,2021-08,0.01147969
4530631557358349711,2021-11,0.01147969
7722287846688771887,2021-11,0.011455927
8348574220426911086,2021-08,0.011425937
696014079855281037,2021-09,0.011425554
7908414709866823255,2021-10,0.011416563
5373371196946859811,2021-09,0.011406558
4530631557358349711,2021-10,0.011406116
8348574220426911086,2021-08,0.011400805
6759864637454708017,2021-08,0.011396738
7908414709866823255,2021-07,0.011394503
7908414709866823255,2021-10,0.01139439
7908414709866823255,2021-10,0.011388177
7908414709866823255,2021-09,0.011386895
7908414709866823255,2021-08,0.0113787325
4569866309119931805,2021-08,0.0113596525
7908414709866823255,2021-08,0.011356257
39547025441582855,2021-09,0.011356155
3977861004707764824,2021-08,0.011355877
7908414709866823255,2021-07,0.011339641
3931892303497206092,2021-10,0.011337402
5373371196946859811,2021-07,0.011334526
1299146298565441811,2021-11,0.011331897
5860276371789140450,2021-09,0.011328601
8173830874846355280,2021-08,0.0113252215
7908414709866823255,2021-11,0.011324176
7908414709866823255,2021-11,0.011318433
8348574220426911086,2021-08,0.011317947
7722287846688771887,2021-08,0.011316576
7750874287225529604,2021-07,0.011306172
7710364735942975505,2021-08,0.011303747
5860276371789140450,2021-07,0.011302319
8889055492416898333,2021-07,0.0112972045
4993499380140734678,2021-10,0.011280402
696014079855281037,2021-10,0.011270308
660382477567765256,2021-11,0.011264289
4569866309119931805,2021-10,0.011250225
2209806355660046187,2021-10,0.011248761
1117184216453911295,2021-11,0.011245234
8013668117699219722,2021-08,0.011241551
8889055492416898333,2021-09,0.011240479
2346482557594782345,2021-08,0.01123542
662944582644865942,2021-08,0.011233512
5860276371789140450,2021-08,0.011233327
7908414709866823255,2021-11,0.011232522
8348574220426911086,2021-07,0.011232231
7908414709866823255,2021-11,0.011228752
8609938720215175911,2021-09,0.011217824
5860276371789140450,2021-11,0.011214546
8348574220426911086,2021-08,0.011201181
8348574220426911086,2021-08,0.011201181
7908414709866823255,2021-08,0.011200653
1357573192598249600,2021-09,0.011199122
7908414709866823255,2021-11,0.0111980345
7908414709866823255,2021-08,0.0111980345
7908414709866823255,2021-10,0.011188017
8348574220426911086,2021-11,0.011187026
8348574220426911086,2021-10,0.011187026
7722287846688771887,2021-11,0.011184268
7908414709866823255,2021-07,0.011175913
2088532321693492263,2021-07,0.011175412
5752688018135006198,2021-11,0.011172525
7710364735942975505,2021-08,0.011169512
6547707428090179960,2021-07,0.0111685
8348574220426911086,2021-08,0.011142059
5883155883105348987,2021-10,0.011140452
2209806355660046187,2021-10,0.011133079
4569866309119931805,2021-11,0.011132765
7722287846688771887,2021-07,0.011131919
7908414709866823255,2021-09,0.011130397
7908414709866823255,2021-07,0.011129442
4724876423989598202,2021-09,0.011121661
5373371196946859811,2021-08,0.011112451
8348574220426911086,2021-11,0.011109083
5373371196946859811,2021-09,0.01109873
4530631557358349711,2021-08,0.011093388
682352428813668634,2021-10,0.011084865
682352428813668634,2021-10,0.011084865
8348574220426911086,2021-07,0.011075773
5373371196946859811,2021-08,0.011075492
1299146298565441811,2021-07,0.011072134
3156852928909455203,2021-08,0.011068418
5860276371789140450,2021-10,0.011067833
1299146298565441811,2021-07,0.011065098
5752688018135006198,2021-08,0.011064764
5465001651966355821,2021-08,0.011061968
1299146298565441811,2021-08,0.011060513
7710364735942975505,2021-10,0.011050925
5860276371789140450,2021-10,0.011049387
705648002974742140,2021-08,0.011048882
7908414709866823255,2021-10,0.011047221
7722287846688771887,2021-10,0.011045735
3156852928909455203,2021-10,0.0110451635
39547025441582855,2021-11,0.011039138
8609938720215175911,2021-08,0.011035854
7908414709866823255,2021-09,0.011020891
5373371196946859811,2021-11,0.011020595
682352428813668634,2021-11,0.011016552
4569866309119931805,2021-10,0.011016526
7436628409157313756,2021-11,0.011014859
1357573192598249600,2021-07,0.011010268
4202876623878743806,2021-10,0.010994706
1357573192598249600,2021-07,0.010994147
1357573192598249600,2021-07,0.0109930225
5373371196946859811,2021-11,0.0109918555
6547707428090179960,2021-07,0.010986854
6547707428090179960,2021-09,0.010985736
5860276371789140450,2021-11,0.010983374
5373371196946859811,2021-08,0.010982105
8609938720215175911,2021-11,0.01098184
4569866309119931805,2021-08,0.010974193
5752688018135006198,2021-08,0.01097306
5373371196946859811,2021-11,0.010969516
5373371196946859811,2021-10,0.0109638525
3977861004707764824,2021-07,0.010951424
1357573192598249600,2021-09,0.010948011
8609938720215175911,2021-11,0.010935822
5860276371789140450,2021-08,0.01093398
7436628409157313756,2021-08,0.010932624
6547707428090179960,2021-07,0.010919401
7908414709866823255,2021-07,0.010915895
3977861004707764824,2021-07,0.01091554
3977861004707764824,2021-09,0.010898739
1357573192598249600,2021-09,0.010891597
1357573192598249600,2021-08,0.010884879
3977861004707764824,2021-07,0.010883473
3977861004707764824,2021-07,0.010883473
3156852928909455203,2021-07,0.010882856
5373371196946859811,2021-11,0.010879937
8609938720215175911,2021-09,0.010869248
5373371196946859811,2021-10,0.010864205
5883155883105348987,2021-11,0.01085945
5373371196946859811,2021-10,0.010856966
5465001651966355821,2021-09,0.010848484
3156852928909455203,2021-10,0.01084478
3977861004707764824,2021-07,0.01084275
662944582644865942,2021-07,0.010841886
3977861004707764824,2021-09,0.0108408015
1357573192598249600,2021-07,0.010838112
1033361676287635885,2021-10,0.010828194
1357573192598249600,2021-08,0.010825325
5373371196946859811,2021-08,0.010824839
2209806355660046187,2021-10,0.010819822
7722287846688771887,2021-11,0.0108191995
4530631557358349711,2021-08,0.010818183
5883155883105348987,2021-10,0.010811092
5883155883105348987,2021-09,0.0108074015
7436628409157313756,2021-09,0.010805011
7710364735942975505,2021-08,0.010803339
3977861004707764824,2021-08,0.010803049
5883155883105348987,2021-10,0.010799553
1033361676287635885,2021-08,0.01079576
5373371196946859811,2021-10,0.0107922265
5883155883105348987,2021-10,0.01078984
4530631557358349711,2021-09,0.010787462
3977861004707764824,2021-07,0.0107850665
3977861004707764824,2021-08,0.010784822
2407532237672094312,2021-09,0.010781312
9156666134024889730,2021-09,0.010774723
1033361676287635885,2021-09,0.010771222
5373371196946859811,2021-10,0.010769525
8173830874846355280,2021-07,0.0107686315
7436628409157313756,2021-09,0.010762964
5481711897502154955,2021-08,0.010758573
3977861004707764824,2021-10,0.010755686
4530631557358349711,2021-09,0.0107553415
5373371196946859811,2021-10,0.010751942
3977861004707764824,2021-10,0.010751222
662944582644865942,2021-11,0.010738891
6547707428090179960,2021-09,0.010729442
3977861004707764824,2021-09,0.010723522
2407532237672094312,2021-07,0.010720668
3977861004707764824,2021-09,0.010715932
1891145854263312840,2021-07,0.010708968
7750874287225529604,2021-09,0.010697638
8173830874846355280,2021-11,0.0106964065
7750874287225529604,2021-07,0.010695831
3977861004707764824,2021-08,0.010689632
7436628409157313756,2021-07,0.010685124
6547707428090179960,2021-09,0.01068508
6547707428090179960,2021-10,0.010684691
6547707428090179960,2021-10,0.010684691
2455576782104041698,2021-08,0.010683824
8173830874846355280,2021-08,0.010681144
8173830874846355280,2021-08,0.010677441
662944582644865942,2021-10,0.010674681
9089528044547831569,2021-07,0.010664769
9156666134024889730,2021-08,0.01065432
3977861004707764824,2021-07,0.010654135
3977861004707764824,2021-10,0.010650752
8173830874846355280,2021-09,0.010641044
6916556752218696485,2021-08,0.010636702
3977861004707764824,2021-07,0.010630291
3977861004707764824,2021-11,0.010630011
7710364735942975505,2021-07,0.010627489
2407532237672094312,2021-08,0.010623037
3156852928909455203,2021-11,0.0106221195
7908414709866823255,2021-09,0.010621949
3977861004707764824,2021-07,0.010617977
7750874287225529604,2021-07,0.010611706
3977861004707764824,2021-11,0.010609019
3156852928909455203,2021-07,0.010603759
6547707428090179960,2021-11,0.010579269
662944582644865942,2021-08,0.010578856
3977861004707764824,2021-09,0.010578332
4465150716052427320,2021-09,0.010576934
3156852928909455203,2021-07,0.010571012
3977861004707764824,2021-07,0.01056814
5481711897502154955,2021-11,0.010561017
5752688018135006198,2021-07,0.010559792
3156852928909455203,2021-08,0.010559717
7750874287225529604,2021-10,0.010556205
7750874287225529604,2021-11,0.010556205
7750874287225529604,2021-09,0.010551137
2407532237672094312,2021-11,0.010550703
5883155883105348987,2021-10,0.010549463
2407532237672094312,2021-10,0.010543144
2407532237672094312,2021-10,0.010539176
5752688018135006198,2021-10,0.010536347
662944582644865942,2021-09,0.010534915
3977861004707764824,2021-11,0.0105288075
8173830874846355280,2021-10,0.0105237765
3156852928909455203,2021-08,0.010522759
662944582644865942,2021-10,0.0105224755
8889055492416898333,2021-08,0.01052186
662944582644865942,2021-11,0.010514327
2209806355660046187,2021-07,0.010508346
4724876423989598202,2021-09,0.010501873
2407532237672094312,2021-10,0.010499352
3977861004707764824,2021-11,0.01049576
2209806355660046187,2021-07,0.010492111
5883155883105348987,2021-10,0.010489106
7750874287225529604,2021-08,0.010486666
3977861004707764824,2021-09,0.010480834
2407532237672094312,2021-08,0.010477408
5752688018135006198,2021-11,0.010465322
9156666134024889730,2021-11,0.010461921
3156852928909455203,2021-10,0.010455294
3977861004707764824,2021-09,0.010453335
4724876423989598202,2021-10,0.010448182
5752688018135006198,2021-11,0.010447822
7750874287225529604,2021-09,0.01044513
4569866309119931805,2021-09,0.010444962
1299146298565441811,2021-11,0.010443164
1357573192598249600,2021-08,0.010442721
662944582644865942,2021-11,0.010439587
3156852928909455203,2021-09,0.010435017
3156852928909455203,2021-10,0.010432743
662944582644865942,2021-09,0.010432064
8609938720215175911,2021-10,0.010428465
5752688018135006198,2021-10,0.010428126
7722287846688771887,2021-11,0.010427741
3977861004707764824,2021-08,0.010426492
3977861004707764824,2021-09,0.010426443
9156666134024889730,2021-07,0.010425567
7750874287225529604,2021-07,0.010423207
7750874287225529604,2021-11,0.010420886
7436628409157313756,2021-08,0.010420452
3977861004707764824,2021-10,0.010416539
2346482557594782345,2021-09,0.01041531
1033361676287635885,2021-08,0.010407636
8173830874846355280,2021-08,0.0104074795
1033361676287635885,2021-10,0.010401985
3977861004707764824,2021-10,0.010396288
6547707428090179960,2021-10,0.010394052
3156852928909455203,2021-07,0.010393301
3156852928909455203,2021-08,0.010392276
2407532237672094312,2021-11,0.010391526
7436628409157313756,2021-07,0.010386266
3156852928909455203,2021-09,0.010383329
662944582644865942,2021-08,0.010380866
2407532237672094312,2021-07,0.010374877
8173830874846355280,2021-09,0.010371054
3156852928909455203,2021-11,0.010356827
8173830874846355280,2021-08,0.010354989
3977861004707764824,2021-11,0.0103534255
1308019675417057675,2021-10,0.010342624
7436628409157313756,2021-08,0.010342209
3977861004707764824,2021-10,0.010335534
9156666134024889730,2021-11,0.0103354035
8173830874846355280,2021-11,0.010331551
8173830874846355280,2021-07,0.010331468
3977861004707764824,2021-11,0.010330341
8173830874846355280,2021-09,0.010327968
7908414709866823255,2021-10,0.010307064
8173830874846355280,2021-07,0.010305882
8173830874846355280,2021-07,0.010305882
8609938720215175911,2021-11,0.010305674
8400764778654490278,2021-09,0.010303339
9156666134024889730,2021-10,0.010303155
8609938720215175911,2021-08,0.010300845
3977861004707764824,2021-11,0.010299737
8609938720215175911,2021-10,0.010294916
3977861004707764824,2021-10,0.0102948
8173830874846355280,2021-11,0.01029357
4724876423989598202,2021-10,0.010291152
662944582644865942,2021-09,0.010290244
4724876423989598202,2021-08,0.010287184
6547707428090179960,2021-11,0.010284597
2407532237672094312,2021-11,0.010283684
2407532237672094312,2021-09,0.010283244
1998941557906036376,2021-10,0.010281054
1033361676287635885,2021-07,0.010275641
8609938720215175911,2021-07,0.010275171
8609938720215175911,2021-11,0.010275171
3977861004707764824,2021-11,0.010270303
3977861004707764824,2021-11,0.010270303
662944582644865942,2021-10,0.010269193
8173830874846355280,2021-07,0.010267182
4465150716052427320,2021-10,0.010263965
8173830874846355280,2021-07,0.010261742
4724876423989598202,2021-10,0.010256911
662944582644865942,2021-09,0.010252864
8173830874846355280,2021-09,0.01024733
3977861004707764824,2021-10,0.010246996
4724876423989598202,2021-10,0.010245991
4724876423989598202,2021-11,0.010244689
8173830874846355280,2021-08,0.010233537
8609938720215175911,2021-08,0.010232479
8609938720215175911,2021-07,0.010232479
1033361676287635885,2021-09,0.010228133
8609938720215175911,2021-08,0.010223607
1033361676287635885,2021-09,0.010221826
3977861004707764824,2021-10,0.010221055
3977861004707764824,2021-11,0.010220292
8609938720215175911,2021-09,0.010216289
8609938720215175911,2021-08,0.010213059
7710364735942975505,2021-10,0.010206717
8552039412779393821,2021-08,0.010200014
8609938720215175911,2021-07,0.0101982765
8173830874846355280,2021-07,0.010197886
5883155883105348987,2021-09,0.010192435
4724876423989598202,2021-08,0.010190857
8173830874846355280,2021-11,0.010187173
8173830874846355280,2021-11,0.010187154
1033361676287635885,2021-07,0.010186779
2407532237672094312,2021-10,0.010183227
8173830874846355280,2021-10,0.010181905
1357573192598249600,2021-08,0.010181593
8173830874846355280,2021-08,0.01017298
5465001651966355821,2021-08,0.010171088
8609938720215175911,2021-10,0.01015954
662944582644865942,2021-11,0.010145829
8609938720215175911,2021-10,0.010141147
8173830874846355280,2021-07,0.010137855
3977861004707764824,2021-10,0.010137477
8173830874846355280,2021-09,0.010113179
7722287846688771887,2021-07,0.010105949
8609938720215175911,2021-08,0.010105629
8609938720215175911,2021-11,0.010102206
2805743565496207618,2021-08,0.010095456
8173830874846355280,2021-10,0.0100954175
1998941557906036376,2021-10,0.010091044
8195468623809753777,2021-09,0.010086311
4724876423989598202,2021-11,0.010082987
662944582644865942,2021-11,0.010080956
662944582644865942,2021-08,0.0100781005
3156852928909455203,2021-10,0.0100773685
2346482557594782345,2021-10,0.010074805
8173830874846355280,2021-07,0.010067346
2407532237672094312,2021-08,0.010066942
4724876423989598202,2021-10,0.010065374
2407532237672094312,2021-11,0.010063792
5481711897502154955,2021-08,0.010059722
8609938720215175911,2021-09,0.01005497
8173830874846355280,2021-10,0.01005364
2407532237672094312,2021-07,0.01004947
8173830874846355280,2021-10,0.010047269
5373371196946859811,2021-09,0.010043869
8173830874846355280,2021-07,0.01003856
5481711897502154955,2021-07,0.010033879
1998941557906036376,2021-08,0.010033708
4724876423989598202,2021-08,0.010030105
7710364735942975505,2021-11,0.010018824
5481711897502154955,2021-11,0.010014308
5373371196946859811,2021-09,0.010002128
2214132103234633622,2021-08,0.009993963
1033361676287635885,2021-07,0.009992473
1357573192598249600,2021-08,0.009985521
8173830874846355280,2021-07,0.009971625
7710364735942975505,2021-08,0.009967229
3977861004707764824,2021-09,0.009957988
5373371196946859811,2021-08,0.009950004
5481711897502154955,2021-11,0.009947068
8609938720215175911,2021-08,0.009940361
2346482557594782345,2021-10,0.009930772
7722287846688771887,2021-11,0.009929648
7710364735942975505,2021-11,0.009925181
4724876423989598202,2021-09,0.009921967
8173830874846355280,2021-08,0.00991829
8173830874846355280,2021-08,0.00991829
8889055492416898333,2021-07,0.009910506
662944582644865942,2021-09,0.009908196
8195468623809753777,2021-08,0.009907148
2346482557594782345,2021-11,0.009904884
5465001651966355821,2021-08,0.009900616
7750874287225529604,2021-08,0.009893261
9156666134024889730,2021-07,0.009891953
8173830874846355280,2021-09,0.0098817265
3977861004707764824,2021-09,0.009875067
8195468623809753777,2021-09,0.009865363
1998941557906036376,2021-07,0.009863994
2346482557594782345,2021-09,0.009863716
1998941557906036376,2021-09,0.009846564
8195468623809753777,2021-07,0.0098442035
5481711897502154955,2021-09,0.009840253
8195468623809753777,2021-11,0.009834372
8195468623809753777,2021-11,0.009834372
8173830874846355280,2021-09,0.009828863
2455576782104041698,2021-07,0.009816707
1998941557906036376,2021-10,0.009812675
1357573192598249600,2021-08,0.009798731
8173830874846355280,2021-10,0.009788289
8173830874846355280,2021-10,0.009788289
5481711897502154955,2021-11,0.009782306
5481711897502154955,2021-08,0.009782306
2209806355660046187,2021-11,0.009780107
8609938720215175911,2021-11,0.0097681405
1998941557906036376,2021-09,0.009760887
7710364735942975505,2021-09,0.009758219
3156852928909455203,2021-11,0.009748488
8173830874846355280,2021-10,0.009738289
3977861004707764824,2021-08,0.00972939
8195468623809753777,2021-07,0.009725679
8609938720215175911,2021-07,0.009715566
8173830874846355280,2021-10,0.00970293
2346482557594782345,2021-10,0.00969792
2346482557594782345,2021-10,0.00969792
7970976988071755401,2021-11,0.009696834
2214132103234633622,2021-11,0.009685161
1998941557906036376,2021-10,0.009684534
8195468623809753777,2021-10,0.009677224
8195468623809753777,2021-08,0.009673944
8173830874846355280,2021-09,0.009672724
9156666134024889730,2021-08,0.009672642
3977861004707764824,2021-11,0.009671417
9156666134024889730,2021-09,0.009670728
7710364735942975505,2021-11,0.009668924
5481711897502154955,2021-07,0.0096538775
662944582644865942,2021-09,0.00965329
9156666134024889730,2021-08,0.009652997
2346482557594782345,2021-09,0.009651148
2346482557594782345,2021-07,0.0096506225
8994944800097997361,2021-08,0.009647724
8994944800097997361,2021-08,0.009647724
8994944800097997361,2021-08,0.009647724
682352428813668634,2021-07,0.009639783
2346482557594782345,2021-10,0.009635627
8173830874846355280,2021-11,0.009635599
9156666134024889730,2021-08,0.009635381
8552039412779393821,2021-09,0.009633993
6547707428090179960,2021-11,0.009630837
8173830874846355280,2021-11,0.009628586
8173830874846355280,2021-11,0.009609366
8173830874846355280,2021-08,0.009609366
8173830874846355280,2021-08,0.009609366
8173830874846355280,2021-09,0.009602666
8173830874846355280,2021-09,0.009601269
8195468623809753777,2021-07,0.009592639
3977861004707764824,2021-09,0.009590239
2943087245123311166,2021-11,0.00958009
8173830874846355280,2021-07,0.00957885
9156666134024889730,2021-07,0.009573527
8195468623809753777,2021-07,0.00957081
8173830874846355280,2021-10,0.00957025
3977861004707764824,2021-08,0.0095602125
1998941557906036376,2021-07,0.0095596025
8173830874846355280,2021-07,0.00955309
2088532321693492263,2021-08,0.009548819
3161361581909316305,2021-10,0.00954738
2455576782104041698,2021-08,0.009547267
2346482557594782345,2021-10,0.009546419
8173830874846355280,2021-11,0.009544468
8173830874846355280,2021-11,0.009544468
8173830874846355280,2021-08,0.009544468
8173830874846355280,2021-08,0.009544468
8173830874846355280,2021-10,0.009539852
8173830874846355280,2021-09,0.0095342845
8173830874846355280,2021-10,0.009529081
2346482557594782345,2021-10,0.009526336
5883155883105348987,2021-11,0.0095208
3977861004707764824,2021-08,0.009515292
8195468623809753777,2021-10,0.009507989
8609938720215175911,2021-10,0.009507795
2346482557594782345,2021-10,0.009499595
8173830874846355280,2021-10,0.009498001
8173830874846355280,2021-08,0.009491732
5883155883105348987,2021-07,0.00948808
8173830874846355280,2021-07,0.009487672
8162017568751362437,2021-07,0.009485278
4993499380140734678,2021-09,0.009484827
8994944800097997361,2021-10,0.009484759
2346482557594782345,2021-09,0.009481077
8173830874846355280,2021-10,0.009480276
8552039412779393821,2021-07,0.009475557
8173830874846355280,2021-08,0.009461532
2214132103234633622,2021-09,0.009456945
8195468623809753777,2021-08,0.00945551
7750874287225529604,2021-08,0.009445311
8505870778358741102,2021-08,0.009442028
8173830874846355280,2021-09,0.009439998
8173830874846355280,2021-10,0.009439998
8173830874846355280,2021-09,0.009435768
8173830874846355280,2021-11,0.009435746
8173830874846355280,2021-07,0.009432355
8173830874846355280,2021-07,0.009432355
3977861004707764824,2021-11,0.009429005
1129657311668961746,2021-09,0.0094288
2214132103234633622,2021-10,0.009421472
2346482557594782345,2021-07,0.009419057
2214132103234633622,2021-08,0.009416916
5255460548789019114,2021-09,0.009415013
8173830874846355280,2021-10,0.009414292
8173830874846355280,2021-08,0.009414292
5481711897502154955,2021-08,0.009411993
1129657311668961746,2021-08,0.009410887
3977861004707764824,2021-10,0.0094049545
8994944800097997361,2021-11,0.009404475
2455576782104041698,2021-08,0.009403502
2455576782104041698,2021-10,0.009388483
8173830874846355280,2021-09,0.009383468
2346482557594782345,2021-09,0.009379888
3977861004707764824,2021-11,0.009375772
7750874287225529604,2021-10,0.009368725
2455576782104041698,2021-07,0.009367804
682352428813668634,2021-11,0.009351605
9156666134024889730,2021-09,0.00935141
8400764778654490278,2021-11,0.009350819
2214132103234633622,2021-10,0.009349749
2455576782104041698,2021-09,0.009345868
1129657311668961746,2021-07,0.009341503
8173830874846355280,2021-07,0.009337426
8173830874846355280,2021-07,0.009331578
3977861004707764824,2021-07,0.00931622
682352428813668634,2021-11,0.00929772
4724876423989598202,2021-08,0.009294856
8548612698724688238,2021-09,0.009287417
3977861004707764824,2021-09,0.009283241
3977861004707764824,2021-09,0.009283241
3977861004707764824,2021-09,0.009282961
682352428813668634,2021-09,0.009281872
682352428813668634,2021-09,0.009281872
3977861004707764824,2021-09,0.009281219
3977861004707764824,2021-10,0.00928075
8487807876567995441,2021-08,0.009260074
8173830874846355280,2021-10,0.009257231
2088532321693492263,2021-08,0.009254551
8173830874846355280,2021-11,0.009250787
8173830874846355280,2021-11,0.009250787
8173830874846355280,2021-11,0.009250787
682352428813668634,2021-09,0.0092432685
2088532321693492263,2021-10,0.009237939
8994944800097997361,2021-10,0.009230758
2408009918678280470,2021-09,0.009202798
8173830874846355280,2021-11,0.00919594
780065359501679358,2021-11,0.009192291
3977861004707764824,2021-09,0.00918676
4993499380140734678,2021-09,0.009183223
5255460548789019114,2021-09,0.009182993
2455576782104041698,2021-07,0.009178373
2455576782104041698,2021-10,0.009176926
682352428813668634,2021-08,0.009172829
682352428813668634,2021-08,0.009172829
8173830874846355280,2021-09,0.009162849
2943087245123311166,2021-11,0.009143042
2088532321693492263,2021-07,0.009141195
8173830874846355280,2021-07,0.00913011
8173830874846355280,2021-07,0.00913011
8173830874846355280,2021-11,0.0091261985
8173830874846355280,2021-10,0.009126068
8609938720215175911,2021-09,0.009123598
682352428813668634,2021-07,0.009119125
8173830874846355280,2021-08,0.0091166515
2088532321693492263,2021-09,0.009114063
2214132103234633622,2021-11,0.009099433
2214132103234633622,2021-11,0.009099433
8173830874846355280,2021-07,0.009086892
2214132103234633622,2021-09,0.009077455
5255460548789019114,2021-11,0.009075066
8173830874846355280,2021-10,0.009062926
1033361676287635885,2021-07,0.009054109
682352428813668634,2021-10,0.009034177
8400764778654490278,2021-08,0.00903328
6213213514675778388,2021-08,0.009022969
4993499380140734678,2021-09,0.00902279
2346482557594782345,2021-09,0.009003893
2346482557594782345,2021-08,0.009003893
2214132103234633622,2021-08,0.008999167
8173830874846355280,2021-09,0.008996131
682352428813668634,2021-11,0.008994435
2088532321693492263,2021-11,0.008993007
8400764778654490278,2021-07,0.00899064
2346482557594782345,2021-09,0.008986597
8195468623809753777,2021-09,0.008986206
8173830874846355280,2021-08,0.008967392
1998941557906036376,2021-11,0.008967227
6213213514675778388,2021-08,0.008961068
324916756972236008,2021-08,0.00896067
8609938720215175911,2021-07,0.008958921
2346482557594782345,2021-09,0.00894921
4993499380140734678,2021-07,0.008947531
3161361581909316305,2021-07,0.00894743
682352428813668634,2021-07,0.008930587
8994944800097997361,2021-09,0.008925148
682352428813668634,2021-08,0.008923331
682352428813668634,2021-08,0.008923331
8173830874846355280,2021-11,0.008912904
682352428813668634,2021-08,0.0089020645
2346482557594782345,2021-11,0.008890418
8994944800097997361,2021-09,0.0088880155
5465001651966355821,2021-10,0.008859908
8173830874846355280,2021-10,0.008858848
2466177460692220853,2021-08,0.008857479
2346482557594782345,2021-11,0.008853429
3195023578711095555,2021-10,0.008853015
2943087245123311166,2021-09,0.008852283
5481711897502154955,2021-10,0.008840484
5255460548789019114,2021-08,0.008835813
4993499380140734678,2021-09,0.008831242
2214132103234633622,2021-10,0.008823281
1129657311668961746,2021-10,0.008802934
4993499380140734678,2021-11,0.008797889
2214132103234633622,2021-07,0.008796246
2088532321693492263,2021-08,0.00879376
5481711897502154955,2021-09,0.008791495
682352428813668634,2021-07,0.008787171
6759864637454708017,2021-08,0.0087826075
2455576782104041698,2021-09,0.008772145
8173830874846355280,2021-11,0.008770644
682352428813668634,2021-07,0.008766213
682352428813668634,2021-07,0.008766213
5465001651966355821,2021-10,0.008759466
4724876423989598202,2021-10,0.008750412
5481711897502154955,2021-09,0.008748063
6759864637454708017,2021-08,0.008746579
4993499380140734678,2021-09,0.00874521
8173830874846355280,2021-08,0.008744215
8173830874846355280,2021-08,0.008744215
6759864637454708017,2021-09,0.008739926
682352428813668634,2021-07,0.008729736
5108407319813072955,2021-08,0.008729307
8173830874846355280,2021-09,0.008726971
682352428813668634,2021-10,0.00872554
8173830874846355280,2021-08,0.008720601
6759864637454708017,2021-11,0.008711075
682352428813668634,2021-10,0.008708264
1129657311668961746,2021-09,0.008707247
8994944800097997361,2021-11,0.0086895665
2214132103234633622,2021-09,0.008683215
5465001651966355821,2021-10,0.0086804945
2645324649046215594,2021-09,0.008678857
6759864637454708017,2021-09,0.008662626
6754039979151386401,2021-10,0.00866071
8173830874846355280,2021-10,0.008658098
8173830874846355280,2021-10,0.008658098
2214132103234633622,2021-11,0.00865773
2214132103234633622,2021-10,0.008654711
5481711897502154955,2021-09,0.008643038
2645324649046215594,2021-10,0.00863287
2214132103234633622,2021-09,0.008631556
2214132103234633622,2021-08,0.008629981
8548612698724688238,2021-07,0.008625605
8994944800097997361,2021-09,0.008623049
8994944800097997361,2021-07,0.008622662
8173830874846355280,2021-11,0.008618839
2346482557594782345,2021-09,0.0086108735
39547025441582855,2021-09,0.008610442
8173830874846355280,2021-09,0.008608888
6759864637454708017,2021-10,0.008597898
2214132103234633622,2021-09,0.00858985
8287608084245946173,2021-07,0.008581874
2214132103234633622,2021-10,0.008581399
39547025441582855,2021-08,0.00857693
6759864637454708017,2021-08,0.0085756
2346482557594782345,2021-09,0.008575037
2943087245123311166,2021-07,0.008569769
2943087245123311166,2021-08,0.008562802
6759864637454708017,2021-11,0.008556838
6759864637454708017,2021-10,0.008548318
6759864637454708017,2021-07,0.0085455505
8173830874846355280,2021-07,0.008531805
2346482557594782345,2021-10,0.008531003
2214132103234633622,2021-10,0.008526604
8173830874846355280,2021-08,0.008523601
5522764880180045081,2021-07,0.008522017
6759864637454708017,2021-10,0.00852022
6759864637454708017,2021-08,0.008514644
682352428813668634,2021-11,0.008508664
682352428813668634,2021-11,0.008508664
682352428813668634,2021-09,0.008508664
2214132103234633622,2021-07,0.008500366
6759864637454708017,2021-10,0.008497913
4935929591787890253,2021-09,0.008497335
5606267905834401873,2021-09,0.008490854
5481711897502154955,2021-09,0.008490119
39547025441582855,2021-10,0.008487249
682352428813668634,2021-09,0.008486913
682352428813668634,2021-09,0.008486913
682352428813668634,2021-09,0.008486913
39547025441582855,2021-08,0.00848546
682352428813668634,2021-09,0.008485055
8548612698724688238,2021-07,0.008482709
6759864637454708017,2021-10,0.008480398
6759864637454708017,2021-09,0.00847609
682352428813668634,2021-11,0.008463363
8548612698724688238,2021-09,0.00845259
8173830874846355280,2021-10,0.008451004
4935929591787890253,2021-10,0.008448147
8173830874846355280,2021-11,0.00844754
4935929591787890253,2021-11,0.008439608
8173830874846355280,2021-07,0.00843729
8173830874846355280,2021-07,0.00843729
5481711897502154955,2021-09,0.008424819
8173830874846355280,2021-09,0.00842341
682352428813668634,2021-08,0.008423167
682352428813668634,2021-08,0.008423167
682352428813668634,2021-09,0.008411009
5481711897502154955,2021-09,0.008408321
7818340804682162328,2021-07,0.008400922
8548612698724688238,2021-10,0.008399865
5880041582322293710,2021-07,0.008391441
682352428813668634,2021-11,0.008377509
5465001651966355821,2021-08,0.008376139
682352428813668634,2021-07,0.008362842
5108407319813072955,2021-10,0.00835964
2466177460692220853,2021-07,0.008356391
2214132103234633622,2021-10,0.008352989
682352428813668634,2021-10,0.008343196
2805743565496207618,2021-10,0.00833851
8173830874846355280,2021-08,0.008335143
6759864637454708017,2021-10,0.008334663
2214132103234633622,2021-08,0.0083338395
6759864637454708017,2021-07,0.008320762
682352428813668634,2021-08,0.008312543
2214132103234633622,2021-08,0.008305557
682352428813668634,2021-11,0.008297921
2530707686830644666,2021-07,0.008288282
8173830874846355280,2021-09,0.008285985
682352428813668634,2021-09,0.008271887
7664272163315705419,2021-07,0.008269575
8548612698724688238,2021-10,0.008269294
682352428813668634,2021-07,0.008261993
5108407319813072955,2021-07,0.00826138
6759864637454708017,2021-10,0.008260633
2214132103234633622,2021-10,0.008255572
2645324649046215594,2021-08,0.008251676
682352428813668634,2021-10,0.0082443515
682352428813668634,2021-10,0.0082443515
1088268935649917461,2021-08,0.008236955
4935929591787890253,2021-11,0.008222746
6759864637454708017,2021-09,0.008211927
2530707686830644666,2021-07,0.008208048
6759864637454708017,2021-08,0.008201745
4935929591787890253,2021-07,0.008198492
1129657311668961746,2021-11,0.008193632
2530707686830644666,2021-08,0.00819202
8889055492416898333,2021-08,0.008182727
2530707686830644666,2021-07,0.008168968
4935929591787890253,2021-08,0.008168463
8487807876567995441,2021-09,0.00816006
8400764778654490278,2021-10,0.008154351
4935929591787890253,2021-07,0.008150132
1192891347324061812,2021-07,0.008148356
6759864637454708017,2021-07,0.008145528
39547025441582855,2021-09,0.008144176
8487807876567995441,2021-09,0.008143837
8487807876567995441,2021-08,0.008139016
4935929591787890253,2021-08,0.008138724
4935929591787890253,2021-09,0.008138123
3690886209682028027,2021-11,0.008131732
1088268935649917461,2021-08,0.008128802
4414438591613884911,2021-09,0.008126204
460993244124061972,2021-11,0.00810732
3161361581909316305,2021-10,0.008095311
2214132103234633622,2021-07,0.0080949515
2466177460692220853,2021-08,0.008087053
7085295800541340563,2021-10,0.008081715
2214132103234633622,2021-09,0.008074784
5029701292539093910,2021-08,0.008074364
2943087245123311166,2021-08,0.008070595
39547025441582855,2021-10,0.008070542
2214132103234633622,2021-07,0.008063906
1308019675417057675,2021-07,0.008063803
8505870778358741102,2021-09,0.008055523
8895896724713458749,2021-07,0.008053241
2214132103234633622,2021-07,0.008047663
2214132103234633622,2021-07,0.008047663
4661684997487171886,2021-11,0.008033093
2214132103234633622,2021-09,0.00800791
8013668117699219722,2021-11,0.008005823
2943087245123311166,2021-10,0.008005152
8895896724713458749,2021-08,0.008003006
8895896724713458749,2021-07,0.007996039
4661684997487171886,2021-08,0.007993339
4661684997487171886,2021-11,0.007993339
7818340804682162328,2021-08,0.00798453
7818340804682162328,2021-07,0.007982102
2214132103234633622,2021-10,0.0079702325
2530707686830644666,2021-08,0.007963226
2645324649046215594,2021-07,0.007960101
6759864637454708017,2021-07,0.007956106
2645324649046215594,2021-07,0.007951193
8895896724713458749,2021-08,0.007948869
1069093308328204542,2021-08,0.0079386365
6754039979151386401,2021-08,0.007933812
4724876423989598202,2021-08,0.007926969
8874257794774679816,2021-10,0.00792536
2645324649046215594,2021-09,0.007907007
2943087245123311166,2021-08,0.007881012
2645324649046215594,2021-09,0.007874989
5761480994209806499,2021-10,0.007871145
1308019675417057675,2021-11,0.007866775
8505870778358741102,2021-07,0.007865997
8874257794774679816,2021-09,0.007861845
8505870778358741102,2021-10,0.007857286
2214132103234633622,2021-07,0.00785687
39547025441582855,2021-08,0.007830987
2805743565496207618,2021-09,0.007807197
6754039979151386401,2021-10,0.0077963592
2530707686830644666,2021-07,0.0077928375
8505870778358741102,2021-08,0.0077891066
1334091158016312155,2021-10,0.0077859936
1308019675417057675,2021-08,0.007782676
8505870778358741102,2021-07,0.0077778823
8874257794774679816,2021-09,0.007775414
8874257794774679816,2021-10,0.007775414
2645324649046215594,2021-08,0.0077693127
2214132103234633622,2021-09,0.0077650244
8874257794774679816,2021-11,0.0077609103
2943087245123311166,2021-07,0.0077608996
8505870778358741102,2021-10,0.0077565676
5880041582322293710,2021-08,0.0077526644
8889055492416898333,2021-11,0.0077481573
1308019675417057675,2021-09,0.007742312
8505870778358741102,2021-09,0.007734034
5108407319813072955,2021-08,0.007729947
1088268935649917461,2021-07,0.007725008
1308019675417057675,2021-10,0.007724332
2943087245123311166,2021-09,0.0077168904
8874257794774679816,2021-10,0.0077151125
8505870778358741102,2021-10,0.0077121747
460993244124061972,2021-11,0.0077120247
2943087245123311166,2021-07,0.007711113
107343823625119033,2021-08,0.0077109486
2645324649046215594,2021-11,0.0077109053
8874257794774679816,2021-10,0.0077100107
2645324649046215594,2021-08,0.0077088145
4724876423989598202,2021-07,0.0076991986
8889055492416898333,2021-11,0.0076965354
1308019675417057675,2021-10,0.007691271
1308019675417057675,2021-08,0.0076864543
5108407319813072955,2021-10,0.0076730093
2645324649046215594,2021-10,0.0076677715
2645324649046215594,2021-10,0.007660349
2943087245123311166,2021-10,0.0076596094
2645324649046215594,2021-08,0.0076595405
2530707686830644666,2021-09,0.007657047
8505870778358741102,2021-09,0.007656533
4935929591787890253,2021-10,0.0076542
5432443358006556295,2021-10,0.0076506585
3690886209682028027,2021-10,0.007650568
3690886209682028027,2021-07,0.007631098
2645324649046215594,2021-11,0.007623912
5108407319813072955,2021-09,0.0076221223
8895896724713458749,2021-08,0.007613619
6916556752218696485,2021-09,0.0076090447
2943087245123311166,2021-08,0.007608576
8889055492416898333,2021-10,0.0076023038
8505870778358741102,2021-10,0.0076020733
2645324649046215594,2021-08,0.0076005016
4935929591787890253,2021-08,0.0075958236
8889055492416898333,2021-07,0.0075929416
8505870778358741102,2021-11,0.007564376
5880041582322293710,2021-09,0.0075630154
7041489327620930099,2021-07,0.0075560426
4661684997487171886,2021-10,0.007554077
2645324649046215594,2021-11,0.007552969
2943087245123311166,2021-11,0.0075512673
2943087245123311166,2021-09,0.0075422423
7818340804682162328,2021-09,0.0075416323
2943087245123311166,2021-11,0.0075412504
2943087245123311166,2021-08,0.0075390306
8013668117699219722,2021-11,0.0075366334
8895896724713458749,2021-09,0.0075343223
8505870778358741102,2021-07,0.007525154
2214132103234633622,2021-10,0.0075166333
2451708306555441014,2021-07,0.0075115054
2530707686830644666,2021-11,0.007506175
3161361581909316305,2021-11,0.007487087
6217788509719675691,2021-07,0.007472591
5880041582322293710,2021-08,0.007470972
5855956854975734380,2021-08,0.007467988
1308019675417057675,2021-11,0.007467443
8874257794774679816,2021-11,0.007465663
6916556752218696485,2021-10,0.007463698
2645324649046215594,2021-10,0.007460319
1308019675417057675,2021-10,0.0074585606
3161361581909316305,2021-07,0.0074360655
8889055492416898333,2021-09,0.007433092
2943087245123311166,2021-07,0.0074261404
8505870778358741102,2021-11,0.007421731
6916556752218696485,2021-10,0.007421573
8013668117699219722,2021-09,0.007420885
5880041582322293710,2021-10,0.0074193496
4465150716052427320,2021-09,0.0074192164
8874257794774679816,2021-11,0.0074142423
8874257794774679816,2021-10,0.0074142423
4661684997487171886,2021-09,0.0074115824
1069093308328204542,2021-10,0.0074094785
5880041582322293710,2021-09,0.0074039954
2645324649046215594,2021-07,0.0074034627
2763141362035716801,2021-09,0.00740169
3285246914299291124,2021-08,0.0074005933
2763141362035716801,2021-10,0.007399034
5108407319813072955,2021-08,0.0073894034
6759864637454708017,2021-07,0.007388172
4935929591787890253,2021-09,0.0073866933
2530707686830644666,2021-07,0.0073845154
4795152981525833467,2021-07,0.007380176
8874257794774679816,2021-10,0.0073704747
8505870778358741102,2021-10,0.0073682037
1088268935649917461,2021-10,0.0073642153
7664272163315705419,2021-09,0.0073629674
5432443358006556295,2021-08,0.007356192
6927178425683104769,2021-10,0.007353943
5880041582322293710,2021-10,0.00735022
2645324649046215594,2021-11,0.0073474823
2451708306555441014,2021-07,0.0073453123
8874257794774679816,2021-09,0.0073372326
5864443060004179363,2021-08,0.0073367883
1088268935649917461,2021-08,0.0073312097
5726178124659661019,2021-07,0.0073275114
2645324649046215594,2021-07,0.007322189
2645324649046215594,2021-07,0.007322189
5880041582322293710,2021-10,0.007317765
2645324649046215594,2021-09,0.007315451
4935929591787890253,2021-08,0.007310463
7818340804682162328,2021-09,0.0073086843
4465150716052427320,2021-10,0.007308405
1088268935649917461,2021-07,0.0073046
8889055492416898333,2021-10,0.007291991
8505870778358741102,2021-11,0.0072836457
4795152981525833467,2021-10,0.007280188
2943087245123311166,2021-09,0.0072795744
5880041582322293710,2021-09,0.007273732
5880041582322293710,2021-08,0.0072712884
5880041582322293710,2021-08,0.00725664
4661684997487171886,2021-08,0.00725664
5880041582322293710,2021-09,0.007252313
1308019675417057675,2021-07,0.007250549
8013668117699219722,2021-10,0.007249365
6759864637454708017,2021-10,0.0072469763
8895896724713458749,2021-09,0.0072409892
5880041582322293710,2021-10,0.007237929
8505870778358741102,2021-10,0.007223908
2645324649046215594,2021-10,0.0072212517
5880041582322293710,2021-08,0.007217109
5880041582322293710,2021-08,0.0072147385
2943087245123311166,2021-07,0.007209634
4724876423989598202,2021-08,0.007208945
2598475569074240783,2021-10,0.0072071296
3285246914299291124,2021-08,0.0071988604
6759864637454708017,2021-07,0.007195249
4661684997487171886,2021-08,0.007184558
4414438591613884911,2021-09,0.007181151
5108407319813072955,2021-11,0.0071797124
4661684997487171886,2021-11,0.0071791178
8889055492416898333,2021-09,0.0071788193
5432443358006556295,2021-09,0.007173295
5880041582322293710,2021-10,0.0071690883
1308019675417057675,2021-07,0.0071688746
5880041582322293710,2021-09,0.007165685
2451708306555441014,2021-09,0.0071606184
7818340804682162328,2021-10,0.007159225
7818340804682162328,2021-10,0.007159225
4465150716052427320,2021-07,0.007153053
8400764778654490278,2021-07,0.007152057
4724876423989598202,2021-07,0.007148598
2763141362035716801,2021-07,0.007143966
5606267905834401873,2021-11,0.0071428735
2451708306555441014,2021-07,0.007142353
5855956854975734380,2021-08,0.0071405303
8895896724713458749,2021-08,0.0071365186
324916756972236008,2021-10,0.007124285
5606267905834401873,2021-09,0.0071235294
6927178425683104769,2021-10,0.0071163736
4334472256949955221,2021-08,0.007107477
864510931144626280,2021-09,0.0071034105
2451708306555441014,2021-09,0.007100179
5855956854975734380,2021-10,0.0070988615
5108407319813072955,2021-10,0.0070919883
1308019675417057675,2021-08,0.00708752
5880041582322293710,2021-10,0.007086732
5880041582322293710,2021-09,0.007083481
8895896724713458749,2021-07,0.0070778127
5880041582322293710,2021-10,0.0070777987
5108407319813072955,2021-10,0.0070766225
2645324649046215594,2021-08,0.00707262
5108407319813072955,2021-11,0.0070676287
5108407319813072955,2021-07,0.0070517217
5880041582322293710,2021-10,0.0070482967
2645324649046215594,2021-07,0.0070468825
1308019675417057675,2021-10,0.007040409
1308019675417057675,2021-10,0.007040409
5108407319813072955,2021-09,0.0070402017
5855956854975734380,2021-07,0.0070350645
2530707686830644666,2021-10,0.007033788
2645324649046215594,2021-07,0.0070301327
8889055492416898333,2021-08,0.007027477
4052557282157719526,2021-07,0.0070260656
8895896724713458749,2021-08,0.007025833
3543162424793477785,2021-11,0.007024177
8889055492416898333,2021-10,0.0070230262
5606267905834401873,2021-08,0.007013469
4465150716052427320,2021-07,0.00701154
5864443060004179363,2021-09,0.0070104944
8895896724713458749,2021-08,0.0070103277
5880041582322293710,2021-08,0.007005013
5880041582322293710,2021-07,0.007002698
8874257794774679816,2021-11,0.0069972756
7818340804682162328,2021-08,0.006996295
3285246914299291124,2021-10,0.0069943233
3022528659032597047,2021-09,0.0069940095
8400764778654490278,2021-07,0.006992178
5108407319813072955,2021-10,0.00699193
2451708306555441014,2021-10,0.0069917478
7818340804682162328,2021-09,0.006986224
5880041582322293710,2021-08,0.006984187
5880041582322293710,2021-08,0.006984187
5880041582322293710,2021-07,0.006984187
8889055492416898333,2021-11,0.006981416
8895896724713458749,2021-08,0.0069802226
107343823625119033,2021-08,0.0069712587
8889055492416898333,2021-10,0.0069702715
4661684997487171886,2021-08,0.0069657937
5432443358006556295,2021-11,0.0069624274
7664272163315705419,2021-11,0.00695499
4661684997487171886,2021-09,0.006954865
4661684997487171886,2021-10,0.006949502
5606267905834401873,2021-08,0.006945525
5432443358006556295,2021-10,0.006943601
7930925883736021864,2021-07,0.006940462
6916556752218696485,2021-09,0.0069352086
4935929591787890253,2021-10,0.0069294637
5880041582322293710,2021-09,0.0069281547
4661684997487171886,2021-09,0.006925872
2763141362035716801,2021-07,0.006922298
8895896724713458749,2021-09,0.006921908
8505870778358741102,2021-07,0.006920571
5880041582322293710,2021-08,0.0069199116
5880041582322293710,2021-08,0.0069199116
5880041582322293710,2021-07,0.006917743
6916556752218696485,2021-09,0.0069140852
6916556752218696485,2021-08,0.006910969
5108407319813072955,2021-09,0.0069074384
2763141362035716801,2021-07,0.0069058747
1129657311668961746,2021-07,0.0069023445
5880041582322293710,2021-09,0.006899272
2451708306555441014,2021-09,0.006898596
2645324649046215594,2021-11,0.006895516
2451708306555441014,2021-10,0.006887785
2451708306555441014,2021-08,0.006887785
1308019675417057675,2021-09,0.0068873838
4724876423989598202,2021-09,0.006886281
2451708306555441014,2021-07,0.0068848855
6916556752218696485,2021-07,0.0068842825
4661684997487171886,2021-11,0.006884048
1308019675417057675,2021-09,0.006882888
6916556752218696485,2021-09,0.0068821344
6916556752218696485,2021-10,0.0068807625
6916556752218696485,2021-07,0.0068787364
6916556752218696485,2021-08,0.0068785963
6916556752218696485,2021-08,0.0068785963
5761480994209806499,2021-10,0.0068785436
6916556752218696485,2021-10,0.0068672667
8013668117699219722,2021-08,0.006866216
2451708306555441014,2021-09,0.006863391
510795635145114083,2021-07,0.0068518263
1129657311668961746,2021-08,0.0068511683
6916556752218696485,2021-10,0.0068448246
2451708306555441014,2021-08,0.0068442216
4661684997487171886,2021-11,0.006837305
4661684997487171886,2021-11,0.0068345205
2763141362035716801,2021-10,0.006828015
8487807876567995441,2021-07,0.0068256743
5606267905834401873,2021-08,0.006820543
6916556752218696485,2021-08,0.006819138
4661684997487171886,2021-11,0.0068165455
6759864637454708017,2021-07,0.0068163676
5880041582322293710,2021-07,0.0068132468
6759864637454708017,2021-08,0.0068093506
8505870778358741102,2021-07,0.0068092244
5880041582322293710,2021-08,0.0068091503
5880041582322293710,2021-08,0.0068091503
4661684997487171886,2021-11,0.0068087988
1273229638516517354,2021-09,0.0068055326
6217788509719675691,2021-08,0.0068012793
5606267905834401873,2021-09,0.0067994664
3022528659032597047,2021-10,0.0067863697
8889055492416898333,2021-11,0.006785065
7818340804682162328,2021-07,0.006781907
2763141362035716801,2021-09,0.006777187
4045739494965095560,2021-10,0.006775024
7664272163315705419,2021-11,0.0067738146
2451708306555441014,2021-09,0.006770155
7664272163315705419,2021-10,0.0067621116
1192891347324061812,2021-08,0.0067534186
1192891347324061812,2021-11,0.0067534186
1192891347324061812,2021-11,0.0067534186
4724876423989598202,2021-11,0.006752197
4661684997487171886,2021-09,0.006752053
5880041582322293710,2021-07,0.006748418
4414438591613884911,2021-09,0.006747213
324916756972236008,2021-10,0.0067436704
6759864637454708017,2021-09,0.0067418944
5606267905834401873,2021-11,0.006741288
7930925883736021864,2021-10,0.006739139
8874257794774679816,2021-11,0.0067391302
4661684997487171886,2021-08,0.0067298226
5606267905834401873,2021-08,0.0067270757
4661684997487171886,2021-10,0.0067234286
2451708306555441014,2021-09,0.0067219706
7664272163315705419,2021-07,0.0067217983
5108407319813072955,2021-11,0.0067152022
2763141362035716801,2021-09,0.0067072455
2451708306555441014,2021-11,0.0067052953
4045739494965095560,2021-08,0.0067020347
5606267905834401873,2021-09,0.00669967
3543162424793477785,2021-10,0.0066989907
2763141362035716801,2021-08,0.0066989874
5606267905834401873,2021-07,0.0066963863
8487807876567995441,2021-11,0.006695413
6721448955097663572,2021-08,0.0066951183
5606267905834401873,2021-11,0.0066865426
6759864637454708017,2021-09,0.0066821477
4661684997487171886,2021-10,0.006681781
4414438591613884911,2021-07,0.00667998
8874257794774679816,2021-10,0.0066792434
1273229638516517354,2021-10,0.006678604
9206030810342980458,2021-08,0.0066700275
6916556752218696485,2021-08,0.006666663
6916556752218696485,2021-10,0.006666663
864510931144626280,2021-11,0.006664892
6759864637454708017,2021-09,0.006660648
4661684997487171886,2021-08,0.006652122
5880041582322293710,2021-09,0.0066483174
7930925883736021864,2021-10,0.006646428
2903869860445366876,2021-09,0.0066464
5606267905834401873,2021-09,0.0066449265
6916556752218696485,2021-09,0.006643557
5606267905834401873,2021-07,0.00663976
1069093308328204542,2021-10,0.00663965
2771214050521171719,2021-11,0.0066386154
2451708306555441014,2021-08,0.0066367104
510795635145114083,2021-09,0.0066339383
5606267905834401873,2021-11,0.006630206
9206030810342980458,2021-11,0.006629295
6916556752218696485,2021-08,0.0066168685
510795635145114083,2021-09,0.006615606
6759864637454708017,2021-07,0.006614393
9206030810342980458,2021-11,0.006608502
6916556752218696485,2021-08,0.0066075786
6759864637454708017,2021-10,0.0066058645
4465150716052427320,2021-10,0.006599868
5606267905834401873,2021-07,0.0065988395
864510931144626280,2021-08,0.0065974677
9206030810342980458,2021-10,0.0065957364
8505870778358741102,2021-07,0.006591273
1192891347324061812,2021-07,0.006589597
1192891347324061812,2021-07,0.006589597
510795635145114083,2021-11,0.006587156
510795635145114083,2021-11,0.006587156
6916556752218696485,2021-08,0.0065846764
6916556752218696485,2021-09,0.0065846764
8926565682509268383,2021-09,0.006582047
1192891347324061812,2021-09,0.006581957
2763141362035716801,2021-10,0.0065784315
2451708306555441014,2021-09,0.006575952
1192891347324061812,2021-09,0.0065692854
6916556752218696485,2021-11,0.006567916
1430896989654626045,2021-08,0.006567061
3285246914299291124,2021-07,0.0065595745
8409181491723988567,2021-10,0.0065592574
4465150716052427320,2021-09,0.006557098
5606267905834401873,2021-10,0.0065499144
5606267905834401873,2021-10,0.0065499144
1192891347324061812,2021-08,0.00654769
5606267905834401873,2021-11,0.006546344
9206030810342980458,2021-08,0.006538961
6916556752218696485,2021-11,0.0065372577
6916556752218696485,2021-08,0.006536722
6916556752218696485,2021-10,0.006536722
4593070249039532001,2021-07,0.0065292264
1192891347324061812,2021-07,0.0065279924
6916556752218696485,2021-11,0.006525389
1192891347324061812,2021-08,0.0065229195
4465150716052427320,2021-08,0.0065211463
6759864637454708017,2021-10,0.0065205903
1192891347324061812,2021-10,0.006520383
4414438591613884911,2021-07,0.0065194536
9206030810342980458,2021-08,0.0065178634
1334091158016312155,2021-08,0.0065166927
1192891347324061812,2021-11,0.006510827
4414438591613884911,2021-11,0.0065107746
1192891347324061812,2021-10,0.0065100775
1192891347324061812,2021-11,0.0065100775
4661684997487171886,2021-10,0.0065062204
5761480994209806499,2021-10,0.006506079
5029701292539093910,2021-11,0.006502014
510795635145114083,2021-11,0.0064997817
1192891347324061812,2021-09,0.0064911996
1192891347324061812,2021-11,0.0064911996
4414438591613884911,2021-08,0.006490741
510795635145114083,2021-11,0.0064906124
4465150716052427320,2021-09,0.006488261
5606267905834401873,2021-08,0.0064877467
2530707686830644666,2021-09,0.0064782016
8400764778654490278,2021-09,0.006470175
8505870778358741102,2021-07,0.006469246
1129657311668961746,2021-08,0.006468502
8013668117699219722,2021-07,0.006465542
1192891347324061812,2021-11,0.006464127
6916556752218696485,2021-07,0.006460269
6916556752218696485,2021-07,0.006460269
5761480994209806499,2021-09,0.0064555607
4465150716052427320,2021-09,0.006454943
2763141362035716801,2021-11,0.006453069
864510931144626280,2021-09,0.006452454
2408009918678280470,2021-10,0.006449997
5606267905834401873,2021-10,0.006445409
8874257794774679816,2021-11,0.0064453045
2451708306555441014,2021-09,0.0064406074
6916556752218696485,2021-09,0.0064389906
5606267905834401873,2021-07,0.0064385845
9206030810342980458,2021-10,0.0064374097
1192891347324061812,2021-10,0.006435315
4414438591613884911,2021-08,0.0064333705
1192891347324061812,2021-08,0.006430841
6916556752218696485,2021-09,0.0064274445
3095686599956852697,2021-10,0.0064189397
8409181491723988567,2021-08,0.0064139264
7085295800541340563,2021-10,0.0064136074
8889055492416898333,2021-10,0.006412699
8013668117699219722,2021-09,0.006411754
2763141362035716801,2021-09,0.0064116325
6916556752218696485,2021-08,0.0064086625
8505870778358741102,2021-08,0.0064085503
1430896989654626045,2021-09,0.0064082067
510795635145114083,2021-09,0.006402617
8013668117699219722,2021-08,0.006395302
8013668117699219722,2021-08,0.006393578
1292049196559782171,2021-10,0.006393308
4414438591613884911,2021-08,0.0063920934
6916556752218696485,2021-07,0.0063909823
9206030810342980458,2021-11,0.006390549
6916556752218696485,2021-07,0.0063875765
4045739494965095560,2021-09,0.006386248
9206030810342980458,2021-07,0.0063862265
864510931144626280,2021-10,0.0063829143
1192891347324061812,2021-09,0.0063809035
1273229638516517354,2021-08,0.0063788905
1273229638516517354,2021-08,0.0063788905
1192891347324061812,2021-11,0.0063757636
4414438591613884911,2021-07,0.006374135
6012031176108922616,2021-07,0.006372746
9206030810342980458,2021-11,0.0063726525
1192891347324061812,2021-07,0.0063691298
1192891347324061812,2021-10,0.0063691298
8724731934863284019,2021-07,0.0063665835
6916556752218696485,2021-10,0.006363845
2408009918678280470,2021-10,0.0063615297
8874257794774679816,2021-10,0.0063607884
1192891347324061812,2021-07,0.006359794
1292049196559782171,2021-07,0.0063549415
510795635145114083,2021-10,0.0063545983
1192891347324061812,2021-10,0.006354288
1192891347324061812,2021-10,0.006354288
1192891347324061812,2021-09,0.006354288
4414438591613884911,2021-10,0.006351534
6916556752218696485,2021-09,0.0063496768
6916556752218696485,2021-07,0.0063479175
6916556752218696485,2021-11,0.0063461913
6916556752218696485,2021-10,0.0063455477
8409181491723988567,2021-08,0.006343161
6916556752218696485,2021-07,0.00634305
792560389712312178,2021-10,0.0063415775
7930925883736021864,2021-08,0.0063402792
1069093308328204542,2021-10,0.0063400874
6916556752218696485,2021-10,0.0063399402
1192891347324061812,2021-08,0.006338153
4465150716052427320,2021-11,0.0063366513
6916556752218696485,2021-07,0.0063365675
6916556752218696485,2021-09,0.00633416
5761480994209806499,2021-08,0.006332906
6916556752218696485,2021-09,0.0063313902
4414438591613884911,2021-08,0.0063302205
4414438591613884911,2021-11,0.0063297437
1192891347324061812,2021-09,0.006328862
1192891347324061812,2021-11,0.006328862
5635781225931111684,2021-09,0.0063227774
8901696535927078963,2021-07,0.0063210637
1430896989654626045,2021-08,0.0063195936
1308019675417057675,2021-07,0.0063190307
1192891347324061812,2021-09,0.0063169263
6012031176108922616,2021-11,0.0063149747
8409181491723988567,2021-07,0.0063107396
1192891347324061812,2021-09,0.00630859
8400764778654490278,2021-08,0.006303866
1192891347324061812,2021-10,0.006302462
1192891347324061812,2021-11,0.006302462
1192891347324061812,2021-09,0.006298202
4414438591613884911,2021-11,0.0062946547
9206030810342980458,2021-09,0.0062926714
9206030810342980458,2021-07,0.0062852157
9206030810342980458,2021-07,0.00628395
4465150716052427320,2021-09,0.0062837387
1192891347324061812,2021-07,0.0062829377
5432443358006556295,2021-11,0.0062800865
6916556752218696485,2021-09,0.006279289
6969348581033924947,2021-08,0.0062777475
1192891347324061812,2021-07,0.00627453
6916556752218696485,2021-07,0.0062740073
4414438591613884911,2021-08,0.006272422
1430896989654626045,2021-11,0.0062707225
1430896989654626045,2021-11,0.0062707225
6916556752218696485,2021-07,0.006269279
1192891347324061812,2021-11,0.006267678
6916556752218696485,2021-07,0.0062639127
864510931144626280,2021-09,0.00626153
8196449005061156808,2021-09,0.0062605715
1002362614649347438,2021-07,0.0062585426
9206030810342980458,2021-09,0.0062582404
4414438591613884911,2021-10,0.006257793
6916556752218696485,2021-09,0.006257561
1273229638516517354,2021-07,0.006255145
5522764880180045081,2021-08,0.0062547773
6916556752218696485,2021-11,0.0062542856
8013668117699219722,2021-10,0.006252606
1192891347324061812,2021-10,0.0062517165
6916556752218696485,2021-08,0.006250322
4661684997487171886,2021-09,0.00624665
4414438591613884911,2021-09,0.006245975
1192891347324061812,2021-11,0.0062440103
6916556752218696485,2021-11,0.006243466
6916556752218696485,2021-11,0.006243466
864510931144626280,2021-07,0.0062406263
1069093308328204542,2021-10,0.006239003
4052557282157719526,2021-08,0.006238273
5522764880180045081,2021-08,0.006234768
7920896580423665241,2021-10,0.006232402
6916556752218696485,2021-09,0.006232334
9206030810342980458,2021-08,0.0062277936
5029701292539093910,2021-11,0.0062269233
510795635145114083,2021-08,0.006226218
510795635145114083,2021-08,0.006226218
5029701292539093910,2021-10,0.006225675
6916556752218696485,2021-07,0.0062241503
6238903426443761049,2021-09,0.0062238784
4465150716052427320,2021-07,0.0062227873
5522764880180045081,2021-09,0.006222044
6916556752218696485,2021-09,0.006220102
7664272163315705419,2021-11,0.0062176143
4465150716052427320,2021-11,0.006216813
4045739494965095560,2021-07,0.0062104356
6916556752218696485,2021-07,0.006210229
6916556752218696485,2021-07,0.006210229
6916556752218696485,2021-07,0.0062090876
6916556752218696485,2021-07,0.0062090876
4052557282157719526,2021-10,0.006208287
2397171153213063761,2021-08,0.006207984
7041489327620930099,2021-08,0.006207637
9206030810342980458,2021-11,0.006207549
6916556752218696485,2021-07,0.006204458
6916556752218696485,2021-10,0.006201777
4414438591613884911,2021-11,0.006199394
6916556752218696485,2021-09,0.00619886
9206030810342980458,2021-09,0.00619646
5432443358006556295,2021-07,0.006194076
6916556752218696485,2021-10,0.0061911647
2397171153213063761,2021-07,0.006190954
4414438591613884911,2021-07,0.0061868597
1088268935649917461,2021-07,0.006185245
2397171153213063761,2021-08,0.006182387
5761480994209806499,2021-10,0.006176302
5606267905834401873,2021-08,0.0061747716
6858769421191999702,2021-08,0.006171934
9206030810342980458,2021-09,0.006167893
510795635145114083,2021-07,0.0061669284
2687720147676132707,2021-08,0.0061652632
6916556752218696485,2021-10,0.0061632353
6916556752218696485,2021-10,0.0061632353
510795635145114083,2021-10,0.006155492
7930925883736021864,2021-09,0.006150479
6858769421191999702,2021-09,0.0061491793
6916556752218696485,2021-07,0.0061490135
8926565682509268383,2021-10,0.0061460095
5029701292539093910,2021-08,0.006145188
864510931144626280,2021-09,0.0061432957
1430896989654626045,2021-08,0.006141892
5029701292539093910,2021-10,0.0061403615
7664272163315705419,2021-09,0.0061401436
6916556752218696485,2021-09,0.006139785
7664272163315705419,2021-11,0.0061370423
510795635145114083,2021-11,0.006134739
2397171153213063761,2021-08,0.0061329426
4465150716052427320,2021-09,0.006127516
5432443358006556295,2021-07,0.0061267465
6916556752218696485,2021-10,0.006126688
6916556752218696485,2021-07,0.006126688
4465150716052427320,2021-09,0.006122503
510795635145114083,2021-11,0.0061185258
4414438591613884911,2021-08,0.0061166505
7085295800541340563,2021-11,0.006116436
8724731934863284019,2021-07,0.0061157513
4465150716052427320,2021-09,0.0061147166
4465150716052427320,2021-11,0.0061108437
7930925883736021864,2021-08,0.006110699
510795635145114083,2021-10,0.0061090775
5855956854975734380,2021-07,0.0061075166
6721448955097663572,2021-10,0.0061061042
4045739494965095560,2021-10,0.006102532
2397171153213063761,2021-11,0.0061021643
6012031176108922616,2021-07,0.006101638
7920896580423665241,2021-10,0.00610119
5029701292539093910,2021-07,0.0060965396
4414438591613884911,2021-10,0.0060961233
510795635145114083,2021-07,0.006093743
1430896989654626045,2021-08,0.0060893493
4045739494965095560,2021-10,0.0060872682
4724876423989598202,2021-11,0.0060871677
4614484019183480654,2021-08,0.006085832
1430896989654626045,2021-11,0.0060857427
7664272163315705419,2021-08,0.006082885
4465150716052427320,2021-07,0.006082441
8487807876567995441,2021-11,0.006080841
1069093308328204542,2021-07,0.0060790144
5761480994209806499,2021-08,0.0060780435
7085295800541340563,2021-07,0.006075314
3095686599956852697,2021-09,0.006074162
5726178124659661019,2021-07,0.0060719424
5522764880180045081,2021-08,0.0060718963
5522764880180045081,2021-10,0.0060718963
5176940320835464459,2021-08,0.0060709645
510795635145114083,2021-07,0.006069054
7664272163315705419,2021-09,0.006067835
5635781225931111684,2021-07,0.0060670897
5635781225931111684,2021-11,0.0060664457
2397171153213063761,2021-09,0.0060647153
4724876423989598202,2021-10,0.006063298
7930925883736021864,2021-08,0.0060622296
4661684997487171886,2021-07,0.0060614822
5176940320835464459,2021-10,0.006057625
864510931144626280,2021-09,0.0060566836
7664272163315705419,2021-11,0.0060551222
7664272163315705419,2021-10,0.006054566
3285246914299291124,2021-10,0.0060535274
510795635145114083,2021-08,0.0060521415
6721448955097663572,2021-08,0.0060458686
4045739494965095560,2021-09,0.0060454127
7085295800541340563,2021-10,0.0060438146
4795152981525833467,2021-10,0.006043456
6916556752218696485,2021-11,0.006041314
6012031176108922616,2021-09,0.0060404665
4724876423989598202,2021-11,0.0060399226
4527499691197377217,2021-07,0.006039347
1430896989654626045,2021-11,0.0060383743
4661684997487171886,2021-07,0.006036191
4724876423989598202,2021-07,0.00603497
1430896989654626045,2021-07,0.0060338397
4724876423989598202,2021-11,0.00602956
1192891347324061812,2021-09,0.0060287314
7468724002190465812,2021-10,0.006026103
7664272163315705419,2021-11,0.0060240617
7041489327620930099,2021-09,0.006019889
864510931144626280,2021-08,0.0060157496
7664272163315705419,2021-11,0.0060139885
5726178124659661019,2021-07,0.006010905
5635781225931111684,2021-11,0.0060088024
5761480994209806499,2021-08,0.005998922
4414438591613884911,2021-10,0.005998615
1430896989654626045,2021-11,0.0059960173
3970610368027129821,2021-11,0.005995432
4724876423989598202,2021-08,0.0059926785
107343823625119033,2021-08,0.00598689
3543162424793477785,2021-09,0.005984813
7041489327620930099,2021-08,0.0059778923
7870373680211625064,2021-07,0.0059718434
7664272163315705419,2021-11,0.00597051
4045739494965095560,2021-09,0.0059672426
6238903426443761049,2021-10,0.0059660235
5522764880180045081,2021-07,0.0059639574
8196449005061156808,2021-07,0.0059622778
1430896989654626045,2021-07,0.005961815
2530707686830644666,2021-09,0.00595958
7041489327620930099,2021-11,0.005959049
2397171153213063761,2021-09,0.0059575518
2687720147676132707,2021-09,0.0059561427
4334472256949955221,2021-09,0.0059556486
2598475569074240783,2021-11,0.005954599
3285246914299291124,2021-10,0.0059520225
3285246914299291124,2021-10,0.0059520225
8909740532547211288,2021-08,0.0059485757
510795635145114083,2021-07,0.0059476458
1430896989654626045,2021-07,0.005947164
2771214050521171719,2021-08,0.0059466986
7664272163315705419,2021-10,0.005944106
324916756972236008,2021-09,0.00594161
2408009918678280470,2021-08,0.005940272
7664272163315705419,2021-07,0.005939489
8724731934863284019,2021-11,0.0059391432
5029701292539093910,2021-08,0.0059387237
6858769421191999702,2021-09,0.0059330715
8874257794774679816,2021-07,0.0059311674
1334091158016312155,2021-09,0.0059311283
8400764778654490278,2021-11,0.0059308414
2397171153213063761,2021-10,0.0059284526
6217788509719675691,2021-10,0.0059259464
5761480994209806499,2021-09,0.005923419
4045739494965095560,2021-09,0.0059218323
4045739494965095560,2021-09,0.005921431
4724876423989598202,2021-09,0.0059148977
8195468623809753777,2021-08,0.0059139975
1430896989654626045,2021-11,0.00591034
8909740532547211288,2021-08,0.005909335
8909740532547211288,2021-10,0.005909335
4045739494965095560,2021-08,0.005908444
4045739494965095560,2021-08,0.005908444
510795635145114083,2021-10,0.0059037628
5761480994209806499,2021-07,0.005901841
8013668117699219722,2021-11,0.00589974
8874257794774679816,2021-08,0.0058984286
6916556752218696485,2021-09,0.0058930623
3543162424793477785,2021-11,0.005891049
107343823625119033,2021-07,0.005890901
107343823625119033,2021-11,0.005889388
6858769421191999702,2021-08,0.0058874926
7870373680211625064,2021-08,0.0058863875
7870373680211625064,2021-08,0.0058863875
8196449005061156808,2021-11,0.005880436
5761480994209806499,2021-10,0.005878301
5176940320835464459,2021-08,0.0058776797
8487807876567995441,2021-07,0.005876638
7085295800541340563,2021-11,0.0058752755
8724731934863284019,2021-08,0.005874092
8487807876567995441,2021-07,0.0058724633
2397171153213063761,2021-10,0.005869265
6858769421191999702,2021-11,0.0058671627
7930925883736021864,2021-10,0.0058666426
7930925883736021864,2021-08,0.0058666426
7930925883736021864,2021-10,0.0058666426
6754039979151386401,2021-08,0.005866362
4045739494965095560,2021-09,0.005864321
5432443358006556295,2021-11,0.0058638677
8196449005061156808,2021-08,0.0058632395
7041489327620930099,2021-07,0.0058630807
4661684997487171886,2021-09,0.0058605387
6916556752218696485,2021-08,0.0058600605
5761480994209806499,2021-11,0.0058582556
3285246914299291124,2021-08,0.005852094
2687720147676132707,2021-10,0.0058514443
7930925883736021864,2021-09,0.00585021
5522764880180045081,2021-08,0.005848233
5726178124659661019,2021-08,0.0058451705
5761480994209806499,2021-10,0.0058450596
4527499691197377217,2021-10,0.0058406917
5864443060004179363,2021-07,0.005839565
7930925883736021864,2021-08,0.0058389753
5432443358006556295,2021-08,0.0058381087
7930925883736021864,2021-11,0.005838023
8195468623809753777,2021-10,0.0058375583
2397171153213063761,2021-08,0.005837041
8196449005061156808,2021-11,0.0058368943
8196449005061156808,2021-11,0.0058368943
4724876423989598202,2021-07,0.0058368943
8196449005061156808,2021-11,0.0058368943
8196449005061156808,2021-11,0.0058368943
2408009918678280470,2021-08,0.0058363574
3285246914299291124,2021-07,0.005835251
8909740532547211288,2021-07,0.0058348635
8909740532547211288,2021-07,0.0058348635
8195468623809753777,2021-07,0.0058341776
4052557282157719526,2021-09,0.005834023
7468724002190465812,2021-08,0.0058313874
7930925883736021864,2021-07,0.005830003
510795635145114083,2021-07,0.005828364
2687720147676132707,2021-11,0.0058262674
5635781225931111684,2021-07,0.0058211186
6916556752218696485,2021-08,0.005820895
7870373680211625064,2021-10,0.0058191097
5176940320835464459,2021-11,0.005815701
3543162424793477785,2021-11,0.0058153537
4532469127306079736,2021-07,0.005815249
5522764880180045081,2021-08,0.005808397
5864443060004179363,2021-10,0.0058071194
324916756972236008,2021-08,0.0058038253
5522764880180045081,2021-09,0.005802466
3543162424793477785,2021-09,0.0058009424
4045739494965095560,2021-07,0.0057993834
7468724002190465812,2021-11,0.005796755
3543162424793477785,2021-07,0.005796327
7468724002190465812,2021-11,0.005794115
2771214050521171719,2021-10,0.005792929
5761480994209806499,2021-09,0.005792382
5761480994209806499,2021-09,0.005792382
7870373680211625064,2021-11,0.0057918825
6012031176108922616,2021-11,0.005789815
2687720147676132707,2021-11,0.005788907
4045739494965095560,2021-10,0.0057876306
5522764880180045081,2021-10,0.0057876087
5726178124659661019,2021-10,0.005787104
8409181491723988567,2021-07,0.0057851425
5864443060004179363,2021-11,0.0057846294
8195468623809753777,2021-09,0.005781666
6754039979151386401,2021-09,0.0057816003
3543162424793477785,2021-09,0.005779482
5761480994209806499,2021-07,0.0057787695
7930925883736021864,2021-08,0.0057759564
4532469127306079736,2021-09,0.005774284
3285246914299291124,2021-07,0.0057741716
107343823625119033,2021-09,0.0057739248
7085295800541340563,2021-07,0.0057735257
6012031176108922616,2021-10,0.0057719164
6858769421191999702,2021-09,0.005770948
3285246914299291124,2021-09,0.005770789
8909740532547211288,2021-09,0.005769706
8909740532547211288,2021-09,0.005769706
2951563549197799278,2021-07,0.005767827
5761480994209806499,2021-10,0.005767072
5761480994209806499,2021-07,0.0057656616
7920896580423665241,2021-11,0.005765653
6754039979151386401,2021-09,0.0057650357
2687720147676132707,2021-09,0.0057647983
1292049196559782171,2021-07,0.005764169
5761480994209806499,2021-08,0.0057639396
6916556752218696485,2021-07,0.0057638525
5635781225931111684,2021-10,0.005762918
7930925883736021864,2021-11,0.005762519
8874257794774679816,2021-09,0.005759479
7930925883736021864,2021-08,0.005757721
6858769421191999702,2021-08,0.005756872
7870373680211625064,2021-07,0.0057544163
6916556752218696485,2021-11,0.005754146
7041489327620930099,2021-07,0.0057540946
8909740532547211288,2021-09,0.00575338
4045739494965095560,2021-08,0.0057532457
107343823625119033,2021-08,0.005752188
107343823625119033,2021-09,0.005752188
4661684997487171886,2021-11,0.0057521607
5864443060004179363,2021-10,0.0057512084
2397171153213063761,2021-10,0.0057506254
4045739494965095560,2021-11,0.005749824
6858769421191999702,2021-11,0.0057484717
6916556752218696485,2021-08,0.0057483683
7930925883736021864,2021-09,0.0057476982
3285246914299291124,2021-07,0.0057392814
8196449005061156808,2021-08,0.0057390067
7870373680211625064,2021-08,0.0057388786
7930925883736021864,2021-07,0.00573834
7930925883736021864,2021-07,0.00573834
324916756972236008,2021-07,0.005736776
4661684997487171886,2021-08,0.0057359952
5432443358006556295,2021-10,0.0057356227
8287608084245946173,2021-10,0.0057353727
6916556752218696485,2021-07,0.00573288
510795635145114083,2021-07,0.0057308795
6916556752218696485,2021-07,0.0057300236
8195468623809753777,2021-07,0.0057295514
8909740532547211288,2021-09,0.0057293666
5761480994209806499,2021-07,0.005727509
3543162424793477785,2021-08,0.0057270196
5176940320835464459,2021-10,0.0057264334
4045739494965095560,2021-09,0.005723996
324916756972236008,2021-11,0.005723831
6916556752218696485,2021-11,0.0057192896
6916556752218696485,2021-10,0.0057156193
5029701292539093910,2021-08,0.0057154996
5761480994209806499,2021-07,0.0057145166
5761480994209806499,2021-08,0.005713097
5761480994209806499,2021-11,0.005712065
6858769421191999702,2021-09,0.0057113147
2408009918678280470,2021-09,0.005708686
4045739494965095560,2021-09,0.0057080067
107343823625119033,2021-11,0.0057074605
8716163053080758848,2021-10,0.005706681
2771214050521171719,2021-11,0.0057050143
4795152981525833467,2021-07,0.0057047117
6916556752218696485,2021-07,0.0057041165
2687720147676132707,2021-10,0.005703976
4334472256949955221,2021-09,0.005703135
4052557282157719526,2021-10,0.0057001747
4661684997487171886,2021-11,0.005698351
4524147234488547993,2021-10,0.0056977947
7870373680211625064,2021-11,0.005696449
4532469127306079736,2021-10,0.0056947726
5761480994209806499,2021-07,0.005692891
5761480994209806499,2021-07,0.005692891
1292049196559782171,2021-10,0.00568982
8926565682509268383,2021-11,0.005685128
7930925883736021864,2021-09,0.005683481
5635781225931111684,2021-07,0.005682961
324916756972236008,2021-08,0.0056826132
5864443060004179363,2021-08,0.005681539
2687720147676132707,2021-08,0.0056798365
8724731934863284019,2021-10,0.0056793736
5864443060004179363,2021-08,0.0056787864
3095686599956852697,2021-11,0.005678743
8874257794774679816,2021-08,0.005676014
8724731934863284019,2021-07,0.005675341
5635781225931111684,2021-11,0.005674972
4045739494965095560,2021-11,0.0056745363
8724731934863284019,2021-11,0.005673886
5761480994209806499,2021-07,0.0056738746
5432443358006556295,2021-07,0.0056738695
4795152981525833467,2021-11,0.0056725135
5761480994209806499,2021-08,0.0056724865
5761480994209806499,2021-10,0.005671247
6754039979151386401,2021-07,0.005670677
4527499691197377217,2021-07,0.005670298
7930925883736021864,2021-09,0.005670164
5522764880180045081,2021-08,0.005666046
7870373680211625064,2021-11,0.0056658364
6916556752218696485,2021-09,0.005663669
5864443060004179363,2021-08,0.0056613362
4052557282157719526,2021-09,0.005658757
5761480994209806499,2021-07,0.0056586014
6858769421191999702,2021-09,0.005658368
6238903426443761049,2021-08,0.0056582745
4919908458022265747,2021-10,0.0056557795
7289435138601868544,2021-10,0.0056552137
2771214050521171719,2021-09,0.005655058
3690886209682028027,2021-07,0.0056546107
4052557282157719526,2021-08,0.005654426
4045739494965095560,2021-08,0.005654182
6242636379248496392,2021-08,0.0056536323
7457803471605010846,2021-08,0.005651735
3285246914299291124,2021-11,0.0056504486
5761480994209806499,2021-10,0.0056483485
5864443060004179363,2021-09,0.005648086
7870373680211625064,2021-07,0.0056463513
3543162424793477785,2021-08,0.0056463405
8724731934863284019,2021-11,0.005643883
8909740532547211288,2021-07,0.0056427754
6754039979151386401,2021-08,0.005641729
7930925883736021864,2021-08,0.005641376
2408009918678280470,2021-07,0.005641141
4045739494965095560,2021-08,0.005639595
2408009918678280470,2021-09,0.0056391777
5761480994209806499,2021-09,0.0056351125
5761480994209806499,2021-09,0.0056351125
7085295800541340563,2021-09,0.0056341374
6858769421191999702,2021-10,0.005633579
6916556752218696485,2021-11,0.0056327805
4045739494965095560,2021-08,0.0056322464
3690886209682028027,2021-07,0.0056310073
5522764880180045081,2021-10,0.0056299423
8196449005061156808,2021-07,0.005629157
2530707686830644666,2021-07,0.0056281993
5761480994209806499,2021-07,0.0056277323
4045739494965095560,2021-07,0.0056275907
4537982850248578883,2021-10,0.0056270678
4045739494965095560,2021-09,0.00562587
5176940320835464459,2021-09,0.00562491
3970610368027129821,2021-10,0.0056242137
5029701292539093910,2021-09,0.005623507
2397171153213063761,2021-09,0.005620252
2397171153213063761,2021-09,0.005620252
3543162424793477785,2021-10,0.0056193117
8874257794774679816,2021-09,0.0056191757
3095686599956852697,2021-10,0.005617993
8724731934863284019,2021-10,0.005617146
7930925883736021864,2021-08,0.005616437
5864443060004179363,2021-07,0.0056162006
5864443060004179363,2021-07,0.005615769
4045739494965095560,2021-11,0.0056151752
5761480994209806499,2021-09,0.005614994
5761480994209806499,2021-08,0.005611303
8874257794774679816,2021-09,0.0056110285
6858769421191999702,2021-09,0.0056096907
4919908458022265747,2021-09,0.005608523
7085295800541340563,2021-08,0.0056076907
7930925883736021864,2021-11,0.005607581
7041489327620930099,2021-10,0.005605952
4045739494965095560,2021-08,0.005605678
8909740532547211288,2021-09,0.0056055402
3970610368027129821,2021-09,0.00560533
7085295800541340563,2021-10,0.005604405
7930925883736021864,2021-10,0.0056038974
324916756972236008,2021-09,0.0056037647
324916756972236008,2021-09,0.0056037647
7085295800541340563,2021-07,0.005603629
8909740532547211288,2021-11,0.0056028557
7930925883736021864,2021-07,0.005602086
4919908458022265747,2021-07,0.005602022
5761480994209806499,2021-09,0.005597792
7930925883736021864,2021-09,0.005596818
107343823625119033,2021-11,0.005596022
324916756972236008,2021-11,0.0055952203
510795635145114083,2021-08,0.0055933027
4527499691197377217,2021-07,0.0055929925
5176940320835464459,2021-11,0.00559273
5761480994209806499,2021-08,0.005592457
8874257794774679816,2021-09,0.0055921893
8724731934863284019,2021-07,0.005591537
8724731934863284019,2021-07,0.005591537
8909740532547211288,2021-09,0.0055877306
8909740532547211288,2021-09,0.0055877306
4045739494965095560,2021-09,0.005587423
2598475569074240783,2021-08,0.005586875
6754039979151386401,2021-08,0.0055868165
6858769421191999702,2021-11,0.005585039
4052557282157719526,2021-09,0.005583935
5761480994209806499,2021-08,0.0055832653
5761480994209806499,2021-11,0.0055832653
2397171153213063761,2021-07,0.005583138
5761480994209806499,2021-11,0.0055820104
4334472256949955221,2021-10,0.005580084
5726178124659661019,2021-11,0.0055794967
5864443060004179363,2021-07,0.005579105
3690886209682028027,2021-10,0.005579034
5761480994209806499,2021-09,0.005579031
6858769421191999702,2021-08,0.005578526
5761480994209806499,2021-07,0.0055778036
5761480994209806499,2021-08,0.0055764974
5522764880180045081,2021-10,0.0055762674
324916756972236008,2021-10,0.0055751433
5761480994209806499,2021-08,0.0055742026
7930925883736021864,2021-11,0.005573933
8909740532547211288,2021-09,0.0055736606
8724731934863284019,2021-09,0.005573431
5635781225931111684,2021-08,0.0055728676
4052557282157719526,2021-10,0.0055718585
3285246914299291124,2021-11,0.0055699376
5761480994209806499,2021-08,0.005569402
324916756972236008,2021-11,0.0055691404
3285246914299291124,2021-07,0.0055691325
5761480994209806499,2021-10,0.005567688
324916756972236008,2021-09,0.005567044
7930925883736021864,2021-10,0.005564183
8409181491723988567,2021-07,0.0055637583
8196449005061156808,2021-11,0.005563497
3095686599956852697,2021-07,0.005562223
6238903426443761049,2021-10,0.0055617145
7930925883736021864,2021-09,0.0055597657
7930925883736021864,2021-09,0.0055597657
8724731934863284019,2021-10,0.005559091
2634859679238614382,2021-10,0.005559083
8724731934863284019,2021-09,0.005558809
8724731934863284019,2021-09,0.005558809
5522764880180045081,2021-07,0.00555874
5761480994209806499,2021-10,0.005556155
4527499691197377217,2021-11,0.005554917
4614484019183480654,2021-08,0.0055543217
324916756972236008,2021-07,0.005553674
4661684997487171886,2021-11,0.0055527096
5176940320835464459,2021-07,0.005551488
8909740532547211288,2021-08,0.0055508567
8909740532547211288,2021-09,0.0055508567
5761480994209806499,2021-08,0.005549351
2903869860445366876,2021-11,0.005549177
5635781225931111684,2021-09,0.005548314
4052557282157719526,2021-07,0.0055452134
324916756972236008,2021-11,0.0055442275
5864443060004179363,2021-11,0.0055426033
4919908458022265747,2021-07,0.0055413414
510795635145114083,2021-09,0.0055400142
5761480994209806499,2021-11,0.005540012
5761480994209806499,2021-08,0.005538499
4045739494965095560,2021-09,0.0055378503
5864443060004179363,2021-09,0.0055377325
5761480994209806499,2021-09,0.00553769
5761480994209806499,2021-11,0.005535734
4724876423989598202,2021-10,0.005535372
8409181491723988567,2021-09,0.005535086
6721448955097663572,2021-07,0.0055346736
4532469127306079736,2021-11,0.0055341595
7930925883736021864,2021-11,0.0055333828
324916756972236008,2021-09,0.005533052
8874257794774679816,2021-09,0.0055318926
5761480994209806499,2021-09,0.00553088
2397171153213063761,2021-11,0.005529897
4045739494965095560,2021-10,0.0055295895
4045739494965095560,2021-10,0.005528806
510795635145114083,2021-09,0.005526963
510795635145114083,2021-09,0.005526963
7930925883736021864,2021-08,0.0055267797
8909740532547211288,2021-09,0.0055254065
5761480994209806499,2021-08,0.005524746
5761480994209806499,2021-10,0.005524112
5761480994209806499,2021-07,0.005523939
5864443060004179363,2021-08,0.005523395
2903869860445366876,2021-08,0.005522931
3095686599956852697,2021-08,0.0055211713
4045739494965095560,2021-07,0.005519483
7930925883736021864,2021-11,0.005519313
7930925883736021864,2021-08,0.0055187396
8909740532547211288,2021-10,0.005515069
792560389712312178,2021-11,0.0055144676
7085295800541340563,2021-08,0.005513785
2687720147676132707,2021-11,0.005513061
5761480994209806499,2021-07,0.0055117537
5726178124659661019,2021-08,0.005509859
7930925883736021864,2021-09,0.005509083
4919908458022265747,2021-08,0.0055081765
5761480994209806499,2021-09,0.0055055628
5761480994209806499,2021-10,0.0055051865
8196449005061156808,2021-11,0.005505093
6242636379248496392,2021-08,0.005504944
5761480994209806499,2021-11,0.0055045267
2903869860445366876,2021-10,0.0055033914
2771214050521171719,2021-07,0.005502522
5761480994209806499,2021-10,0.0055005574
4795152981525833467,2021-07,0.0055004717
4795152981525833467,2021-07,0.0055004717
2397171153213063761,2021-08,0.00550038
4045739494965095560,2021-08,0.0054999213
5761480994209806499,2021-08,0.005497757
5761480994209806499,2021-08,0.005497757
8724731934863284019,2021-10,0.005496321
8926565682509268383,2021-10,0.0054961876
4045739494965095560,2021-11,0.0054943347
4724876423989598202,2021-07,0.0054929648
5761480994209806499,2021-10,0.005488728
5761480994209806499,2021-08,0.0054877
2771214050521171719,2021-07,0.005487658
6858769421191999702,2021-07,0.0054860134
324916756972236008,2021-09,0.0054825707
5761480994209806499,2021-11,0.005481806
4045739494965095560,2021-10,0.005480527
3543162424793477785,2021-11,0.005480436
5864443060004179363,2021-07,0.0054787523
4045739494965095560,2021-07,0.0054783314
7289435138601868544,2021-08,0.005477999
7930925883736021864,2021-07,0.0054762717
7457803471605010846,2021-07,0.0054750512
5761480994209806499,2021-09,0.0054745786
8909740532547211288,2021-11,0.005474272
5761480994209806499,2021-08,0.005472224
3095686599956852697,2021-07,0.0054720636
8195468623809753777,2021-07,0.0054715313
6721448955097663572,2021-08,0.005470403
4334472256949955221,2021-09,0.005470361
5761480994209806499,2021-09,0.00546866
4045739494965095560,2021-08,0.005468359
5761480994209806499,2021-07,0.0054679653
5176940320835464459,2021-10,0.005466871
8901696535927078963,2021-09,0.0054660644
8901696535927078963,2021-09,0.0054660644
5864443060004179363,2021-09,0.005465049
5761480994209806499,2021-07,0.005464696
5761480994209806499,2021-07,0.005464696
7930925883736021864,2021-09,0.00546318
4334472256949955221,2021-10,0.005463058
8901696535927078963,2021-07,0.0054609966
6968106554514688300,2021-11,0.0054599554
5761480994209806499,2021-08,0.005458014
5761480994209806499,2021-08,0.005458014
5761480994209806499,2021-11,0.005458014
4052557282157719526,2021-10,0.005457864
5761480994209806499,2021-09,0.005456712
3095686599956852697,2021-09,0.0054560676
5761480994209806499,2021-11,0.005452863
3095686599956852697,2021-10,0.0054506836
7930925883736021864,2021-07,0.005450435
2771214050521171719,2021-10,0.005446438
324916756972236008,2021-07,0.0054463116
2634859679238614382,2021-11,0.005445064
2634859679238614382,2021-11,0.005445064
5761480994209806499,2021-11,0.005443654
5761480994209806499,2021-08,0.005443654
4045739494965095560,2021-10,0.0054422347
5761480994209806499,2021-09,0.005441791
7930925883736021864,2021-10,0.0054417057
6927178425683104769,2021-09,0.0054411585
2771214050521171719,2021-07,0.0054381764
6721448955097663572,2021-11,0.0054380936
7930925883736021864,2021-07,0.005436423
7930925883736021864,2021-09,0.005436423
4045739494965095560,2021-08,0.0054344926
8926565682509268383,2021-09,0.0054329513
2290083177086946553,2021-10,0.0054320856
4919908458022265747,2021-07,0.005431959
5761480994209806499,2021-09,0.00542969
1292049196559782171,2021-11,0.0054293117
7930925883736021864,2021-09,0.005428313
5761480994209806499,2021-11,0.0054280553
1292049196559782171,2021-10,0.005426779
5635781225931111684,2021-08,0.005423956
2397171153213063761,2021-08,0.0054235603
8901696535927078963,2021-10,0.0054227035
2408009918678280470,2021-08,0.005421896
8926565682509268383,2021-09,0.0054199165
2408009918678280470,2021-07,0.005416247
5761480994209806499,2021-11,0.0054160315
5522764880180045081,2021-08,0.005415032
7930925883736021864,2021-07,0.005414375
4045739494965095560,2021-09,0.0054140333
8874257794774679816,2021-09,0.0054137358
2408009918678280470,2021-08,0.0054118307
5761480994209806499,2021-10,0.0054113073
5761480994209806499,2021-07,0.005409526
5761480994209806499,2021-08,0.005408385
7930925883736021864,2021-10,0.005404862
5522764880180045081,2021-10,0.0054039983
7085295800541340563,2021-10,0.0054039443
93982185886107798,2021-10,0.0054024095
8909740532547211288,2021-10,0.0054022092
5761480994209806499,2021-10,0.00540213
2397171153213063761,2021-09,0.005401774
3543162424793477785,2021-11,0.005400257
4052557282157719526,2021-10,0.0053977226
5761480994209806499,2021-09,0.0053971694
6721448955097663572,2021-08,0.005394751
4045739494965095560,2021-07,0.005394339
5176940320835464459,2021-11,0.0053933547
5761480994209806499,2021-11,0.005393278
5761480994209806499,2021-08,0.005393278
792560389712312178,2021-09,0.005392812
5864443060004179363,2021-09,0.0053924695
7930925883736021864,2021-07,0.005390966
7930925883736021864,2021-10,0.005390966
7930925883736021864,2021-10,0.005390966
7930925883736021864,2021-07,0.005390966
2408009918678280470,2021-07,0.005389754
5761480994209806499,2021-08,0.005388714
5522764880180045081,2021-10,0.005388195
4532469127306079736,2021-08,0.0053881262
2397171153213063761,2021-07,0.005386031
3285246914299291124,2021-11,0.0053828824
6134696632487351445,2021-11,0.0053824945
93982185886107798,2021-07,0.0053820605
2771214050521171719,2021-07,0.0053819153
5864443060004179363,2021-09,0.0053815246
1292049196559782171,2021-11,0.005380381
107343823625119033,2021-10,0.0053795567
4334472256949955221,2021-07,0.005379019
324916756972236008,2021-10,0.0053788424
8926565682509268383,2021-10,0.005377677
8874257794774679816,2021-09,0.00537694
5761480994209806499,2021-11,0.005376876
5761480994209806499,2021-08,0.005375685
7457803471605010846,2021-07,0.0053752726
7930925883736021864,2021-10,0.005374936
5176940320835464459,2021-10,0.0053746426
324916756972236008,2021-08,0.005373919
2397171153213063761,2021-10,0.0053737685
7930925883736021864,2021-08,0.0053722775
5761480994209806499,2021-08,0.005371898
8926565682509268383,2021-10,0.005371307
1292049196559782171,2021-08,0.0053701047
5761480994209806499,2021-10,0.0053700716
4919908458022265747,2021-11,0.005369476
1292049196559782171,2021-09,0.005369287
324916756972236008,2021-07,0.005365408
2408009918678280470,2021-10,0.0053652576
2408009918678280470,2021-10,0.0053652576
8926565682509268383,2021-08,0.005365046
8909740532547211288,2021-07,0.0053647384
5176940320835464459,2021-08,0.0053623905
4334472256949955221,2021-10,0.005362096
4045739494965095560,2021-09,0.0053614397
8512214463586144353,2021-09,0.005361315
7930925883736021864,2021-09,0.0053611267
5761480994209806499,2021-10,0.0053605214
4045739494965095560,2021-08,0.0053598504
3095686599956852697,2021-09,0.0053592734
3285246914299291124,2021-09,0.005359019
792560389712312178,2021-08,0.0053579416
4724876423989598202,2021-10,0.0053569074
2771214050521171719,2021-07,0.005355731
2771214050521171719,2021-08,0.005353499
2771214050521171719,2021-09,0.0053524454
5726178124659661019,2021-07,0.0053522475
5726178124659661019,2021-08,0.005352174
792560389712312178,2021-08,0.00535208
2903869860445366876,2021-08,0.005351628
3285246914299291124,2021-09,0.0053503057
6969348581033924947,2021-10,0.005349745
6969348581033924947,2021-10,0.005349745
3095686599956852697,2021-10,0.005349702
7930925883736021864,2021-11,0.005347723
8926565682509268383,2021-11,0.0053473734
7289435138601868544,2021-10,0.0053448174
8724731934863284019,2021-09,0.0053446246
2903869860445366876,2021-08,0.005344262
2408009918678280470,2021-10,0.0053427718
7930925883736021864,2021-07,0.0053404737
7289435138601868544,2021-07,0.005340259
2397171153213063761,2021-10,0.005340254
8196449005061156808,2021-11,0.005340112
4045739494965095560,2021-11,0.0053400816
8874257794774679816,2021-07,0.0053390455
8901696535927078963,2021-08,0.005339038
5761480994209806499,2021-10,0.005337253
8926565682509268383,2021-09,0.0053370814
4795152981525833467,2021-07,0.005337056
8926565682509268383,2021-09,0.0053359773
5029701292539093910,2021-11,0.0053357347
8901696535927078963,2021-09,0.005334788
5864443060004179363,2021-09,0.0053330907
1292049196559782171,2021-10,0.0053326883
4045739494965095560,2021-09,0.0053319223
4532469127306079736,2021-09,0.0053315577
1292049196559782171,2021-08,0.0053298133
1292049196559782171,2021-08,0.0053298133
2397171153213063761,2021-10,0.0053251362
6927178425683104769,2021-11,0.0053243986
324916756972236008,2021-07,0.005322659
5864443060004179363,2021-10,0.0053200144
6217788509719675691,2021-07,0.0053197467
2687720147676132707,2021-08,0.0053177187
5176940320835464459,2021-10,0.005317312
4334472256949955221,2021-07,0.0053163543
5864443060004179363,2021-08,0.0053154714
792560389712312178,2021-07,0.0053144936
1292049196559782171,2021-08,0.005314267
324916756972236008,2021-09,0.005312235
4045739494965095560,2021-11,0.005311658
5761480994209806499,2021-11,0.005311457
2951563549197799278,2021-07,0.005310991
3095686599956852697,2021-08,0.0053106984
6858769421191999702,2021-09,0.0053093233
2771214050521171719,2021-08,0.005309276
7930925883736021864,2021-11,0.0053088097
4045739494965095560,2021-10,0.005308392
4334472256949955221,2021-11,0.005307974
324916756972236008,2021-08,0.0053070146
2397171153213063761,2021-08,0.005305751
93982185886107798,2021-07,0.0053054416
4334472256949955221,2021-07,0.0053037084
8409181491723988567,2021-09,0.005302483
5864443060004179363,2021-09,0.0053021465
7930925883736021864,2021-11,0.005301837
7930925883736021864,2021-07,0.0053016082
5761480994209806499,2021-08,0.0053001195
2397171153213063761,2021-08,0.005299773
1292049196559782171,2021-10,0.0052995365
5176940320835464459,2021-09,0.005299177
2408009918678280470,2021-07,0.005297976
7930925883736021864,2021-11,0.00529786
5761480994209806499,2021-08,0.005295067
7085295800541340563,2021-08,0.0052945116
2771214050521171719,2021-07,0.0052942885
5761480994209806499,2021-11,0.005292034
5864443060004179363,2021-08,0.005291951
5176940320835464459,2021-09,0.0052917246
7930925883736021864,2021-10,0.0052909795
7085295800541340563,2021-08,0.005290134
4045739494965095560,2021-09,0.005287166
4045739494965095560,2021-09,0.005287166
6721448955097663572,2021-07,0.0052840877
2771214050521171719,2021-11,0.00528297
5864443060004179363,2021-07,0.0052823587
2408009918678280470,2021-08,0.005280009
93982185886107798,2021-07,0.0052789273
2397171153213063761,2021-09,0.00527766
3543162424793477785,2021-09,0.005277415
5176940320835464459,2021-10,0.0052763214
324916756972236008,2021-10,0.0052762087
324916756972236008,2021-11,0.0052762087
8195468623809753777,2021-07,0.0052760732
4919908458022265747,2021-10,0.0052756984
6217788509719675691,2021-11,0.0052746045
3970610368027129821,2021-07,0.005272321
8909740532547211288,2021-07,0.005271156
4045739494965095560,2021-07,0.005269628
5864443060004179363,2021-08,0.005269483
8909740532547211288,2021-10,0.0052676788
7289435138601868544,2021-07,0.0052674715
2634859679238614382,2021-07,0.005263715
107343823625119033,2021-09,0.0052622575
2903869860445366876,2021-08,0.005262165
2634859679238614382,2021-11,0.0052618305
2598475569074240783,2021-07,0.0052616512
5761480994209806499,2021-09,0.005261638
8926565682509268383,2021-11,0.0052609243
8901696535927078963,2021-09,0.0052600615
2397171153213063761,2021-07,0.005259063
324916756972236008,2021-07,0.0052585043
5029701292539093910,2021-10,0.0052564275
5726178124659661019,2021-07,0.005255592
6242636379248496392,2021-09,0.0052544903
6217788509719675691,2021-09,0.005254361
5176940320835464459,2021-08,0.005252395
7289435138601868544,2021-07,0.0052500335
8724731934863284019,2021-07,0.0052491445
8901696535927078963,2021-07,0.0052481014
8901696535927078963,2021-07,0.0052481014
8901696535927078963,2021-10,0.0052462867
8926565682509268383,2021-11,0.0052459906
4919908458022265747,2021-09,0.0052456725
2951563549197799278,2021-11,0.005241939
1292049196559782171,2021-11,0.0052416506
2397171153213063761,2021-08,0.0052399226
8512214463586144353,2021-10,0.0052359775
8901696535927078963,2021-11,0.0052345693
8901696535927078963,2021-10,0.0052345693
324916756972236008,2021-08,0.005232469
3285246914299291124,2021-09,0.0052318457
107343823625119033,2021-09,0.005231126
7930925883736021864,2021-10,0.0052281646
2290083177086946553,2021-08,0.005225053
2771214050521171719,2021-07,0.005224166
3970610368027129821,2021-08,0.0052237073
2290083177086946553,2021-08,0.0052212994
2771214050521171719,2021-09,0.0052208095
7930925883736021864,2021-11,0.0052199746
7930925883736021864,2021-10,0.0052197496
4532469127306079736,2021-11,0.0052182022
2290083177086946553,2021-08,0.005216606
5726178124659661019,2021-07,0.0052156337
5726178124659661019,2021-07,0.0052156337
2290083177086946553,2021-10,0.0052148714
8901696535927078963,2021-08,0.005212517
6927178425683104769,2021-09,0.005210836
8901696535927078963,2021-08,0.005207819
7930925883736021864,2021-10,0.0052035446
7930925883736021864,2021-10,0.0052035446
7085295800541340563,2021-11,0.005202429
8901696535927078963,2021-10,0.005201708
8901696535927078963,2021-07,0.005201708
2408009918678280470,2021-09,0.005201501
2771214050521171719,2021-11,0.005201123
8512214463586144353,2021-08,0.005200867
2408009918678280470,2021-11,0.005200714
2408009918678280470,2021-08,0.005200714
8901696535927078963,2021-10,0.005200583
5176940320835464459,2021-11,0.005199685
5176940320835464459,2021-07,0.005198164
792560389712312178,2021-09,0.0051965364
4045739494965095560,2021-10,0.0051961965
6721448955097663572,2021-07,0.0051926677
2290083177086946553,2021-11,0.0051915916
6242636379248496392,2021-07,0.005190919
6242636379248496392,2021-08,0.0051900772
5726178124659661019,2021-08,0.0051880046
5726178124659661019,2021-09,0.0051877736
2408009918678280470,2021-09,0.0051874756
8901696535927078963,2021-09,0.0051870374
8901696535927078963,2021-09,0.0051870374
5864443060004179363,2021-10,0.005186944
8409181491723988567,2021-11,0.0051852786
4795152981525833467,2021-10,0.005183282
7457803471605010846,2021-08,0.0051831957
2290083177086946553,2021-10,0.005183107
2408009918678280470,2021-10,0.005182072
8901696535927078963,2021-07,0.005181635
2397171153213063761,2021-10,0.005181512
2408009918678280470,2021-11,0.005180671
8926565682509268383,2021-08,0.005179106
6968106554514688300,2021-11,0.0051779784
2634859679238614382,2021-11,0.005177593
8926565682509268383,2021-11,0.005176775
8926565682509268383,2021-08,0.005176775
5176940320835464459,2021-10,0.0051766643
2687720147676132707,2021-08,0.0051765023
792560389712312178,2021-09,0.005175007
5176940320835464459,2021-11,0.005174899
6969348581033924947,2021-09,0.0051745432
6238903426443761049,2021-08,0.0051737335
8926565682509268383,2021-11,0.005172246
8409181491723988567,2021-09,0.005172069
2598475569074240783,2021-10,0.005171871
4045739494965095560,2021-09,0.0051712035
792560389712312178,2021-09,0.0051694694
1292049196559782171,2021-09,0.0051680203
2903869860445366876,2021-07,0.005166341
8901696535927078963,2021-11,0.0051658857
4919908458022265747,2021-09,0.005162581
2951563549197799278,2021-09,0.0051571713
2951563549197799278,2021-11,0.0051571713
4334472256949955221,2021-11,0.005155975
7930925883736021864,2021-08,0.005155789
6927178425683104769,2021-08,0.0051552784
6927178425683104769,2021-10,0.0051552784
5761480994209806499,2021-07,0.00515497
8901696535927078963,2021-07,0.0051542926
8926565682509268383,2021-08,0.0051531824
8901696535927078963,2021-07,0.005152723
2771214050521171719,2021-08,0.005150573
4532469127306079736,2021-09,0.0051502157
4045739494965095560,2021-10,0.0051500765
1683619849073499603,2021-10,0.0051489896
3285246914299291124,2021-10,0.0051484816
2397171153213063761,2021-11,0.0051468723
7085295800541340563,2021-08,0.005144119
8901696535927078963,2021-11,0.0051438017
7457803471605010846,2021-08,0.0051433914
2408009918678280470,2021-08,0.005143389
7930925883736021864,2021-09,0.00514287
7930925883736021864,2021-09,0.00514287
6721448955097663572,2021-08,0.005142096
5176940320835464459,2021-09,0.0051386137
4614484019183480654,2021-08,0.0051379264
3285246914299291124,2021-11,0.0051372345
6217788509719675691,2021-09,0.005136474
6217788509719675691,2021-09,0.005136474
2408009918678280470,2021-07,0.0051360233
7085295800541340563,2021-10,0.0051341574
6969348581033924947,2021-10,0.005133975
2408009918678280470,2021-09,0.0051317685
4334472256949955221,2021-08,0.0051316908
4532469127306079736,2021-09,0.005129476
7930925883736021864,2021-11,0.005128196
5761480994209806499,2021-09,0.005128011
5726178124659661019,2021-09,0.005127799
2408009918678280470,2021-09,0.005127145
5864443060004179363,2021-09,0.005126661
8901696535927078963,2021-11,0.005123457
5726178124659661019,2021-11,0.005121926
2408009918678280470,2021-09,0.0051204194
2408009918678280470,2021-07,0.0051204194
4045739494965095560,2021-09,0.005118139
792560389712312178,2021-10,0.005117957
6242636379248496392,2021-08,0.0051173866
5761480994209806499,2021-10,0.0051166704
4532469127306079736,2021-07,0.0051162574
2290083177086946553,2021-11,0.005115389
2397171153213063761,2021-09,0.005114705
3022528659032597047,2021-07,0.005113819
5176940320835464459,2021-10,0.0051137586
1292049196559782171,2021-09,0.005112616
8909740532547211288,2021-08,0.0051111295
2598475569074240783,2021-10,0.0051111146
2408009918678280470,2021-10,0.005110472
6969348581033924947,2021-09,0.005109602
5726178124659661019,2021-08,0.0051054754
792560389712312178,2021-11,0.0051051485
2408009918678280470,2021-11,0.00510371
2408009918678280470,2021-08,0.0051028603
2951563549197799278,2021-10,0.005102437
6969348581033924947,2021-08,0.005100999
6242636379248496392,2021-07,0.005100895
8901696535927078963,2021-08,0.005099206
8926565682509268383,2021-08,0.0050982414
792560389712312178,2021-11,0.0050976677
7457803471605010846,2021-08,0.0050968407
2408009918678280470,2021-08,0.0050954605
8901696535927078963,2021-07,0.0050951387
4532469127306079736,2021-07,0.005094549
2408009918678280470,2021-09,0.0050926255
8909740532547211288,2021-08,0.0050911545
6927178425683104769,2021-08,0.0050903647
7930925883736021864,2021-09,0.0050897705
1292049196559782171,2021-11,0.0050896066
1292049196559782171,2021-08,0.0050896066
1292049196559782171,2021-08,0.0050896066
3095686599956852697,2021-09,0.005088643
3095686599956852697,2021-09,0.005088643
2408009918678280470,2021-11,0.0050883056
107343823625119033,2021-08,0.0050873472
8901696535927078963,2021-10,0.005086623
4045739494965095560,2021-07,0.005086288
5864443060004179363,2021-09,0.0050862296
4045739494965095560,2021-09,0.0050825826
4045739494965095560,2021-09,0.0050825826
2408009918678280470,2021-11,0.0050823945
2290083177086946553,2021-10,0.005082308
3285246914299291124,2021-09,0.0050798706
2408009918678280470,2021-11,0.0050783986
6969348581033924947,2021-11,0.0050772903
6969348581033924947,2021-11,0.0050772903
6969348581033924947,2021-09,0.0050772903
2408009918678280470,2021-10,0.0050769383
2408009918678280470,2021-10,0.0050769383
6721448955097663572,2021-10,0.005076876
5432443358006556295,2021-08,0.005075602
4045739494965095560,2021-11,0.005075272
7457803471605010846,2021-07,0.005074543
8901696535927078963,2021-09,0.005074528
8901696535927078963,2021-10,0.0050735725
8901696535927078963,2021-10,0.0050735725
2408009918678280470,2021-09,0.005072879
2408009918678280470,2021-07,0.005072879
7085295800541340563,2021-07,0.005072783
7930925883736021864,2021-07,0.005072025
4614484019183480654,2021-07,0.005071859
2408009918678280470,2021-09,0.005071356
4045739494965095560,2021-11,0.0050709546
7085295800541340563,2021-10,0.0050696554
4045739494965095560,2021-08,0.0050692228
2397171153213063761,2021-10,0.005067467
3095686599956852697,2021-09,0.005067417
2951563549197799278,2021-08,0.0050673783
2397171153213063761,2021-08,0.005066871
8901696535927078963,2021-11,0.0050665033
8926565682509268383,2021-10,0.005065131
93982185886107798,2021-08,0.0050634975
5726178124659661019,2021-11,0.005061434
8926565682509268383,2021-07,0.0050607785
6242636379248496392,2021-08,0.0050600274
1292049196559782171,2021-10,0.00505918
2408009918678280470,2021-11,0.005057097
8901696535927078963,2021-07,0.005054943
5726178124659661019,2021-08,0.0050537535
2408009918678280470,2021-09,0.005051692
5864443060004179363,2021-07,0.0050502084
6217788509719675691,2021-10,0.005049128
2951563549197799278,2021-07,0.0050482564
8901696535927078963,2021-11,0.005046949
6238903426443761049,2021-11,0.005046872
8926565682509268383,2021-07,0.0050467574
2634859679238614382,2021-09,0.0050459956
4532469127306079736,2021-10,0.005045756
4045739494965095560,2021-10,0.0050443034
2951563549197799278,2021-10,0.0050437697
6242636379248496392,2021-07,0.005040689
8909740532547211288,2021-08,0.0050394046
2408009918678280470,2021-07,0.005039381
6927178425683104769,2021-10,0.0050381618
5726178124659661019,2021-08,0.0050369212
8901696535927078963,2021-08,0.00503608
8926565682509268383,2021-09,0.0050348165
2408009918678280470,2021-10,0.005034126
4334472256949955221,2021-10,0.0050340975
6721448955097663572,2021-07,0.005033309
1292049196559782171,2021-11,0.0050332686
4045739494965095560,2021-09,0.0050331755
7289435138601868544,2021-09,0.00503249
2634859679238614382,2021-09,0.005031817
7289435138601868544,2021-10,0.005031571
93982185886107798,2021-09,0.0050311894
1292049196559782171,2021-10,0.0050306353
2397171153213063761,2021-07,0.0050305426
6927178425683104769,2021-09,0.005029831
2408009918678280470,2021-07,0.0050283684
5432443358006556295,2021-10,0.0050279535
2408009918678280470,2021-09,0.005027505
7930925883736021864,2021-08,0.0050265943
2408009918678280470,2021-07,0.005024069
2408009918678280470,2021-09,0.005024069
6721448955097663572,2021-08,0.0050237235
2290083177086946553,2021-07,0.0050211665
6969348581033924947,2021-07,0.0050207903
5726178124659661019,2021-07,0.0050199544
3285246914299291124,2021-07,0.0050196447
6721448955097663572,2021-07,0.005018585
2634859679238614382,2021-09,0.0050181802
2634859679238614382,2021-09,0.0050181802
4045739494965095560,2021-08,0.0050166044
792560389712312178,2021-08,0.0050161784
7289435138601868544,2021-10,0.0050130235
3095686599956852697,2021-07,0.005012272
2397171153213063761,2021-09,0.0050120126
7457803471605010846,2021-11,0.0050105294
2903869860445366876,2021-10,0.005009212
2408009918678280470,2021-09,0.0050076726
6238903426443761049,2021-09,0.005006779
1292049196559782171,2021-08,0.005003486
3095686599956852697,2021-11,0.005002047
3285246914299291124,2021-09,0.0050016935
7930925883736021864,2021-08,0.005001335
8926565682509268383,2021-10,0.005000562
6721448955097663572,2021-11,0.004998887
6721448955097663572,2021-07,0.0049984767
2397171153213063761,2021-08,0.0049971538
2397171153213063761,2021-11,0.004997092
5176940320835464459,2021-09,0.004996841
6969348581033924947,2021-07,0.004995774
2408009918678280470,2021-10,0.0049955915
2408009918678280470,2021-10,0.0049955915
8926565682509268383,2021-11,0.00499534
7457803471605010846,2021-09,0.0049948567
7289435138601868544,2021-08,0.0049941293
2408009918678280470,2021-07,0.0049932715
93982185886107798,2021-07,0.004993267
6238903426443761049,2021-11,0.0049916985
8926565682509268383,2021-08,0.0049908035
4795152981525833467,2021-09,0.004988313
7289435138601868544,2021-09,0.004988268
8926565682509268383,2021-09,0.004988119
3118152790263512426,2021-10,0.0049877595
1292049196559782171,2021-11,0.0049877306
4614484019183480654,2021-09,0.004986498
5726178124659661019,2021-09,0.0049848566
8901696535927078963,2021-08,0.0049840147
6969348581033924947,2021-07,0.004983478
5176940320835464459,2021-10,0.004981707
6927178425683104769,2021-07,0.0049811495
8926565682509268383,2021-07,0.0049811234
5726178124659661019,2021-09,0.0049791457
7457803471605010846,2021-07,0.0049787136
5176940320835464459,2021-10,0.0049786214
4524147234488547993,2021-10,0.0049773413
5726178124659661019,2021-07,0.004976368
2290083177086946553,2021-08,0.0049741254
4950871361132426979,2021-08,0.004969891
5726178124659661019,2021-08,0.004969686
8926565682509268383,2021-11,0.004967246
93982185886107798,2021-11,0.0049669705
4045739494965095560,2021-09,0.004966313
2408009918678280470,2021-10,0.004966169
6968106554514688300,2021-10,0.0049644588
7289435138601868544,2021-07,0.004961812
2397171153213063761,2021-07,0.0049611153
93982185886107798,2021-09,0.004961023
792560389712312178,2021-09,0.004960894
8926565682509268383,2021-10,0.004959317
3118152790263512426,2021-10,0.0049588936
1292049196559782171,2021-10,0.004958336
1292049196559782171,2021-09,0.004958336
3095686599956852697,2021-07,0.0049576913
6927178425683104769,2021-10,0.0049571954
4045739494965095560,2021-08,0.004955121
8926565682509268383,2021-11,0.0049533485
8901696535927078963,2021-09,0.0049533416
6217788509719675691,2021-11,0.0049527683
8512214463586144353,2021-11,0.00494997
7457803471605010846,2021-07,0.0049493313
8926565682509268383,2021-09,0.0049492163
4045739494965095560,2021-09,0.004948007
5761480994209806499,2021-11,0.0049478617
792560389712312178,2021-09,0.00494604
8926565682509268383,2021-10,0.0049455753
2408009918678280470,2021-10,0.0049441955
3022528659032597047,2021-10,0.0049431333
8909740532547211288,2021-10,0.0049430323
8909740532547211288,2021-10,0.0049430323
8926565682509268383,2021-09,0.004941189
8926565682509268383,2021-09,0.004940931
4614484019183480654,2021-07,0.004940235
6927178425683104769,2021-07,0.0049399934
6721448955097663572,2021-07,0.0049382825
8926565682509268383,2021-07,0.0049367906
2290083177086946553,2021-07,0.004936308
2598475569074240783,2021-11,0.004934193
6242636379248496392,2021-07,0.004932541
6969348581033924947,2021-09,0.0049320795
6969348581033924947,2021-09,0.0049320795
8926565682509268383,2021-07,0.004929857
5726178124659661019,2021-10,0.004929794
5761480994209806499,2021-11,0.004929062
7457803471605010846,2021-10,0.0049287905
6969348581033924947,2021-10,0.0049280166
6238903426443761049,2021-11,0.0049270485
5726178124659661019,2021-07,0.0049262913
5607900901204647807,2021-07,0.0049260785
8926565682509268383,2021-07,0.0049243304
2397171153213063761,2021-07,0.004923786
8926565682509268383,2021-07,0.0049234307
2397171153213063761,2021-11,0.0049224594
8909740532547211288,2021-10,0.0049223844
2408009918678280470,2021-07,0.0049221395
5176940320835464459,2021-07,0.004920839
5176940320835464459,2021-10,0.0049193376
6134696632487351445,2021-07,0.004918294
6217788509719675691,2021-11,0.004918238
4524147234488547993,2021-07,0.004918056
2397171153213063761,2021-11,0.0049178954
8901696535927078963,2021-11,0.0049169688
5761480994209806499,2021-08,0.0049166284
5761480994209806499,2021-08,0.0049166284
6968106554514688300,2021-08,0.0049129482
2397171153213063761,2021-10,0.0049128947
4614484019183480654,2021-09,0.0049079834
4045739494965095560,2021-08,0.004906947
8926565682509268383,2021-10,0.0049062786
6969348581033924947,2021-11,0.004905899
6969348581033924947,2021-11,0.004905899
5855956854975734380,2021-11,0.004904896
2397171153213063761,2021-10,0.0049048495
6969348581033924947,2021-11,0.0049041887
5176940320835464459,2021-08,0.0049025295
6238903426443761049,2021-09,0.0049019526
6238903426443761049,2021-08,0.0049019526
7085295800541340563,2021-07,0.0048997225
7289435138601868544,2021-10,0.004898586
6927178425683104769,2021-09,0.0048982906
5635781225931111684,2021-07,0.004897096
2290083177086946553,2021-11,0.004894885
6969348581033924947,2021-07,0.0048948033
8926565682509268383,2021-08,0.0048946827
2397171153213063761,2021-07,0.0048930687
7289435138601868544,2021-10,0.0048926044
6969348581033924947,2021-11,0.004891284
5761480994209806499,2021-09,0.0048908866
2397171153213063761,2021-11,0.004890606
6927178425683104769,2021-07,0.004890174
8926565682509268383,2021-09,0.0048897937
6217788509719675691,2021-11,0.004889578
3095686599956852697,2021-11,0.004889355
8926565682509268383,2021-08,0.0048878076
8926565682509268383,2021-08,0.0048878076
7457803471605010846,2021-08,0.004887792
6968106554514688300,2021-10,0.0048872954
6721448955097663572,2021-10,0.004886231
6969348581033924947,2021-09,0.004885162
792560389712312178,2021-07,0.0048820153
2397171153213063761,2021-11,0.0048805308
4524147234488547993,2021-07,0.0048770765
5176940320835464459,2021-08,0.0048717475
2290083177086946553,2021-11,0.0048697023
5726178124659661019,2021-08,0.004868408
2397171153213063761,2021-09,0.0048679
2290083177086946553,2021-09,0.004866759
6242636379248496392,2021-09,0.004866505
7085295800541340563,2021-11,0.0048659714
3095686599956852697,2021-10,0.004864667
6721448955097663572,2021-10,0.0048638433
2290083177086946553,2021-10,0.0048635476
8926565682509268383,2021-08,0.0048633358
8926565682509268383,2021-09,0.0048633358
4045739494965095560,2021-07,0.0048625185
2397171153213063761,2021-11,0.004861845
2397171153213063761,2021-11,0.004861845
2771214050521171719,2021-11,0.004860604
4045739494965095560,2021-10,0.0048589553
3118152790263512426,2021-09,0.0048584454
8926565682509268383,2021-07,0.004857936
3095686599956852697,2021-07,0.0048578647
5176940320835464459,2021-11,0.004855403
2290083177086946553,2021-08,0.0048551983
7085295800541340563,2021-11,0.004855111
6721448955097663572,2021-09,0.0048542446
8926565682509268383,2021-09,0.0048538367
792560389712312178,2021-07,0.0048525217
3095686599956852697,2021-08,0.0048520477
5635781225931111684,2021-09,0.0048487214
3095686599956852697,2021-07,0.0048476015
2634859679238614382,2021-09,0.0048465664
2397171153213063761,2021-09,0.004845819
6969348581033924947,2021-08,0.004844752
6969348581033924947,2021-08,0.004844752
8926565682509268383,2021-10,0.0048444006
7457803471605010846,2021-10,0.004843782
7457803471605010846,2021-11,0.0048432467
5726178124659661019,2021-07,0.004843005
6927178425683104769,2021-11,0.0048416494
5726178124659661019,2021-07,0.004840246
3022528659032597047,2021-10,0.0048402045
6242636379248496392,2021-08,0.0048396992
5855956854975734380,2021-11,0.0048370473
4045739494965095560,2021-09,0.0048337323
2397171153213063761,2021-10,0.0048336927
4950871361132426979,2021-07,0.004832482
2951563549197799278,2021-07,0.00483018
3095686599956852697,2021-08,0.0048293252
3472934456083131714,2021-11,0.0048293252
6217788509719675691,2021-07,0.0048285807
792560389712312178,2021-08,0.004827994
2634859679238614382,2021-10,0.004827366
5864443060004179363,2021-11,0.0048231483
6545052034269841737,2021-10,0.0048220293
4045739494965095560,2021-11,0.0048215925
4950871361132426979,2021-09,0.004816895
4334472256949955221,2021-09,0.004816614
8926565682509268383,2021-07,0.0048159487
8926565682509268383,2021-07,0.0048159487
7920896580423665241,2021-08,0.004814804
7870373680211625064,2021-10,0.004814356
5726178124659661019,2021-08,0.0048133857
5726178124659661019,2021-08,0.0048133857
4795152981525833467,2021-11,0.004809869
8926565682509268383,2021-07,0.0048094424
5522764880180045081,2021-10,0.0048073316
2634859679238614382,2021-10,0.004800846
3543162424793477785,2021-08,0.0047970037
5176940320835464459,2021-09,0.0047956198
7457803471605010846,2021-08,0.004793111
2634859679238614382,2021-11,0.0047923937
6721448955097663572,2021-09,0.0047914027
3118152790263512426,2021-07,0.004791084
2397171153213063761,2021-08,0.0047903545
792560389712312178,2021-07,0.0047898
8512214463586144353,2021-11,0.0047892043
2397171153213063761,2021-10,0.0047887247
5726178124659661019,2021-10,0.0047880225
2397171153213063761,2021-09,0.0047873976
6969348581033924947,2021-10,0.004786889
7870373680211625064,2021-08,0.00478299
6721448955097663572,2021-07,0.004781544
2634859679238614382,2021-07,0.0047813426
5176940320835464459,2021-09,0.004778534
3095686599956852697,2021-08,0.0047755125
2634859679238614382,2021-10,0.0047752904
7457803471605010846,2021-09,0.0047752336
8409181491723988567,2021-10,0.0047744224
6238903426443761049,2021-10,0.0047740033
2290083177086946553,2021-07,0.004772753
5522764880180045081,2021-11,0.0047725583
5635781225931111684,2021-09,0.0047716047
2128970218770090704,2021-10,0.0047693793
7870373680211625064,2021-10,0.004769248
7870373680211625064,2021-07,0.0047660577
7870373680211625064,2021-09,0.0047647934
7870373680211625064,2021-11,0.0047638714
5761480994209806499,2021-10,0.004762976
2951563549197799278,2021-09,0.004761787
5726178124659661019,2021-10,0.0047601964
6969348581033924947,2021-09,0.004758778
6969348581033924947,2021-08,0.004758778
7870373680211625064,2021-11,0.004755417
6969348581033924947,2021-11,0.004755105
2290083177086946553,2021-09,0.004755035
8926565682509268383,2021-08,0.0047536544
5726178124659661019,2021-09,0.004751343
8926565682509268383,2021-07,0.004749744
6012031176108922616,2021-10,0.0047448147
8716163053080758848,2021-08,0.0047445465
6927178425683104769,2021-07,0.004744083
5726178124659661019,2021-10,0.004743869
8512214463586144353,2021-08,0.0047437563
8926565682509268383,2021-09,0.004743331
4524147234488547993,2021-08,0.004742003
7870373680211625064,2021-10,0.004740894
6217788509719675691,2021-10,0.004737909
6721448955097663572,2021-10,0.0047373786
7870373680211625064,2021-09,0.0047365916
2634859679238614382,2021-08,0.0047282237
5176940320835464459,2021-07,0.004724632
5176940320835464459,2021-10,0.0047245985
6012031176108922616,2021-10,0.004722104
5726178124659661019,2021-11,0.0047215344
6217788509719675691,2021-07,0.0047211936
5176940320835464459,2021-08,0.0047192583
5726178124659661019,2021-10,0.004718186
3022528659032597047,2021-07,0.0047178473
8409181491723988567,2021-08,0.0047172187
4524147234488547993,2021-11,0.0047121616
93982185886107798,2021-08,0.0047111535
7468724002190465812,2021-07,0.004710762
3118152790263512426,2021-08,0.0047103325
5726178124659661019,2021-09,0.0047094496
5726178124659661019,2021-11,0.004708283
8926565682509268383,2021-09,0.0047046714
2634859679238614382,2021-07,0.004704488
3285246914299291124,2021-07,0.0047041737
6134696632487351445,2021-10,0.0047041513
7268895973869107930,2021-10,0.00469897
5176940320835464459,2021-10,0.00469744
6238903426443761049,2021-10,0.0046964306
6238903426443761049,2021-10,0.0046964306
2634859679238614382,2021-07,0.004688725
5726178124659661019,2021-11,0.004687107
5761480994209806499,2021-09,0.0046859505
7457803471605010846,2021-10,0.0046858774
8909740532547211288,2021-11,0.0046853083
8512214463586144353,2021-07,0.004684183
7870373680211625064,2021-08,0.004683103
93982185886107798,2021-10,0.004682685
8926565682509268383,2021-07,0.0046811183
3118152790263512426,2021-10,0.004680285
2634859679238614382,2021-09,0.0046773097
5522764880180045081,2021-10,0.004676981
6238903426443761049,2021-08,0.004676801
8716163053080758848,2021-07,0.0046767746
7468724002190465812,2021-09,0.0046760845
5176940320835464459,2021-08,0.0046743336
4795152981525833467,2021-10,0.004670136
5726178124659661019,2021-09,0.0046690833
7920896580423665241,2021-11,0.004667357
7920896580423665241,2021-08,0.0046663806
3118152790263512426,2021-09,0.004664693
6969348581033924947,2021-09,0.004661382
5761480994209806499,2021-07,0.004661338
4524147234488547993,2021-11,0.0046589337
5761480994209806499,2021-09,0.004658768
2634859679238614382,2021-09,0.004657972
5726178124659661019,2021-09,0.0046526627
5761480994209806499,2021-11,0.0046509206
8512214463586144353,2021-09,0.0046508634
5726178124659661019,2021-08,0.004650806
4795152981525833467,2021-08,0.004650797
3285246914299291124,2021-08,0.004650137
6134696632487351445,2021-07,0.004646067
4524147234488547993,2021-09,0.0046459325
3285246914299291124,2021-10,0.004644537
8287608084245946173,2021-08,0.004641489
4524147234488547993,2021-08,0.004639538
8716163053080758848,2021-08,0.0046387143
3285246914299291124,2021-08,0.0046386174
3285246914299291124,2021-09,0.0046386174
3118152790263512426,2021-11,0.0046378095
6134696632487351445,2021-08,0.0046334313
3997247264680905799,2021-10,0.0046324283
2119292203323657032,2021-10,0.0046308083
8926565682509268383,2021-07,0.004628835
2634859679238614382,2021-08,0.0046277037
5761480994209806499,2021-07,0.0046261465
2634859679238614382,2021-08,0.0046256217
2951563549197799278,2021-07,0.0046217944
7920896580423665241,2021-10,0.004616903
4524147234488547993,2021-07,0.0046163946
5176940320835464459,2021-09,0.00461609
8487807876567995441,2021-07,0.004614351
3118152790263512426,2021-07,0.0046124677
3022528659032597047,2021-07,0.0046117823
5761480994209806499,2021-09,0.004609209
5176940320835464459,2021-10,0.0046089157
2119292203323657032,2021-10,0.004607566
5176940320835464459,2021-07,0.004604901
8487807876567995441,2021-11,0.0046022832
5607900901204647807,2021-07,0.0046017594
8784237149961904,2021-11,0.004599292
8716163053080758848,2021-09,0.0045982944
8512214463586144353,2021-07,0.004597908
3118152790263512426,2021-07,0.0045966906
7920896580423665241,2021-09,0.004596335
5176940320835464459,2021-09,0.0045931684
5761480994209806499,2021-10,0.00458842
5176940320835464459,2021-09,0.0045883525
6238903426443761049,2021-07,0.004588054
8926565682509268383,2021-10,0.0045865104
8716163053080758848,2021-09,0.0045844363
8512214463586144353,2021-07,0.004583777
8784237149961904,2021-08,0.0045832046
7920896580423665241,2021-09,0.004581741
5176940320835464459,2021-11,0.0045790514
6927178425683104769,2021-10,0.0045785406
6238903426443761049,2021-07,0.004577511
6238903426443761049,2021-10,0.004573141
5761480994209806499,2021-07,0.004572686
4524147234488547993,2021-07,0.0045689517
3022528659032597047,2021-09,0.0045688977
7289435138601868544,2021-07,0.0045682904
5761480994209806499,2021-09,0.004568275
3118152790263512426,2021-11,0.0045681973
4524147234488547993,2021-08,0.0045670113
5726178124659661019,2021-07,0.0045661335
6927178425683104769,2021-09,0.0045649135
6927178425683104769,2021-11,0.0045649135
5176940320835464459,2021-09,0.0045649004
5761480994209806499,2021-09,0.004558465
6217788509719675691,2021-11,0.004558398
5761480994209806499,2021-09,0.004556821
3022528659032597047,2021-08,0.0045567583
5761480994209806499,2021-10,0.004556492
5358243820364010940,2021-07,0.0045552314
5726178124659661019,2021-09,0.0045551495
5761480994209806499,2021-10,0.0045549744
5761480994209806499,2021-10,0.0045549744
8512214463586144353,2021-07,0.0045549353
8512214463586144353,2021-11,0.0045543797
3022528659032597047,2021-07,0.004552808
7268895973869107930,2021-08,0.0045480886
8716163053080758848,2021-07,0.004543741
3118152790263512426,2021-08,0.0045428006
2634859679238614382,2021-07,0.0045412243
3118152790263512426,2021-08,0.004540942
6238903426443761049,2021-09,0.004539606
5176940320835464459,2021-10,0.004538156
8926565682509268383,2021-10,0.0045377794
5761480994209806499,2021-09,0.0045375787
6134696632487351445,2021-09,0.0045373547
4524147234488547993,2021-10,0.00453456
6927178425683104769,2021-09,0.004533641
3118152790263512426,2021-10,0.0045319865
2951563549197799278,2021-07,0.0045283525
4537982850248578883,2021-08,0.004521631
6238903426443761049,2021-09,0.0045206356
5855956854975734380,2021-11,0.004517135
3118152790263512426,2021-08,0.0045170384
5761480994209806499,2021-09,0.00451635
6217788509719675691,2021-09,0.0045153257
6217788509719675691,2021-07,0.0045153257
5726178124659661019,2021-08,0.0045149783
2951563549197799278,2021-10,0.0045126127
5761480994209806499,2021-09,0.0045105377
8512214463586144353,2021-10,0.0045088786
3285246914299291124,2021-09,0.004506906
5726178124659661019,2021-09,0.004506292
3118152790263512426,2021-08,0.0045051626
5726178124659661019,2021-08,0.004504493
6134696632487351445,2021-07,0.0045044143
2128970218770090704,2021-09,0.004503826
5635781225931111684,2021-11,0.0045036655
8287608084245946173,2021-11,0.0045024813
2951563549197799278,2021-10,0.004495976
3022528659032597047,2021-10,0.004492162
5726178124659661019,2021-10,0.0044917525
5726178124659661019,2021-07,0.0044917525
6238903426443761049,2021-11,0.004491226
5726178124659661019,2021-07,0.004491213
3997247264680905799,2021-10,0.0044906586
5761480994209806499,2021-10,0.00449052
5761480994209806499,2021-10,0.00449052
5761480994209806499,2021-08,0.00448726
4795152981525833467,2021-08,0.0044809147
6217788509719675691,2021-08,0.0044783754
6217788509719675691,2021-09,0.0044783503
4524147234488547993,2021-08,0.004473119
5761480994209806499,2021-08,0.004471075
5726178124659661019,2021-07,0.004468804
3022528659032597047,2021-09,0.004468384
6217788509719675691,2021-09,0.0044627944
4524147234488547993,2021-09,0.004462254
4795152981525833467,2021-08,0.004460795
5726178124659661019,2021-09,0.0044605257
5176940320835464459,2021-08,0.004460001
2128970218770090704,2021-11,0.0044598463
5761480994209806499,2021-07,0.004459785
5358243820364010940,2021-08,0.0044594207
3118152790263512426,2021-08,0.0044588405
5726178124659661019,2021-08,0.0044587455
8512214463586144353,2021-07,0.00445821
5761480994209806499,2021-08,0.004457789
5726178124659661019,2021-07,0.0044573955
7920896580423665241,2021-10,0.004457044
3022528659032597047,2021-11,0.0044561382
5761480994209806499,2021-09,0.0044551953
5176940320835464459,2021-10,0.0044538965
5176940320835464459,2021-09,0.0044521145
5761480994209806499,2021-08,0.0044515356
5635781225931111684,2021-09,0.004447115
5761480994209806499,2021-07,0.0044459645
2634859679238614382,2021-07,0.004445376
3118152790263512426,2021-09,0.004443287
5176940320835464459,2021-09,0.004442629
4795152981525833467,2021-10,0.0044420133
5726178124659661019,2021-11,0.004440727
5761480994209806499,2021-09,0.0044395975
3118152790263512426,2021-11,0.0044395467
5726178124659661019,2021-09,0.0044367127
5761480994209806499,2021-10,0.004436315
5761480994209806499,2021-10,0.004434803
5761480994209806499,2021-10,0.004434803
5761480994209806499,2021-10,0.00443309
5761480994209806499,2021-08,0.0044313623
2128970218770090704,2021-09,0.004427886
7268895973869107930,2021-10,0.0044247154
5726178124659661019,2021-07,0.004423134
3997247264680905799,2021-08,0.00442271
5726178124659661019,2021-07,0.004422468
5176940320835464459,2021-07,0.0044215824
5176940320835464459,2021-11,0.0044215824
6969348581033924947,2021-07,0.0044214963
3118152790263512426,2021-11,0.004420993
5176940320835464459,2021-09,0.004420701
5726178124659661019,2021-10,0.004418859
4795152981525833467,2021-09,0.004417357
3472934456083131714,2021-07,0.004416208
5176940320835464459,2021-08,0.004416084
2128970218770090704,2021-08,0.004414619
3543162424793477785,2021-08,0.004413571
6927178425683104769,2021-10,0.0044102976
2119292203323657032,2021-09,0.0044084243
5761480994209806499,2021-08,0.0044055996
5635781225931111684,2021-09,0.0044047004
5761480994209806499,2021-07,0.004404529
2634859679238614382,2021-07,0.0044023027
5761480994209806499,2021-11,0.004401078
5176940320835464459,2021-09,0.004400641
2397171153213063761,2021-09,0.0043993006
3118152790263512426,2021-11,0.004398655
3022528659032597047,2021-10,0.004397542
5176940320835464459,2021-11,0.004395822
3022528659032597047,2021-11,0.0043952735
8716163053080758848,2021-08,0.0043904707
4524147234488547993,2021-07,0.0043871016
5726178124659661019,2021-07,0.004385094
8716163053080758848,2021-08,0.004384657
5176940320835464459,2021-09,0.0043837433
5761480994209806499,2021-09,0.004383296
5761480994209806499,2021-11,0.0043800385
8716163053080758848,2021-11,0.004379003
5176940320835464459,2021-07,0.004378614
8287608084245946173,2021-10,0.004377891
6134696632487351445,2021-09,0.0043769265
1683619849073499603,2021-08,0.0043744086
6134696632487351445,2021-07,0.004374369
3022528659032597047,2021-08,0.004370716
8716163053080758848,2021-07,0.004367967
2119292203323657032,2021-08,0.0043678014
5761480994209806499,2021-07,0.004365405
7468724002190465812,2021-08,0.004362382
8716163053080758848,2021-10,0.0043575615
4593070249039532001,2021-10,0.0043571205
6238903426443761049,2021-10,0.004354976
5761480994209806499,2021-09,0.0043545044
6134696632487351445,2021-09,0.0043490645
5176940320835464459,2021-10,0.0043486063
5176940320835464459,2021-09,0.0043456526
8287608084245946173,2021-09,0.0043451414
3472934456083131714,2021-09,0.0043424396
3472934456083131714,2021-10,0.0043407124
2634859679238614382,2021-10,0.0043397686
5761480994209806499,2021-11,0.0043382174
5761480994209806499,2021-09,0.0043377643
2634859679238614382,2021-07,0.004337052
8287608084245946173,2021-09,0.004336467
4593070249039532001,2021-08,0.004335448
7870373680211625064,2021-07,0.0043332465
3285246914299291124,2021-09,0.004332355
4527499691197377217,2021-08,0.004331531
5761480994209806499,2021-11,0.0043301736
6217788509719675691,2021-08,0.004330044
7268895973869107930,2021-11,0.0043269084
3472934456083131714,2021-08,0.004326263
6987942592445950913,2021-09,0.004324951
8784237149961904,2021-11,0.004322633
4537982850248578883,2021-09,0.00432013
5176940320835464459,2021-11,0.0043200296
8716163053080758848,2021-07,0.004319919
5176940320835464459,2021-08,0.004317854
7920896580423665241,2021-07,0.00431553
4537982850248578883,2021-11,0.004315448
5761480994209806499,2021-11,0.004314524
5761480994209806499,2021-09,0.004311551
5176940320835464459,2021-11,0.0043096864
5176940320835464459,2021-11,0.0043087555
3997247264680905799,2021-10,0.0043069045
5761480994209806499,2021-10,0.004306406
5761480994209806499,2021-10,0.004306406
4795152981525833467,2021-07,0.004305964
2128970218770090704,2021-09,0.0043056305
2119292203323657032,2021-09,0.004304672
6134696632487351445,2021-11,0.0043041613
8287608084245946173,2021-09,0.0043027126
7268895973869107930,2021-10,0.0043021096
6969348581033924947,2021-07,0.0043020262
6969348581033924947,2021-07,0.0043020262
5761480994209806499,2021-07,0.004301822
6238903426443761049,2021-08,0.0043010744
8287608084245946173,2021-10,0.004299145
8784237149961904,2021-08,0.0042943265
6987942592445950913,2021-07,0.0042933114
8784237149961904,2021-07,0.0042922515
5726178124659661019,2021-11,0.004292196
3970610368027129821,2021-08,0.0042911186
2903869860445366876,2021-08,0.00428875
2634859679238614382,2021-08,0.004288031
3118152790263512426,2021-07,0.0042879637
4795152981525833467,2021-09,0.004287685
6238903426443761049,2021-08,0.0042864657
6238903426443761049,2021-08,0.0042830966
8784237149961904,2021-10,0.004282399
3472934456083131714,2021-11,0.004282076
7268895973869107930,2021-11,0.0042795436
4679462479444735708,2021-10,0.0042776866
5761480994209806499,2021-09,0.004273249
6238903426443761049,2021-11,0.004269323
5176940320835464459,2021-11,0.004268664
5176940320835464459,2021-11,0.004268664
3472934456083131714,2021-09,0.004267821
3472934456083131714,2021-08,0.004267821
6134696632487351445,2021-11,0.0042672576
3472934456083131714,2021-08,0.0042667775
3997247264680905799,2021-08,0.004266581
5726178124659661019,2021-08,0.0042608376
5761480994209806499,2021-08,0.004260245
6134696632487351445,2021-09,0.0042597535
3472934456083131714,2021-08,0.0042589586
8287608084245946173,2021-10,0.0042577353
4795152981525833467,2021-08,0.004256945
5761480994209806499,2021-09,0.004256361
2128970218770090704,2021-09,0.004254759
6987942592445950913,2021-10,0.0042540496
8287608084245946173,2021-09,0.004253712
2092588065958607289,2021-08,0.00425308
2119292203323657032,2021-10,0.004251362
3118152790263512426,2021-09,0.0042512715
8716163053080758848,2021-11,0.0042482205
7268895973869107930,2021-10,0.0042473306
3118152790263512426,2021-07,0.0042470605
8784237149961904,2021-10,0.0042465604
5176940320835464459,2021-11,0.004242576
5176940320835464459,2021-10,0.0042421347
5176940320835464459,2021-10,0.0042421347
5761480994209806499,2021-07,0.004241573
5761480994209806499,2021-10,0.0042401296
5761480994209806499,2021-09,0.004237718
2119292203323657032,2021-10,0.0042366516
8287608084245946173,2021-11,0.0042360686
2128970218770090704,2021-08,0.0042355354
8287608084245946173,2021-09,0.004234359
5726178124659661019,2021-08,0.0042290366
8287608084245946173,2021-08,0.004228982
2903869860445366876,2021-08,0.00422897
3997247264680905799,2021-09,0.004227019
8512214463586144353,2021-09,0.004220427
5761480994209806499,2021-11,0.0042171455
8784237149961904,2021-08,0.004216873
2092588065958607289,2021-07,0.0042166673
7268895973869107930,2021-08,0.0042148256
5176940320835464459,2021-07,0.0042066937
5176940320835464459,2021-07,0.0042061466
4795152981525833467,2021-07,0.0042033894
4679462479444735708,2021-11,0.004199419
7268895973869107930,2021-11,0.0041990005
5761480994209806499,2021-09,0.004198478
7268895973869107930,2021-09,0.0041967025
7268895973869107930,2021-10,0.004193844
4679462479444735708,2021-09,0.004193382
7268895973869107930,2021-11,0.0041913074
4537982850248578883,2021-08,0.0041912557
4537982850248578883,2021-10,0.0041912557
5176940320835464459,2021-07,0.0041901655
7268895973869107930,2021-09,0.0041884924
5176940320835464459,2021-10,0.0041865576
3997247264680905799,2021-08,0.004185494
4795152981525833467,2021-09,0.0041840915
4593070249039532001,2021-08,0.0041831597
6969348581033924947,2021-08,0.004182121
3997247264680905799,2021-10,0.0041819937
8784237149961904,2021-10,0.0041802307
2634859679238614382,2021-09,0.0041793436
4795152981525833467,2021-11,0.0041785995
4795152981525833467,2021-11,0.0041785995
8287608084245946173,2021-08,0.0041774586
7268895973869107930,2021-07,0.00417541
8716163053080758848,2021-07,0.0041746846
1683619849073499603,2021-11,0.0041704266
1683619849073499603,2021-11,0.0041704266
8716163053080758848,2021-07,0.004169987
8784237149961904,2021-11,0.0041695037
8287608084245946173,2021-08,0.0041690823
2634859679238614382,2021-07,0.004165334
4679462479444735708,2021-10,0.00415743
8716163053080758848,2021-08,0.0041564275
8716163053080758848,2021-08,0.0041564275
8716163053080758848,2021-09,0.0041562477
7268895973869107930,2021-11,0.004156214
7268895973869107930,2021-11,0.0041539827
8784237149961904,2021-11,0.00415387
2092588065958607289,2021-10,0.0041526556
7268895973869107930,2021-09,0.0041503883
8287608084245946173,2021-08,0.0041502365
8716163053080758848,2021-11,0.004149718
2634859679238614382,2021-10,0.004149192
3118152790263512426,2021-07,0.004148357
2903869860445366876,2021-09,0.004148085
7268895973869107930,2021-10,0.004147185
2119292203323657032,2021-09,0.0041454798
8287608084245946173,2021-09,0.004144854
5358243820364010940,2021-08,0.0041446867
3118152790263512426,2021-10,0.0041418415
6987942592445950913,2021-07,0.004140288
6217788509719675691,2021-07,0.0041400343
3997247264680905799,2021-08,0.0041398243
8287608084245946173,2021-10,0.0041364287
2634859679238614382,2021-08,0.00413535
8784237149961904,2021-08,0.004135099
2128970218770090704,2021-10,0.0041339016
8287608084245946173,2021-09,0.0041314014
7268895973869107930,2021-09,0.0041296887
8716163053080758848,2021-07,0.0041290694
8716163053080758848,2021-10,0.0041284435
8716163053080758848,2021-09,0.004126666
8716163053080758848,2021-09,0.004126666
8716163053080758848,2021-07,0.004123798
6987942592445950913,2021-11,0.0041235476
2903869860445366876,2021-10,0.0041233064
3472934456083131714,2021-11,0.004122839
2119292203323657032,2021-09,0.0041224277
4537982850248578883,2021-11,0.004120355
2092588065958607289,2021-09,0.004120355
4795152981525833467,2021-09,0.0041200165
8512214463586144353,2021-07,0.0041198013
4537982850248578883,2021-07,0.004119015
4795152981525833467,2021-08,0.0041189073
2128970218770090704,2021-10,0.004118725
8716163053080758848,2021-11,0.004118348
7268895973869107930,2021-07,0.0041174935
6987942592445950913,2021-07,0.0041173194
8716163053080758848,2021-08,0.0041157613
2903869860445366876,2021-08,0.00411539
8287608084245946173,2021-08,0.0041137505
4795152981525833467,2021-10,0.0041101165
8287608084245946173,2021-11,0.004107063
8784237149961904,2021-08,0.0041066655
4679462479444735708,2021-07,0.004101273
1683619849073499603,2021-11,0.0041009323
8287608084245946173,2021-08,0.004099569
4679462479444735708,2021-07,0.0040992126
8716163053080758848,2021-10,0.0040981774
7268895973869107930,2021-09,0.004096928
7268895973869107930,2021-09,0.004096928
8784237149961904,2021-10,0.0040945043
7268895973869107930,2021-09,0.004092275
8716163053080758848,2021-07,0.0040902933
2903869860445366876,2021-11,0.0040883375
7268895973869107930,2021-10,0.0040871864
6969348581033924947,2021-10,0.0040839775
6969348581033924947,2021-10,0.0040839775
8784237149961904,2021-09,0.0040819356
5358243820364010940,2021-08,0.0040775007
7268895973869107930,2021-11,0.004076765
8716163053080758848,2021-09,0.0040764804
2128970218770090704,2021-08,0.004075739
8784237149961904,2021-10,0.0040745605
2092588065958607289,2021-08,0.004074466
6969348581033924947,2021-09,0.0040741465
8716163053080758848,2021-07,0.0040722317
6987942592445950913,2021-09,0.0040713577
4679462479444735708,2021-10,0.004069796
8784237149961904,2021-07,0.004067643
4679462479444735708,2021-11,0.004066444
8716163053080758848,2021-09,0.0040658293
6969348581033924947,2021-08,0.0040590735
6969348581033924947,2021-08,0.0040590735
5176940320835464459,2021-07,0.0040575545
6969348581033924947,2021-09,0.004056314
5176940320835464459,2021-07,0.0040559345
4679462479444735708,2021-08,0.0040498753
1683619849073499603,2021-10,0.004049277
2128970218770090704,2021-09,0.0040487424
3997247264680905799,2021-08,0.004047887
8716163053080758848,2021-07,0.0040449835
4679462479444735708,2021-08,0.0040440615
5176940320835464459,2021-11,0.0040397923
6969348581033924947,2021-10,0.004038839
7751080728852739823,2021-08,0.0040381756
6969348581033924947,2021-08,0.004037109
6969348581033924947,2021-09,0.004037109
5176940320835464459,2021-07,0.004031017
7268895973869107930,2021-10,0.0040308754
2634859679238614382,2021-09,0.0040303622
7920896580423665241,2021-08,0.0040293997
2092588065958607289,2021-08,0.0040280223
7920896580423665241,2021-09,0.0040274346
8716163053080758848,2021-10,0.004027295
8716163053080758848,2021-11,0.004027295
8716163053080758848,2021-09,0.0040271212
8716163053080758848,2021-09,0.0040245918
4679462479444735708,2021-07,0.004023997
8784237149961904,2021-09,0.0040230304
6987942592445950913,2021-10,0.0040229824
2128970218770090704,2021-10,0.0040217065
8716163053080758848,2021-10,0.00402062
4593070249039532001,2021-07,0.004020051
6987942592445950913,2021-10,0.0040195333
4593070249039532001,2021-08,0.0040192986
4679462479444735708,2021-07,0.0040191095
2634859679238614382,2021-09,0.0040173214
5358243820364010940,2021-10,0.0040151244
2128970218770090704,2021-09,0.004014958
4679462479444735708,2021-09,0.00401091
8784237149961904,2021-11,0.0040106988
1683619849073499603,2021-08,0.0040087565
4679462479444735708,2021-07,0.0040084138
6987942592445950913,2021-09,0.004007384
4679462479444735708,2021-08,0.0040063527
4679462479444735708,2021-08,0.0040061455
4679462479444735708,2021-08,0.0040061455
6987942592445950913,2021-08,0.0040013175
4679462479444735708,2021-09,0.0040003425
2092588065958607289,2021-10,0.003999828
7920896580423665241,2021-10,0.0039995885
4593070249039532001,2021-11,0.0039964537
4593070249039532001,2021-10,0.003994298
4679462479444735708,2021-09,0.003994141
3997247264680905799,2021-09,0.0039904416
4537982850248578883,2021-07,0.003990398
8716163053080758848,2021-09,0.0039896076
7920896580423665241,2021-09,0.003988469
2128970218770090704,2021-09,0.0039875824
6545052034269841737,2021-09,0.0039827996
8784237149961904,2021-08,0.003981128
6987942592445950913,2021-08,0.003980555
1683619849073499603,2021-08,0.0039779297
5358243820364010940,2021-08,0.0039766436
2128970218770090704,2021-07,0.0039750044
6987942592445950913,2021-08,0.003974559
2128970218770090704,2021-10,0.003973215
4679462479444735708,2021-07,0.003969735
6987942592445950913,2021-11,0.0039692316
2128970218770090704,2021-07,0.0039641527
6987942592445950913,2021-11,0.0039635086
3997247264680905799,2021-11,0.0039624902
6238903426443761049,2021-08,0.0039605373
2128970218770090704,2021-07,0.003959576
8287608084245946173,2021-10,0.003957175
2128970218770090704,2021-10,0.0039569987
2128970218770090704,2021-07,0.003956696
3997247264680905799,2021-10,0.003954637
2092588065958607289,2021-09,0.0039542313
3997247264680905799,2021-09,0.003952714
3997247264680905799,2021-10,0.003952714
3997247264680905799,2021-10,0.003952714
4679462479444735708,2021-07,0.0039521903
8784237149961904,2021-08,0.003951498
8716163053080758848,2021-10,0.00394973
5358243820364010940,2021-08,0.003948333
4593070249039532001,2021-09,0.0039462764
4537982850248578883,2021-09,0.0039442508
4593070249039532001,2021-11,0.0039407136
4679462479444735708,2021-08,0.0039391904
4679462479444735708,2021-08,0.0039391904
4537982850248578883,2021-07,0.0039371103
8716163053080758848,2021-07,0.0039359923
4537982850248578883,2021-09,0.003935901
1683619849073499603,2021-07,0.0039354875
8716163053080758848,2021-10,0.0039354335
6969348581033924947,2021-10,0.00393281
3997247264680905799,2021-08,0.003931544
6969348581033924947,2021-09,0.0039313533
1683619849073499603,2021-07,0.003928966
4593070249039532001,2021-10,0.003927818
7751080728852739823,2021-10,0.0039244634
2092588065958607289,2021-09,0.0039236695
6238903426443761049,2021-10,0.0039232895
5358243820364010940,2021-07,0.0039194133
4679462479444735708,2021-07,0.0039182426
5176940320835464459,2021-07,0.003915365
6969348581033924947,2021-10,0.0039141877
4679462479444735708,2021-07,0.003910605
5176940320835464459,2021-07,0.0039104433
4679462479444735708,2021-08,0.0039091934
6987942592445950913,2021-10,0.00390901
3997247264680905799,2021-07,0.003908076
4679462479444735708,2021-11,0.003907044
6969348581033924947,2021-07,0.003905606
4679462479444735708,2021-09,0.0039037645
2092588065958607289,2021-08,0.0039021054
8287608084245946173,2021-07,0.003899815
8784237149961904,2021-10,0.003898924
3997247264680905799,2021-07,0.0038977247
6987942592445950913,2021-09,0.0038950802
8784237149961904,2021-08,0.0038947004
2128970218770090704,2021-09,0.0038885653
4593070249039532001,2021-09,0.0038878766
5176940320835464459,2021-08,0.0038874978
6987942592445950913,2021-07,0.0038849083
4537982850248578883,2021-08,0.0038847774
6969348581033924947,2021-07,0.0038800638
1683619849073499603,2021-08,0.0038800528
2128970218770090704,2021-08,0.0038768619
6969348581033924947,2021-10,0.00387536
4679462479444735708,2021-10,0.0038733482
6969348581033924947,2021-10,0.0038732046
4537982850248578883,2021-09,0.0038726123
2092588065958607289,2021-08,0.0038711852
3997247264680905799,2021-07,0.0038710362
2092588065958607289,2021-11,0.0038707366
7751080728852739823,2021-09,0.003867702
8784237149961904,2021-09,0.0038674122
6987942592445950913,2021-09,0.0038658218
3997247264680905799,2021-10,0.0038648578
5358243820364010940,2021-08,0.0038643766
2092588065958607289,2021-11,0.0038641896
3997247264680905799,2021-07,0.0038618667
1683619849073499603,2021-08,0.003861687
5176940320835464459,2021-10,0.003856849
8784237149961904,2021-07,0.003855743
4593070249039532001,2021-10,0.0038493907
7751080728852739823,2021-08,0.0038468556
5358243820364010940,2021-11,0.003846514
1683619849073499603,2021-11,0.0038462544
8716163053080758848,2021-08,0.0038446872
6238903426443761049,2021-07,0.0038444793
6969348581033924947,2021-08,0.0038443056
6238903426443761049,2021-08,0.0038440116
6238903426443761049,2021-07,0.003842626
6545052034269841737,2021-08,0.0038424253
3997247264680905799,2021-09,0.0038420055
3997247264680905799,2021-11,0.0038402905
6238903426443761049,2021-09,0.003837734
4593070249039532001,2021-07,0.0038361223
3997247264680905799,2021-09,0.003833955
7920896580423665241,2021-10,0.0038330588
6238903426443761049,2021-09,0.0038319738
5176940320835464459,2021-09,0.0038294953
2092588065958607289,2021-08,0.003829052
4679462479444735708,2021-08,0.003827348
4679462479444735708,2021-08,0.003827348
2092588065958607289,2021-08,0.0038255267
6987942592445950913,2021-11,0.0038253977
7751080728852739823,2021-11,0.003821749
3997247264680905799,2021-11,0.0038178368
5176940320835464459,2021-08,0.0038146935
4679462479444735708,2021-09,0.0038121156
4679462479444735708,2021-11,0.003812034
4679462479444735708,2021-11,0.003812034
2092588065958607289,2021-08,0.0038097678
6238903426443761049,2021-11,0.0038093897
8716163053080758848,2021-08,0.0038085391
2092588065958607289,2021-11,0.0038084905
2092588065958607289,2021-07,0.003807101
8716163053080758848,2021-08,0.0038063922
4679462479444735708,2021-09,0.0038063054
4679462479444735708,2021-07,0.0038063054
3997247264680905799,2021-09,0.0038053852
6969348581033924947,2021-11,0.0038019435
4679462479444735708,2021-08,0.003798885
6238903426443761049,2021-10,0.0037974727
1683619849073499603,2021-09,0.003788669
6545052034269841737,2021-09,0.0037855385
1683619849073499603,2021-07,0.0037792572
8716163053080758848,2021-11,0.0037782283
6238903426443761049,2021-07,0.0037763407
8716163053080758848,2021-11,0.0037760988
2092588065958607289,2021-10,0.003775575
2092588065958607289,2021-10,0.003775575
2092588065958607289,2021-07,0.003773889
1683619849073499603,2021-10,0.0037705956
6545052034269841737,2021-09,0.003769686
6545052034269841737,2021-09,0.003769686
8287608084245946173,2021-08,0.0037687707
1683619849073499603,2021-09,0.0037675074
8716163053080758848,2021-08,0.003765816
1683619849073499603,2021-09,0.0037651402
8716163053080758848,2021-10,0.003764414
3997247264680905799,2021-10,0.003762785
1683619849073499603,2021-09,0.0037612428
1683619849073499603,2021-10,0.0037611215
8287608084245946173,2021-08,0.0037604675
8716163053080758848,2021-09,0.0037583085
8287608084245946173,2021-10,0.0037550426
6545052034269841737,2021-07,0.0037506733
2772135008486239291,2021-09,0.0037386816
2092588065958607289,2021-10,0.0037306142
4679462479444735708,2021-07,0.0037287876
5176940320835464459,2021-07,0.0037281287
7751080728852739823,2021-07,0.003726287
2128970218770090704,2021-08,0.0037257758
3997247264680905799,2021-09,0.0037250607
5176940320835464459,2021-09,0.0037244041
8716163053080758848,2021-10,0.0037156278
5176940320835464459,2021-09,0.0037116162
5176940320835464459,2021-10,0.0037116162
6545052034269841737,2021-10,0.003707311
8716163053080758848,2021-10,0.0036878388
2092588065958607289,2021-07,0.003682144
2092588065958607289,2021-09,0.0036758045
2092588065958607289,2021-09,0.0036758045
7751080728852739823,2021-09,0.0036739574
2092588065958607289,2021-09,0.003667395
3997247264680905799,2021-10,0.0036632072
3997247264680905799,2021-10,0.0036632072
7751080728852739823,2021-08,0.003658934
4679462479444735708,2021-08,0.0036566295
4235078665660987689,2021-10,0.0036469952
7751080728852739823,2021-10,0.003643947
2092588065958607289,2021-07,0.003642543
2092588065958607289,2021-07,0.003639701
2092588065958607289,2021-07,0.003639701
4235078665660987689,2021-10,0.0036375988
2092588065958607289,2021-09,0.00363518
4235078665660987689,2021-09,0.003633942
6545052034269841737,2021-07,0.0036304095
2128970218770090704,2021-09,0.0036272614
2128970218770090704,2021-09,0.0036272614
6545052034269841737,2021-11,0.003621223
2119292203323657032,2021-07,0.003620665
4235078665660987689,2021-07,0.0036122287
6545052034269841737,2021-07,0.003605987
2128970218770090704,2021-09,0.003604805
7751080728852739823,2021-10,0.0036027965
2128970218770090704,2021-10,0.003602559
4679462479444735708,2021-07,0.003600452
2092588065958607289,2021-08,0.0035988428
2128970218770090704,2021-07,0.0035986567
2092588065958607289,2021-08,0.0035971026
6545052034269841737,2021-08,0.003594255
2092588065958607289,2021-11,0.0035917982
6545052034269841737,2021-10,0.0035855898
4679462479444735708,2021-10,0.0035846445
2092588065958607289,2021-11,0.0035806685
4235078665660987689,2021-09,0.003580228
2092588065958607289,2021-11,0.003574481
2092588065958607289,2021-08,0.0035707331
4679462479444735708,2021-10,0.0035696505
4235078665660987689,2021-10,0.003569013
7751080728852739823,2021-08,0.0035687552
2092588065958607289,2021-11,0.0035683145
2092588065958607289,2021-11,0.003561128
4235078665660987689,2021-07,0.003560037
2092588065958607289,2021-11,0.003557585
5358243820364010940,2021-08,0.0035541367
6545052034269841737,2021-10,0.0035500103
4235078665660987689,2021-09,0.0035480133
2092588065958607289,2021-09,0.0035468435
4235078665660987689,2021-11,0.0035414482
2092588065958607289,2021-08,0.0035407245
7751080728852739823,2021-10,0.0035402419
7751080728852739823,2021-10,0.0035402419
8287608084245946173,2021-08,0.0035394933
4235078665660987689,2021-10,0.0035373934
8287608084245946173,2021-11,0.0035184529
6969348581033924947,2021-07,0.0035120058
6545052034269841737,2021-10,0.0035111262
4593070249039532001,2021-11,0.003481862
4235078665660987689,2021-09,0.0034796542
2092588065958607289,2021-07,0.0034717775
6545052034269841737,2021-07,0.0034662965
6545052034269841737,2021-07,0.003458851
7751080728852739823,2021-11,0.0034563965
7751080728852739823,2021-10,0.0034476598
2119292203323657032,2021-07,0.0034327297
8287608084245946173,2021-08,0.0034209446
8287608084245946173,2021-10,0.003420647
8287608084245946173,2021-07,0.0034197108
4593070249039532001,2021-11,0.0034177469
8287608084245946173,2021-11,0.003416123
8287608084245946173,2021-08,0.0034160921
4235078665660987689,2021-09,0.0034134048
4831988987853936627,2021-11,0.0034131666
7751080728852739823,2021-11,0.0034124965
8287608084245946173,2021-07,0.0034111755
7751080728852739823,2021-10,0.003397074
7751080728852739823,2021-10,0.003397074
2119292203323657032,2021-09,0.003389574
4235078665660987689,2021-10,0.0033889408
7751080728852739823,2021-10,0.0033836353
8287608084245946173,2021-10,0.0033833073
8287608084245946173,2021-10,0.0033833073
6545052034269841737,2021-08,0.0033654594
6545052034269841737,2021-08,0.0033582298
7751080728852739823,2021-09,0.003339915
2119292203323657032,2021-07,0.003339082
2092588065958607289,2021-08,0.0033331632
4235078665660987689,2021-09,0.003328552
2772135008486239291,2021-08,0.0033197321
7751080728852739823,2021-10,0.0033044412
6545052034269841737,2021-07,0.003302229
6545052034269841737,2021-07,0.0033016
2092588065958607289,2021-08,0.0032853445
6545052034269841737,2021-09,0.0032780874
7138126049219817285,2021-08,0.00326421
6545052034269841737,2021-10,0.0032605445
6545052034269841737,2021-07,0.0032605445
6545052034269841737,2021-08,0.0032593699
6545052034269841737,2021-07,0.0032508485
6545052034269841737,2021-08,0.003241984
2092588065958607289,2021-09,0.0032258697
7751080728852739823,2021-08,0.003223584
6545052034269841737,2021-10,0.003222639
2092588065958607289,2021-07,0.0032141337
2092588065958607289,2021-07,0.0032141337
2092588065958607289,2021-08,0.0032137427
2092588065958607289,2021-10,0.0032128796
6545052034269841737,2021-09,0.0032090964
2092588065958607289,2021-11,0.0032036724
4235078665660987689,2021-10,0.0032004153
4235078665660987689,2021-11,0.0031910269
2092588065958607289,2021-10,0.0031709024
2092588065958607289,2021-07,0.0031581784
8305404138704642088,2021-09,0.00301588
7590999900861381526,2021-07,0.0027878494
6636325081217917184,2021-08,0.0027740465
3447213159487287154,2021-08,0.0027692637
4556737702757145073,2021-10,0.0027484624
4556737702757145073,2021-09,0.002696362
3447213159487287154,2021-08,0.0026450872
2988042199057874759,2021-08,0.0025820043
4762256864594914240,2021-10,0.00257808
3447213159487287154,2021-08,0.002525308
3447213159487287154,2021-08,0.002458192
4556737702757145073,2021-11,0.0024438018
8012945665375811304,2021-10,0.0022993083
4831988987853936627,2021-08,0.0022305208
6842075380768862290,2021-08,0.0022111393
4187591029730357479,2021-10,0.0021553452
8463871205935856285,2021-07,0.002130266
6842075380768862290,2021-11,0.002129987
6842075380768862290,2021-10,0.002115011
6842075380768862290,2021-10,0.002115011
4187591029730357479,2021-10,0.0021055269
5058298901476893676,2021-10,0.0020898986
2772135008486239291,2021-07,0.0020850245
6842075380768862290,2021-08,0.0020420067
6842075380768862290,2021-11,0.0020380954
2772135008486239291,2021-10,0.0020311754
4444330375740387073,2021-09,0.0020310935
6842075380768862290,2021-11,0.00202358
4444330375740387073,2021-10,0.0020187565
4444330375740387073,2021-10,0.0020187565
5058298901476893676,2021-07,0.0020177038
4187591029730357479,2021-09,0.002009401
2772135008486239291,2021-09,0.0020091084
5058298901476893676,2021-07,0.0019916357
5058298901476893676,2021-07,0.001978082
8463871205935856285,2021-09,0.001973868
8463871205935856285,2021-08,0.0019699268
5958664040344043635,2021-07,0.0019649335
2772135008486239291,2021-10,0.001962021
5058298901476893676,2021-09,0.0019614338
4995217181024687397,2021-08,0.001960481
8463871205935856285,2021-10,0.0019534214
2382123267535341265,2021-07,0.0019503263
5958664040344043635,2021-10,0.0019470878
8463871205935856285,2021-08,0.0019438269
1269153452773908541,2021-08,0.0019234216
5958664040344043635,2021-10,0.0019230447
4995217181024687397,2021-08,0.0019114055
6053752047545474051,2021-11,0.0019093079
5791518044186095039,2021-07,0.0019031388
4995217181024687397,2021-07,0.001902734
5958664040344043635,2021-09,0.0018955971
4995217181024687397,2021-11,0.0018927401
3822753345985951756,2021-10,0.0018919909
6394935036014530592,2021-11,0.0018904686
3822753345985951756,2021-09,0.0018867564
5958664040344043635,2021-09,0.0018859843
2772135008486239291,2021-10,0.0018807576
5958664040344043635,2021-07,0.0018732927
6842075380768862290,2021-08,0.0018730825
4995217181024687397,2021-10,0.0018714464
4995217181024687397,2021-09,0.0018689416
5958664040344043635,2021-07,0.0018619328
6842075380768862290,2021-11,0.0018607421
7403979270048469991,2021-07,0.0018601117
6842075380768862290,2021-09,0.0018597399
5487870288449327165,2021-08,0.0018534273
2929243640075785940,2021-10,0.0018522764
3822753345985951756,2021-10,0.001851025
1269153452773908541,2021-10,0.0018457939
3281818438120834833,2021-08,0.0018354179
4995217181024687397,2021-09,0.0018334831
5058298901476893676,2021-11,0.0018332831
2929243640075785940,2021-09,0.0018319715
4995217181024687397,2021-09,0.0018310753
3822753345985951756,2021-08,0.0018306491
4187591029730357479,2021-07,0.0018301439
5058298901476893676,2021-07,0.0018280327
1269153452773908541,2021-11,0.001826953
1269153452773908541,2021-11,0.0018221576
4187591029730357479,2021-10,0.0018216174
4831988987853936627,2021-07,0.0018204438
5517114603826429870,2021-11,0.001819227
3822753345985951756,2021-08,0.0018168767
3822753345985951756,2021-08,0.0018138214
2929243640075785940,2021-07,0.0018109486
5058298901476893676,2021-11,0.0018057405
5791518044186095039,2021-11,0.0018038574
5487870288449327165,2021-11,0.00179971
4995217181024687397,2021-11,0.0017983203
4995217181024687397,2021-09,0.0017983203
2772135008486239291,2021-10,0.0017961415
3822753345985951756,2021-11,0.0017948212
4762256864594914240,2021-10,0.0017900596
4995217181024687397,2021-08,0.0017867396
1329553496073467331,2021-07,0.0017864573
4831988987853936627,2021-11,0.0017841612
2772135008486239291,2021-07,0.0017756476
5958664040344043635,2021-08,0.0017749361
1329553496073467331,2021-08,0.001774154
4762256864594914240,2021-09,0.0017724219
2929243640075785940,2021-07,0.0017717824
5517114603826429870,2021-07,0.0017684485
5517114603826429870,2021-07,0.0017649619
2929243640075785940,2021-10,0.0017631953
4995217181024687397,2021-09,0.0017579828
1269153452773908541,2021-07,0.0017575743
5517114603826429870,2021-07,0.001755886
3822753345985951756,2021-10,0.0017526661
4995217181024687397,2021-10,0.0017492782
2929243640075785940,2021-10,0.0017472077
4995217181024687397,2021-08,0.0017445234
2929243640075785940,2021-07,0.001743186
4995217181024687397,2021-07,0.0017404177
5958664040344043635,2021-08,0.0017402844
3281818438120834833,2021-07,0.0017400996
4995217181024687397,2021-07,0.0017384265
4995217181024687397,2021-08,0.0017368481
4995217181024687397,2021-09,0.0017360556
2929243640075785940,2021-07,0.0017329967
2929243640075785940,2021-07,0.0017310855
2929243640075785940,2021-08,0.001730223
2929243640075785940,2021-11,0.0017201384
4762256864594914240,2021-08,0.0017199044
2929243640075785940,2021-07,0.0017170052
2929243640075785940,2021-08,0.001710979
4762256864594914240,2021-10,0.0017105377
4762256864594914240,2021-08,0.001708535
7708030042671632236,2021-10,0.0017064436
5487870288449327165,2021-10,0.001705867
5487870288449327165,2021-09,0.0017008042
4762256864594914240,2021-11,0.0017005168
4995217181024687397,2021-09,0.0017003986
2929243640075785940,2021-10,0.0016994121
4762256864594914240,2021-07,0.0016976472
3822753345985951756,2021-08,0.0016970249
4995217181024687397,2021-09,0.0016951091
5058298901476893676,2021-08,0.0016919303
4762256864594914240,2021-09,0.0016919031
2929243640075785940,2021-07,0.001691647
2772135008486239291,2021-10,0.0016911364
4762256864594914240,2021-11,0.0016878743
3281818438120834833,2021-09,0.0016857625
4556737702757145073,2021-07,0.0016850709
3822753345985951756,2021-07,0.0016820472
3281818438120834833,2021-09,0.0016795427
4762256864594914240,2021-09,0.0016793755
3822753345985951756,2021-09,0.0016768035
7708030042671632236,2021-08,0.0016747715
4995217181024687397,2021-07,0.0016714097
4762256864594914240,2021-09,0.0016713628
2929243640075785940,2021-07,0.0016709801
4556737702757145073,2021-08,0.0016703884
4556737702757145073,2021-09,0.0016687528
3822753345985951756,2021-07,0.0016683652
7708030042671632236,2021-11,0.0016622894
7895753719321668294,2021-09,0.0016589848
1329553496073467331,2021-10,0.0016587203
2929243640075785940,2021-09,0.0016564706
7895753719321668294,2021-07,0.0016561561
1611146298923153842,2021-09,0.0016471823
1611146298923153842,2021-07,0.0016471823
5517114603826429870,2021-08,0.0016471015
4762256864594914240,2021-09,0.0016468765
1611146298923153842,2021-08,0.0016455498
1611146298923153842,2021-09,0.0016454385
7895753719321668294,2021-11,0.0016447337
1611146298923153842,2021-07,0.0016438868
3822753345985951756,2021-08,0.0016425889
7895753719321668294,2021-10,0.0016419885
4995217181024687397,2021-08,0.0016416033
7895753719321668294,2021-11,0.0016392673
7895753719321668294,2021-09,0.0016372623
3822753345985951756,2021-11,0.0016328085
7708030042671632236,2021-08,0.0016319217
2929243640075785940,2021-07,0.00163085
2929243640075785940,2021-09,0.00163085
7895753719321668294,2021-11,0.0016241597
7895753719321668294,2021-08,0.0016226782
1611146298923153842,2021-10,0.0016205219
7637066986811047950,2021-08,0.001619635
2929243640075785940,2021-11,0.0016159405
8785648114090695180,2021-11,0.0016141091
4995217181024687397,2021-10,0.0016137295
7895753719321668294,2021-11,0.0016127211
1329553496073467331,2021-07,0.0016118024
4995217181024687397,2021-10,0.0016090685
4556737702757145073,2021-09,0.0016083102
3605652314611460806,2021-09,0.0016030243
4762256864594914240,2021-08,0.0016029015
3605652314611460806,2021-09,0.0016013227
1329553496073467331,2021-10,0.0016006252
4762256864594914240,2021-11,0.0015980265
3447213159487287154,2021-11,0.0015977664
2929243640075785940,2021-09,0.0015912169
1611146298923153842,2021-07,0.0015898304
7176848230239877915,2021-11,0.0015879213
3281818438120834833,2021-07,0.0015878668
4995217181024687397,2021-07,0.0015850118
1611146298923153842,2021-09,0.0015826622
4556737702757145073,2021-08,0.0015823292
4556737702757145073,2021-08,0.0015823292
4995217181024687397,2021-10,0.0015783206
7176848230239877915,2021-07,0.0015768636
1329553496073467331,2021-09,0.0015766947
4556737702757145073,2021-11,0.001575236
4995217181024687397,2021-11,0.0015742322
1611146298923153842,2021-10,0.0015705798
4556737702757145073,2021-07,0.0015678641
3391123212703223634,2021-09,0.0015641252
7895753719321668294,2021-09,0.0015636606
3447213159487287154,2021-10,0.0015632899
5517114603826429870,2021-07,0.001562156
2929243640075785940,2021-10,0.0015594721
3822753345985951756,2021-07,0.0015580864
3822753345985951756,2021-07,0.0015580864
8785648114090695180,2021-10,0.0015529956
3447213159487287154,2021-10,0.0015443168
7895753719321668294,2021-09,0.0015405194
7895753719321668294,2021-09,0.0015405194
7708030042671632236,2021-09,0.0015346075
5517114603826429870,2021-08,0.0015340552
2929243640075785940,2021-08,0.001533999
3682570285558758138,2021-11,0.0015318306
2929243640075785940,2021-09,0.0015313932
3605652314611460806,2021-11,0.0015259746
2929243640075785940,2021-10,0.0015252518
7708030042671632236,2021-08,0.0015238923
7325545718770538459,2021-07,0.0015225883
3682570285558758138,2021-08,0.0015199656
7895753719321668294,2021-10,0.0015195562
8785648114090695180,2021-09,0.0015150893
7895753719321668294,2021-07,0.001513759
1611146298923153842,2021-08,0.0015106882
8785648114090695180,2021-07,0.0015093015
7637066986811047950,2021-10,0.0015069778
8785648114090695180,2021-09,0.0015051393
7708030042671632236,2021-10,0.0015042567
7895753719321668294,2021-10,0.0015034841
7590999900861381526,2021-10,0.0015031133
2988042199057874759,2021-07,0.0015020159
1611146298923153842,2021-09,0.0015011594
7590999900861381526,2021-09,0.0014994107
7637066986811047950,2021-10,0.0014978496
7590999900861381526,2021-09,0.0014974951
2988042199057874759,2021-09,0.001496701
7708030042671632236,2021-09,0.0014966433
3605652314611460806,2021-10,0.0014962736
7637066986811047950,2021-10,0.0014950536
7637066986811047950,2021-09,0.0014932844
3605652314611460806,2021-10,0.0014930725
7590999900861381526,2021-08,0.0014925785
7708030042671632236,2021-10,0.0014906412
2988042199057874759,2021-11,0.0014866181
1611146298923153842,2021-11,0.0014855398
7637066986811047950,2021-10,0.0014852193
7895753719321668294,2021-08,0.0014846269
2988042199057874759,2021-11,0.0014836864
7895753719321668294,2021-08,0.0014741016
2988042199057874759,2021-07,0.0014728688
2988042199057874759,2021-08,0.0014684064
7637066986811047950,2021-10,0.0014667887
7590999900861381526,2021-08,0.0014666275
3682570285558758138,2021-10,0.0014649224
2988042199057874759,2021-10,0.0014616568
7637066986811047950,2021-07,0.0014593119
7590999900861381526,2021-09,0.001458902
2988042199057874759,2021-11,0.0014579694
2988042199057874759,2021-07,0.0014550941
3682570285558758138,2021-10,0.0014508533
7637066986811047950,2021-07,0.0014476314
7637066986811047950,2021-07,0.0014418337
2988042199057874759,2021-07,0.001437296
4556737702757145073,2021-09,0.001436144
7637066986811047950,2021-09,0.0014359963
3605652314611460806,2021-10,0.0014328033
7637066986811047950,2021-08,0.0014301975
8785648114090695180,2021-11,0.0014227742
3447213159487287154,2021-10,0.0014197654
7637066986811047950,2021-07,0.0014174876
3682570285558758138,2021-11,0.0014150215
7590999900861381526,2021-10,0.0014133152
7637066986811047950,2021-10,0.0014096703
7590999900861381526,2021-10,0.0013950386
2988042199057874759,2021-09,0.0013927295
2988042199057874759,2021-09,0.0013927295
2988042199057874759,2021-08,0.0013806946
7590999900861381526,2021-11,0.0013587129
2988042199057874759,2021-10,0.0013552686
2382123267535341265,2021-07,0.0013421848
524026009392362402,2021-10,0.001335114
524026009392362402,2021-09,0.0013295846
2988042199057874759,2021-07,0.0013143728
1182975716201409626,2021-10,0.001310622
5136739522477907100,2021-07,0.0013072821
7325545718770538459,2021-11,0.0013023801
7325545718770538459,2021-11,0.0013023801
2382123267535341265,2021-07,0.0013021624
6582676833651678345,2021-10,0.0012910806
5136739522477907100,2021-11,0.0012906202
8252215766413781202,2021-10,0.0012874091
7325545718770538459,2021-11,0.0012872939
8252215766413781202,2021-08,0.0012854928
5136739522477907100,2021-11,0.0012839662
7325545718770538459,2021-10,0.0012791163
1000372849175668062,2021-08,0.0012789086
2678966409665050034,2021-10,0.001275969
5136739522477907100,2021-09,0.0012736839
2382123267535341265,2021-07,0.0012724173
8252215766413781202,2021-07,0.0012721834
417157680860985231,2021-09,0.0012721234
7325545718770538459,2021-11,0.0012713155
7325545718770538459,2021-09,0.0012698215
7325545718770538459,2021-07,0.0012698215
7325545718770538459,2021-09,0.0012698215
7325545718770538459,2021-09,0.0012698215
7325545718770538459,2021-09,0.0012698215
7325545718770538459,2021-08,0.0012698215
7325545718770538459,2021-09,0.0012695156
7325545718770538459,2021-08,0.0012694581
7325545718770538459,2021-08,0.0012686955
5136739522477907100,2021-08,0.0012677262
5136739522477907100,2021-08,0.0012663552
7177785309735471560,2021-09,0.0012655883
5136739522477907100,2021-09,0.0012636882
8252215766413781202,2021-09,0.0012631051
5136739522477907100,2021-08,0.0012612885
8252215766413781202,2021-10,0.0012580383
7325545718770538459,2021-07,0.0012578281
7325545718770538459,2021-08,0.0012556207
7325545718770538459,2021-08,0.0012556207
7325545718770538459,2021-08,0.0012556207
7325545718770538459,2021-07,0.0012553183
7325545718770538459,2021-10,0.0012553183
7325545718770538459,2021-09,0.0012553183
7325545718770538459,2021-10,0.0012538526
417157680860985231,2021-10,0.0012506662
7325545718770538459,2021-11,0.0012490245
8503092146854371576,2021-07,0.0012407416
7325545718770538459,2021-11,0.0012400764
7325545718770538459,2021-11,0.0012400764
3204108603682323936,2021-10,0.001238
5136739522477907100,2021-09,0.0012365833
7325545718770538459,2021-10,0.0012340507
459290606780222306,2021-07,0.0012340394
459290606780222306,2021-11,0.001233365
7325545718770538459,2021-09,0.00123205
6532139198609901627,2021-11,0.0012290137
2106875407768047316,2021-11,0.0012268054
5854364934896993687,2021-09,0.0012260281
312543480920432545,2021-07,0.0012256544
7325545718770538459,2021-07,0.0012228796
7325545718770538459,2021-10,0.0012202314
7325545718770538459,2021-07,0.0012198276
3204108603682323936,2021-09,0.0012197642
1366416810235233769,2021-07,0.0012193321
7325545718770538459,2021-09,0.0012189611
7325545718770538459,2021-10,0.0012175153
5854364934896993687,2021-07,0.0012170052
7325545718770538459,2021-10,0.0012161627
7325545718770538459,2021-09,0.0012160619
5136739522477907100,2021-07,0.0012157457
6532139198609901627,2021-10,0.0012147565
7325545718770538459,2021-10,0.001213069
7325545718770538459,2021-10,0.001213069
7325545718770538459,2021-09,0.001213069
7325545718770538459,2021-09,0.0012129921
7325545718770538459,2021-08,0.0012129921
7325545718770538459,2021-10,0.0012129921
7325545718770538459,2021-09,0.0012129921
7325545718770538459,2021-07,0.0012129736
7325545718770538459,2021-07,0.0012129736
7325545718770538459,2021-09,0.0012123331
7325545718770538459,2021-09,0.0012108623
7325545718770538459,2021-08,0.0012100444
5854364934896993687,2021-09,0.001209581
7325545718770538459,2021-07,0.0012080795
7325545718770538459,2021-07,0.0012077063
7325545718770538459,2021-10,0.0012070471
7325545718770538459,2021-08,0.0012063058
7325545718770538459,2021-09,0.0012063058
7325545718770538459,2021-08,0.0012063058
3204108603682323936,2021-10,0.0012059641
7325545718770538459,2021-07,0.001205639
7325545718770538459,2021-08,0.0012035233
6532139198609901627,2021-10,0.0012034739
7325545718770538459,2021-09,0.0012032333
5897410907783139228,2021-11,0.0012029232
7325545718770538459,2021-08,0.0012019926
7325545718770538459,2021-08,0.0012009729
7325545718770538459,2021-08,0.0012009729
6198047969028248384,2021-08,0.0012007493
7325545718770538459,2021-07,0.0012003805
7325545718770538459,2021-09,0.0011994536
7325545718770538459,2021-07,0.0011990115
7325545718770538459,2021-07,0.0011990115
6030285068945261052,2021-07,0.0011984931
6865071386683133124,2021-09,0.0011983247
7325545718770538459,2021-09,0.0011980172
7325545718770538459,2021-09,0.0011980172
3204108603682323936,2021-09,0.0011976138
2106875407768047316,2021-10,0.0011964918
5854364934896993687,2021-08,0.0011964325
7325545718770538459,2021-07,0.0011959665
5854364934896993687,2021-07,0.0011952821
6532139198609901627,2021-08,0.0011950288
1104269683367198574,2021-11,0.0011949764
459290606780222306,2021-09,0.0011946863
459290606780222306,2021-07,0.0011946863
7442192566700924647,2021-07,0.0011946231
6532139198609901627,2021-08,0.0011937403
7325545718770538459,2021-09,0.0011935801
7325545718770538459,2021-09,0.0011935801
6865071386683133124,2021-08,0.0011933015
903093877129717133,2021-08,0.0011921126
7325545718770538459,2021-07,0.0011919853
683445437387317282,2021-11,0.0011915881
7325545718770538459,2021-07,0.0011913378
7325545718770538459,2021-08,0.0011913378
312543480920432545,2021-11,0.0011913305
2022367282554149730,2021-08,0.001190377
6532139198609901627,2021-11,0.0011902347
3204108603682323936,2021-08,0.0011900341
3204108603682323936,2021-10,0.0011900341
6865071386683133124,2021-09,0.0011885002
5429414161455643517,2021-07,0.0011881205
1182975716201409626,2021-07,0.0011868604
3204108603682323936,2021-11,0.0011843572
6532139198609901627,2021-09,0.0011841068
2678966409665050034,2021-10,0.0011834641
5462970244186515758,2021-08,0.0011820749
5462970244186515758,2021-11,0.0011820749
7451017400765373278,2021-08,0.0011807296
6532139198609901627,2021-09,0.0011795481
3027683745465216663,2021-07,0.0011791576
459290606780222306,2021-08,0.001178278
459290606780222306,2021-08,0.0011779374
459290606780222306,2021-08,0.0011779374
1366416810235233769,2021-11,0.0011778297
5440313607363845188,2021-07,0.0011774545
8961924617442201922,2021-08,0.0011771085
3204108603682323936,2021-07,0.0011767296
6865071386683133124,2021-08,0.0011765453
459290606780222306,2021-11,0.001175905
6865071386683133124,2021-08,0.0011758965
4635578010631860111,2021-07,0.0011758887
175003104385133396,2021-07,0.0011758198
459290606780222306,2021-08,0.001175532
3204108603682323936,2021-07,0.0011753304
6204723742351094322,2021-07,0.0011752514
1698828605814171242,2021-08,0.0011749095
3204108603682323936,2021-08,0.0011745722
5122095358293179297,2021-07,0.0011743484
1698828605814171242,2021-08,0.0011742618
6271697692808086495,2021-09,0.0011730661
5694881483989656694,2021-09,0.0011721931
3204108603682323936,2021-10,0.001171424
3204108603682323936,2021-08,0.001171207
8535586342375301953,2021-08,0.0011703912
717981637594591016,2021-07,0.0011699923
459290606780222306,2021-09,0.0011698763
459290606780222306,2021-10,0.0011698763
459290606780222306,2021-08,0.0011698763
3204108603682323936,2021-08,0.0011693737
3204108603682323936,2021-07,0.0011693737
3204108603682323936,2021-07,0.0011690686
5082813456193598086,2021-07,0.0011690012
4327694790333781288,2021-08,0.0011686188
459290606780222306,2021-09,0.0011683595
459290606780222306,2021-11,0.0011683595
8961924617442201922,2021-11,0.0011671531
6394935036014530592,2021-10,0.0011668041
3204108603682323936,2021-11,0.0011665134
5462970244186515758,2021-10,0.001166324
459290606780222306,2021-08,0.0011662724
1104269683367198574,2021-10,0.0011659875
2333404192508932057,2021-10,0.0011653012
1698828605814171242,2021-10,0.0011640547
2493688222671282470,2021-08,0.0011634988
459290606780222306,2021-08,0.0011633625
1253437108265925705,2021-08,0.0011628651
459290606780222306,2021-07,0.0011623844
459290606780222306,2021-10,0.0011623611
3204108603682323936,2021-07,0.0011614404
6643358471662528195,2021-08,0.0011601533
1052398277967427422,2021-10,0.0011599809
1698828605814171242,2021-09,0.0011595279
4061297388883391410,2021-10,0.0011582727
459290606780222306,2021-11,0.0011582165
459290606780222306,2021-11,0.0011582165
459290606780222306,2021-09,0.0011582165
459290606780222306,2021-10,0.0011582165
459290606780222306,2021-09,0.0011582165
459290606780222306,2021-08,0.0011582165
459290606780222306,2021-10,0.0011582165
459290606780222306,2021-09,0.0011582165
7613717984547031729,2021-11,0.0011580068
459290606780222306,2021-08,0.0011578436
3204108603682323936,2021-10,0.0011567809
8449503736717242889,2021-08,0.001156452
1052398277967427422,2021-08,0.0011560665
4335865859049992260,2021-07,0.0011548118
8213533889694327948,2021-08,0.0011538068
2983174282784691273,2021-07,0.0011534486
6271697692808086495,2021-08,0.0011520842
6271697692808086495,2021-09,0.0011520842
6204723742351094322,2021-11,0.0011518191
8961924617442201922,2021-09,0.0011516749
4571290108043699959,2021-11,0.0011514243
963687627963462983,2021-07,0.0011510607
2382123267535341265,2021-08,0.0011505762
459290606780222306,2021-07,0.0011503509
459290606780222306,2021-11,0.0011499746
459290606780222306,2021-11,0.0011499347
761746217261797478,2021-08,0.0011498799
7442192566700924647,2021-11,0.0011473601
2382123267535341265,2021-10,0.0011472469
2382123267535341265,2021-09,0.0011472469
6271697692808086495,2021-07,0.0011468765
459290606780222306,2021-07,0.001146415
459290606780222306,2021-07,0.001146415
459290606780222306,2021-08,0.001146415
459290606780222306,2021-10,0.001146415
459290606780222306,2021-10,0.001146415
459290606780222306,2021-08,0.001146415
2302464746243069589,2021-07,0.0011457332
7347715771145302549,2021-10,0.0011454953
2382123267535341265,2021-08,0.0011447448
459290606780222306,2021-09,0.0011445693
2347028805684088098,2021-11,0.0011440221
8213533889694327948,2021-10,0.0011439676
465309249432033993,2021-09,0.0011437241
5122095358293179297,2021-11,0.0011436533
2382123267535341265,2021-08,0.0011423135
2382123267535341265,2021-08,0.0011421602
2382123267535341265,2021-09,0.0011413156
459290606780222306,2021-07,0.0011412873
459290606780222306,2021-10,0.0011412873
6394935036014530592,2021-11,0.0011404988
175003104385133396,2021-10,0.0011401067
2382123267535341265,2021-08,0.0011400796
984915269987074754,2021-11,0.001140034
3338087778895249031,2021-07,0.0011399519
6271697692808086495,2021-08,0.0011398324
6271697692808086495,2021-10,0.0011398157
3045840317107313913,2021-09,0.0011397072
2382123267535341265,2021-08,0.0011396691
3668905663669864663,2021-11,0.0011395519
3668905663669864663,2021-08,0.0011395519
459290606780222306,2021-08,0.0011390651
459290606780222306,2021-07,0.0011385693
459290606780222306,2021-10,0.0011385693
2493688222671282470,2021-09,0.0011385471
3631603567749349715,2021-07,0.0011384441
1698828605814171242,2021-09,0.0011376365
6271697692808086495,2021-07,0.0011366913
6394935036014530592,2021-10,0.0011366106
6865071386683133124,2021-07,0.0011356707
7595945751692012281,2021-08,0.001135244
3248432590399829766,2021-11,0.0011344278
6271697692808086495,2021-08,0.0011344175
7347715771145302549,2021-09,0.0011343759
6271697692808086495,2021-07,0.0011340377
6795467882769787169,2021-11,0.0011339427
6795467882769787169,2021-08,0.0011339427
2493688222671282470,2021-07,0.0011337142
2493688222671282470,2021-08,0.0011337142
1951407691087813358,2021-10,0.0011336446
1698828605814171242,2021-10,0.0011335463
459290606780222306,2021-09,0.0011331263
1698828605814171242,2021-10,0.0011330724
8843432852270832388,2021-10,0.0011328333
6271697692808086495,2021-10,0.0011327432
2658946240987854807,2021-10,0.0011326678
2382123267535341265,2021-07,0.0011325334
2983174282784691273,2021-11,0.0011324697
3632378524835692731,2021-10,0.0011320533
5974858472822751652,2021-11,0.0011318867
6053752047545474051,2021-08,0.0011317068
3631603567749349715,2021-11,0.0011310633
2382123267535341265,2021-08,0.0011308113
5791518044186095039,2021-11,0.001130044
459290606780222306,2021-08,0.0011299917
6271697692808086495,2021-11,0.0011297087
459290606780222306,2021-07,0.0011296581
7398738404146260251,2021-11,0.0011289556
6394935036014530592,2021-10,0.001128618
2382123267535341265,2021-09,0.0011284095
7712263029835111826,2021-07,0.0011280618
8826489829259520138,2021-11,0.0011277528
8480109508191086169,2021-09,0.0011274709
4850936440093751199,2021-10,0.0011272476
2493688222671282470,2021-09,0.001126912
459290606780222306,2021-10,0.0011267462
4740535838297269949,2021-09,0.0011266341
2347028805684088098,2021-09,0.001126377
6271697692808086495,2021-07,0.0011259441
2493688222671282470,2021-11,0.0011256669
3511416927745338332,2021-10,0.0011249187
1698828605814171242,2021-09,0.0011239306
459290606780222306,2021-10,0.001123382
459290606780222306,2021-10,0.0011231883
459290606780222306,2021-07,0.0011231883
2382123267535341265,2021-07,0.0011228914
8603678028264007695,2021-09,0.0011227267
459290606780222306,2021-09,0.0011219269
459290606780222306,2021-09,0.0011219269
459290606780222306,2021-09,0.0011219269
459290606780222306,2021-09,0.0011219269
459290606780222306,2021-09,0.0011219269
8464809590757561185,2021-11,0.0011216305
8570963260597299378,2021-11,0.0011207205
6053752047545474051,2021-10,0.0011203447
459290606780222306,2021-09,0.0011195451
5735794880899687600,2021-10,0.0011190749
2493688222671282470,2021-07,0.0011188538
2493688222671282470,2021-09,0.0011188538
6394935036014530592,2021-07,0.0011185879
6271697692808086495,2021-10,0.0011183028
6053752047545474051,2021-09,0.0011178252
7949169060790541229,2021-10,0.0011176899
6394935036014530592,2021-10,0.0011176638
3631603567749349715,2021-08,0.0011170768
459290606780222306,2021-09,0.0011163348
459290606780222306,2021-07,0.0011163348
3511416927745338332,2021-11,0.0011162205
7325545718770538459,2021-10,0.00111552
3631603567749349715,2021-08,0.0011152251
2382123267535341265,2021-10,0.0011151503
7398738404146260251,2021-10,0.0011144531
2493688222671282470,2021-11,0.0011141633
2493688222671282470,2021-07,0.0011141633
2493688222671282470,2021-10,0.0011141633
459290606780222306,2021-08,0.0011139043
8603678028264007695,2021-10,0.0011132456
8603678028264007695,2021-07,0.0011129264
8603678028264007695,2021-07,0.0011129264
7403979270048469991,2021-09,0.0011128188
3511416927745338332,2021-10,0.0011127902
7330131219998265639,2021-09,0.0011125708
4395946187332973749,2021-10,0.00111178
459290606780222306,2021-07,0.0011115602
459290606780222306,2021-07,0.0011115602
4717717003637613480,2021-09,0.0011111133
3511416927745338332,2021-07,0.0011107445
4110562609148185966,2021-10,0.0011103553
8603678028264007695,2021-08,0.0011093968
6394935036014530592,2021-08,0.0011090729
3511416927745338332,2021-07,0.0011085776
984915269987074754,2021-09,0.0011083712
6795467882769787169,2021-09,0.0011083712
6271697692808086495,2021-07,0.0011082698
6394935036014530592,2021-07,0.0011080977
6394935036014530592,2021-09,0.0011080977
459290606780222306,2021-10,0.0011079246
6186737197674630993,2021-08,0.0011076123
6941381638534728190,2021-11,0.00110731
3511416927745338332,2021-08,0.0011071501
459290606780222306,2021-08,0.0011067705
459290606780222306,2021-11,0.0011067705
1674864668198542837,2021-07,0.0011067279
7403979270048469991,2021-09,0.0011065439
4717717003637613480,2021-08,0.0011064907
6394935036014530592,2021-07,0.0011063721
7403979270048469991,2021-11,0.0011063578
1674864668198542837,2021-07,0.0011062067
8603678028264007695,2021-07,0.0011057094
4717717003637613480,2021-08,0.0011056298
5735794880899687600,2021-09,0.001105376
5735794880899687600,2021-09,0.001105376
6271697692808086495,2021-08,0.0011050628
6271697692808086495,2021-08,0.0011050628
6271697692808086495,2021-07,0.0011050628
8603678028264007695,2021-09,0.0011050223
6394935036014530592,2021-11,0.0011046598
8503092146854371576,2021-11,0.0011042714
4717717003637613480,2021-08,0.0011039554
6053752047545474051,2021-10,0.0011034607
6394935036014530592,2021-07,0.0011030566
3511416927745338332,2021-07,0.0011027735
4858887739802767402,2021-09,0.0011022903
8603678028264007695,2021-08,0.0011003357
3511416927745338332,2021-07,0.0011001172
7403979270048469991,2021-08,0.001099042
4717717003637613480,2021-08,0.0010988394
8603678028264007695,2021-10,0.0010982853
6053752047545474051,2021-11,0.001097936
7403979270048469991,2021-08,0.001097401
2493688222671282470,2021-09,0.0010969312
5735794880899687600,2021-08,0.0010968125
4717717003637613480,2021-10,0.0010965514
3511416927745338332,2021-07,0.001096471
6053752047545474051,2021-10,0.0010960047
5122095358293179297,2021-08,0.0010948548
2493688222671282470,2021-07,0.0010947671
4717717003637613480,2021-08,0.0010943568
6053752047545474051,2021-07,0.0010935102
1698828605814171242,2021-07,0.0010934059
8603678028264007695,2021-08,0.0010932153
8603678028264007695,2021-10,0.0010927187
6394935036014530592,2021-11,0.0010924059
6053752047545474051,2021-09,0.0010922166
7403979270048469991,2021-08,0.0010921713
7403979270048469991,2021-07,0.0010921713
7403979270048469991,2021-08,0.0010917338
2493688222671282470,2021-08,0.0010915425
6053752047545474051,2021-11,0.0010915264
6053752047545474051,2021-10,0.0010915264
6053752047545474051,2021-10,0.0010915264
6053752047545474051,2021-11,0.0010915264
6053752047545474051,2021-10,0.0010914099
6053752047545474051,2021-11,0.0010912811
6394935036014530592,2021-11,0.0010911069
6053752047545474051,2021-10,0.0010910721
6053752047545474051,2021-09,0.0010908538
717981637594591016,2021-10,0.0010908502
3511416927745338332,2021-07,0.001090404
6053752047545474051,2021-10,0.0010904019
5791518044186095039,2021-09,0.0010902565
6053752047545474051,2021-10,0.0010902284
2083323809219952960,2021-10,0.0010899745
4395946187332973749,2021-07,0.0010898167
4717717003637613480,2021-09,0.0010895177
5735794880899687600,2021-08,0.0010891265
2083323809219952960,2021-07,0.0010886654
4717717003637613480,2021-10,0.0010886271
6394935036014530592,2021-10,0.0010884943
6394935036014530592,2021-08,0.0010884943
6053752047545474051,2021-10,0.0010884876
4717717003637613480,2021-11,0.0010881941
4717717003637613480,2021-08,0.0010879195
7403979270048469991,2021-10,0.0010877894
6053752047545474051,2021-10,0.0010877522
8603678028264007695,2021-09,0.0010875433
6053752047545474051,2021-10,0.0010868779
1696462947583294958,2021-09,0.0010868753
1698828605814171242,2021-07,0.0010865704
6053752047545474051,2021-07,0.0010863402
6394935036014530592,2021-07,0.0010860153
8603678028264007695,2021-09,0.0010853978
4717717003637613480,2021-10,0.0010853146
3511416927745338332,2021-07,0.0010848773
3511416927745338332,2021-08,0.0010848773
3511416927745338332,2021-09,0.0010848773
6053752047545474051,2021-07,0.0010847026
5791518044186095039,2021-07,0.0010845482
6394935036014530592,2021-11,0.0010842801
6053752047545474051,2021-08,0.0010840007
3279417303675586812,2021-07,0.0010831346
6394935036014530592,2021-10,0.0010829907
2083323809219952960,2021-10,0.001082756
4717717003637613480,2021-07,0.0010824053
3511416927745338332,2021-07,0.0010822641
4395946187332973749,2021-08,0.0010820384
6394935036014530592,2021-09,0.001081842
7665801401860589626,2021-08,0.0010806111
6053752047545474051,2021-08,0.0010805808
6053752047545474051,2021-11,0.0010796059
4717717003637613480,2021-11,0.001078452
968199235777440720,2021-11,0.0010783703
7403979270048469991,2021-09,0.0010783472
7403979270048469991,2021-09,0.0010783472
7403979270048469991,2021-09,0.0010779795
6394935036014530592,2021-11,0.0010775016
6394935036014530592,2021-10,0.0010775016
7686361238195690925,2021-10,0.0010770521
6053752047545474051,2021-10,0.0010768946
6053752047545474051,2021-07,0.0010764202
6053752047545474051,2021-11,0.0010761947
7665801401860589626,2021-11,0.0010758773
5735794880899687600,2021-07,0.0010757498
6053752047545474051,2021-09,0.0010744997
6053752047545474051,2021-07,0.0010744608
6053752047545474051,2021-10,0.0010742699
8090492548102964782,2021-08,0.0010741205
6053752047545474051,2021-08,0.0010736177
3279417303675586812,2021-07,0.0010734638
1687017009357941608,2021-08,0.0010732501
6053752047545474051,2021-07,0.0010728566
6053752047545474051,2021-09,0.0010728566
6582676833651678345,2021-07,0.0010725934
6053752047545474051,2021-11,0.0010724268
6053752047545474051,2021-07,0.0010723798
1119752495905732753,2021-10,0.0010723328
7665801401860589626,2021-09,0.0010720637
5574997762710520717,2021-11,0.0010720443
4717717003637613480,2021-07,0.0010719034
968199235777440720,2021-08,0.0010716292
6053752047545474051,2021-11,0.0010712745
5735794880899687600,2021-10,0.0010694498
5735794880899687600,2021-10,0.0010694498
6594970822995540982,2021-08,0.0010692608
7910340581026492945,2021-09,0.0010688977
6053752047545474051,2021-09,0.0010688656
6053752047545474051,2021-09,0.0010688656
6053752047545474051,2021-08,0.0010688656
6053752047545474051,2021-08,0.0010688656
6053752047545474051,2021-08,0.0010688656
6053752047545474051,2021-08,0.0010688656
6053752047545474051,2021-07,0.0010685867
6053752047545474051,2021-09,0.0010684376
6053752047545474051,2021-07,0.0010684376
6053752047545474051,2021-07,0.0010683587
6053752047545474051,2021-10,0.0010683587
6053752047545474051,2021-10,0.0010683587
5791518044186095039,2021-09,0.0010676729
8090492548102964782,2021-07,0.0010671848
8090492548102964782,2021-10,0.0010671848
1219954496802643881,2021-10,0.0010669368
4018182555897034052,2021-09,0.0010667894
4717717003637613480,2021-08,0.0010664703
7686361238195690925,2021-09,0.0010662316
8090492548102964782,2021-07,0.0010661616
4717717003637613480,2021-09,0.0010660432
4717717003637613480,2021-07,0.0010660432
6582676833651678345,2021-07,0.0010657203
6582676833651678345,2021-09,0.0010655056
2083323809219952960,2021-11,0.0010653209
6394935036014530592,2021-10,0.0010653036
6394935036014530592,2021-10,0.0010653036
5574997762710520717,2021-11,0.0010648278
6053752047545474051,2021-11,0.0010645773
8090492548102964782,2021-10,0.0010637225
6053752047545474051,2021-09,0.0010637119
5791518044186095039,2021-10,0.0010633892
6053752047545474051,2021-07,0.0010624471
6053752047545474051,2021-07,0.0010624471
4717717003637613480,2021-11,0.0010621914
4717717003637613480,2021-11,0.0010621914
1246864346193559124,2021-11,0.0010619143
2083323809219952960,2021-07,0.0010618409
6053752047545474051,2021-07,0.0010616133
4395946187332973749,2021-09,0.0010606833
3631603567749349715,2021-08,0.0010598091
7665801401860589626,2021-07,0.0010595163
6053752047545474051,2021-10,0.0010594442
2233850024349336054,2021-09,0.0010572694
2233850024349336054,2021-09,0.0010572694
6053752047545474051,2021-09,0.001057062
6053752047545474051,2021-09,0.001057062
6053752047545474051,2021-08,0.001057062
6053752047545474051,2021-09,0.001057062
6053752047545474051,2021-09,0.001057062
6053752047545474051,2021-07,0.0010566385
8090492548102964782,2021-07,0.0010555454
2083323809219952960,2021-11,0.0010550573
6053752047545474051,2021-07,0.0010549764
6053752047545474051,2021-08,0.0010549764
2083323809219952960,2021-11,0.001054465
2083323809219952960,2021-07,0.0010538694
6582676833651678345,2021-07,0.0010536556
6582676833651678345,2021-08,0.0010536556
1687017009357941608,2021-08,0.0010535899
6582676833651678345,2021-09,0.0010527605
2083323809219952960,2021-08,0.00105237
8090492548102964782,2021-09,0.001052172
4395946187332973749,2021-11,0.0010520477
1874361799315286610,2021-10,0.001051954
4874157215501489741,2021-07,0.0010517206
6582676833651678345,2021-08,0.0010516184
3906045000005838812,2021-10,0.0010501902
922040072471333951,2021-10,0.0010500227
3536431875244944563,2021-07,0.0010458471
8729164666041467296,2021-10,0.0010456742
2083323809219952960,2021-10,0.0010447422
2083323809219952960,2021-10,0.0010447422
7665801401860589626,2021-08,0.0010439178
6582676833651678345,2021-11,0.0010437325
6582676833651678345,2021-10,0.0010433145
2083323809219952960,2021-08,0.0010432558
1874361799315286610,2021-11,0.001042522
1874361799315286610,2021-11,0.0010418638
2083323809219952960,2021-07,0.001039946
7535160686416710323,2021-08,0.0010399316
7665801401860589626,2021-10,0.0010397295
3148228961195376491,2021-08,0.0010376445
6582676833651678345,2021-10,0.0010369024
3516294920850464913,2021-08,0.0010362234
6582676833651678345,2021-08,0.0010358967
7171835894416689226,2021-07,0.001035076
2083323809219952960,2021-09,0.0010349774
4347826483121154490,2021-08,0.0010345061
7105441534376526569,2021-08,0.0010334615
6582676833651678345,2021-07,0.0010333542
6582676833651678345,2021-10,0.0010333542
6582676833651678345,2021-07,0.0010333542
6582676833651678345,2021-08,0.0010323599
7910340581026492945,2021-07,0.0010316161
5122095358293179297,2021-08,0.0010296784
5122095358293179297,2021-08,0.0010296784
2083323809219952960,2021-09,0.0010285341
2083323809219952960,2021-10,0.0010285341
2083323809219952960,2021-07,0.0010285341
2083323809219952960,2021-10,0.0010278549
4342146186255136598,2021-07,0.0010277678
2083323809219952960,2021-08,0.0010269564
4347826483121154490,2021-08,0.0010262051
4347826483121154490,2021-11,0.0010262051
6582676833651678345,2021-07,0.0010260034
3536431875244944563,2021-07,0.0010246402
8729164666041467296,2021-10,0.0010241225
8729164666041467296,2021-09,0.0010241225
5220206408301580591,2021-08,0.0010232097
3516294920850464913,2021-07,0.0010227857
8729164666041467296,2021-10,0.00102268
5162621729453966204,2021-10,0.0010219124
8729164666041467296,2021-10,0.0010213698
7535160686416710323,2021-09,0.0010203049
2083323809219952960,2021-07,0.0010196262
2083323809219952960,2021-10,0.0010196262
6582676833651678345,2021-09,0.0010192891
6582676833651678345,2021-11,0.0010192891
2083323809219952960,2021-07,0.0010191469
2083323809219952960,2021-10,0.0010191469
2083323809219952960,2021-10,0.0010191469
6582676833651678345,2021-07,0.0010188934
2380458252615213706,2021-10,0.0010179975
2380458252615213706,2021-08,0.0010179975
9175443729335908760,2021-08,0.0010164948
7889351655716537527,2021-10,0.0010149049
6055278873962623670,2021-08,0.0010141211
8729164666041467296,2021-09,0.0010136777
411246418132008456,2021-07,0.0010135936
7535160686416710323,2021-10,0.0010128736
7535160686416710323,2021-10,0.0010128736
3536431875244944563,2021-08,0.0010121039
7535160686416710323,2021-09,0.0010115197
7535160686416710323,2021-09,0.0010115197
7535160686416710323,2021-10,0.0010112604
2083323809219952960,2021-07,0.0010110745
2083323809219952960,2021-09,0.0010110326
2083323809219952960,2021-10,0.0010110326
2083323809219952960,2021-09,0.0010110326
2380458252615213706,2021-09,0.0010103134
2380458252615213706,2021-07,0.0010103134
8729164666041467296,2021-08,0.0010102075
8729164666041467296,2021-08,0.0010102075
7177785309735471560,2021-09,0.001010207
7177785309735471560,2021-10,0.001010207
7535160686416710323,2021-08,0.0010098977
6582676833651678345,2021-09,0.001009861
5162621729453966204,2021-10,0.0010093811
2083323809219952960,2021-07,0.001009371
2380458252615213706,2021-07,0.0010091105
8729164666041467296,2021-08,0.0010089134
6055278873962623670,2021-08,0.0010084391
6582676833651678345,2021-10,0.0010083824
4347826483121154490,2021-11,0.0010075959
3279417303675586812,2021-07,0.0010072096
2380458252615213706,2021-10,0.0010071684
1757249986361236700,2021-08,0.0010070369
6061850657256270336,2021-08,0.0010056783
3685376304786338340,2021-09,0.0010056366
7177785309735471560,2021-08,0.0010049035
7535160686416710323,2021-09,0.0010042785
7535160686416710323,2021-08,0.0010042785
7535160686416710323,2021-07,0.0010040284
2083323809219952960,2021-09,0.0010034422
2083323809219952960,2021-07,0.0010034422
2083323809219952960,2021-09,0.0010034422
2083323809219952960,2021-09,0.0010034422
2083323809219952960,2021-08,0.0010034422
2083323809219952960,2021-10,0.0010034422
2083323809219952960,2021-09,0.0010034422
2083323809219952960,2021-09,0.0010034422
4347826483121154490,2021-11,0.0010032041
2369364892942408355,2021-11,0.0010029165
6061850657256270336,2021-09,0.0010029156
6061850657256270336,2021-07,0.0010029156
6061850657256270336,2021-11,0.0010029156
7535160686416710323,2021-07,0.0010026891
7535160686416710323,2021-07,0.0010026891
2012477868296377155,2021-07,0.00100251
2083323809219952960,2021-07,0.0010023176
2083323809219952960,2021-08,0.0010022761
2083323809219952960,2021-09,0.0010022761
2083323809219952960,2021-10,0.0010022761
6061850657256270336,2021-09,0.0010017977
2380458252615213706,2021-09,0.0010014934
2380458252615213706,2021-09,0.0010014934
6055278873962623670,2021-09,0.0010012496
7535160686416710323,2021-08,0.0010011519
7176848230239877915,2021-08,0.0009998274
4347826483121154490,2021-07,0.00099902
4347826483121154490,2021-08,0.000998831
6061850657256270336,2021-10,0.0009983273
6061850657256270336,2021-09,0.0009983273
7535160686416710323,2021-10,0.0009982245
7889351655716537527,2021-11,0.0009977021
6582676833651678345,2021-10,0.0009972426
6061850657256270336,2021-08,0.0009970792
6582676833651678345,2021-09,0.0009969661
6582676833651678345,2021-07,0.0009969661
6061850657256270336,2021-10,0.0009968987
6061850657256270336,2021-07,0.000995856
2012477868296377155,2021-10,0.0009951579
2380458252615213706,2021-09,0.0009949801
2083323809219952960,2021-08,0.0009947512
2083323809219952960,2021-08,0.0009947512
2083323809219952960,2021-08,0.0009947512
2083323809219952960,2021-09,0.0009947512
2083323809219952960,2021-10,0.0009947512
8012016968380185372,2021-10,0.000994583
6582676833651678345,2021-09,0.0009942416
7171835894416689226,2021-09,0.0009932432
6582676833651678345,2021-11,0.0009925038
1692423451726508456,2021-07,0.0009922046
6582676833651678345,2021-11,0.0009921064
2083323809219952960,2021-07,0.0009920619
5162621729453966204,2021-09,0.0009916051
6061850657256270336,2021-11,0.0009913
3423512048884192208,2021-10,0.0009912773
7177785309735471560,2021-10,0.0009910375
7176848230239877915,2021-10,0.0009909543
968199235777440720,2021-09,0.0009908972
4347826483121154490,2021-07,0.000990538
2814790209436551216,2021-09,0.0009896236
2814790209436551216,2021-08,0.0009896236
6061850657256270336,2021-09,0.0009896118
6582676833651678345,2021-09,0.0009886053
5528372913947954503,2021-08,0.0009885357
4347826483121154490,2021-10,0.0009885324
6061850657256270336,2021-10,0.0009883747
4392369075438855735,2021-10,0.0009882235
3423512048884192208,2021-10,0.0009874923
2307201111381758912,2021-07,0.0009869067
4347826483121154490,2021-09,0.000986527
7060969657673447359,2021-09,0.0009855842
7176848230239877915,2021-08,0.0009853678
2083323809219952960,2021-07,0.0009846138
2083323809219952960,2021-08,0.0009846138
2083323809219952960,2021-07,0.0009846138
2083323809219952960,2021-11,0.0009846138
6582676833651678345,2021-10,0.0009844027
6582676833651678345,2021-08,0.0009839076
6582676833651678345,2021-09,0.0009839076
7177785309735471560,2021-08,0.0009838111
5528372913947954503,2021-08,0.0009837843
4392369075438855735,2021-09,0.0009837492
873223039957991123,2021-08,0.0009836077
4347826483121154490,2021-09,0.0009835633
4347826483121154490,2021-07,0.0009830737
4347826483121154490,2021-10,0.0009830737
4831939798545673038,2021-08,0.0009829374
6061850657256270336,2021-07,0.0009825564
5198904647759787695,2021-09,0.0009823845
5198904647759787695,2021-09,0.0009822587
5528372913947954503,2021-08,0.0009819729
2083323809219952960,2021-09,0.0009819551
2083323809219952960,2021-09,0.0009819551
4392369075438855735,2021-08,0.0009816801
4392369075438855735,2021-09,0.0009816801
2444743522510084109,2021-09,0.0009814636
4347826483121154490,2021-08,0.0009794245
5198904647759787695,2021-10,0.0009789482
824632039241482307,2021-10,0.0009787336
6722781660631652440,2021-11,0.0009785487
6582676833651678345,2021-09,0.0009785304
6061850657256270336,2021-09,0.0009781697
6061850657256270336,2021-10,0.0009781697
6061850657256270336,2021-10,0.0009781697
4347826483121154490,2021-07,0.0009778505
4347826483121154490,2021-10,0.0009778505
4347826483121154490,2021-07,0.0009778505
7176848230239877915,2021-07,0.0009771413
4392369075438855735,2021-08,0.0009770478
4392369075438855735,2021-08,0.000976148
4392369075438855735,2021-10,0.000976148
4347826483121154490,2021-08,0.0009753295
7176848230239877915,2021-10,0.0009752287
7176848230239877915,2021-08,0.0009752287
7176848230239877915,2021-07,0.0009752287
2083323809219952960,2021-09,0.00097451126
2083323809219952960,2021-09,0.00097451126
4347826483121154490,2021-07,0.00097395293
7176848230239877915,2021-10,0.0009737618
5198904647759787695,2021-07,0.0009736286
7176848230239877915,2021-11,0.0009735623
7628167057144760589,2021-07,0.00097346684
5198904647759787695,2021-09,0.0009731001
4347826483121154490,2021-09,0.00097302906
6582676833651678345,2021-10,0.0009730064
6582676833651678345,2021-11,0.0009730064
6582676833651678345,2021-10,0.0009727682
4392369075438855735,2021-09,0.00097154186
345033315379741874,2021-10,0.0009714627
4347826483121154490,2021-07,0.0009713628
5528372913947954503,2021-07,0.0009712489
6061850657256270336,2021-07,0.0009711957
6061850657256270336,2021-07,0.0009711957
2083323809219952960,2021-09,0.0009701946
2083323809219952960,2021-07,0.0009701946
6582676833651678345,2021-11,0.0009701383
6582676833651678345,2021-11,0.0009701383
6582676833651678345,2021-07,0.0009701383
6582676833651678345,2021-10,0.00096974964
904857901361577913,2021-11,0.00096969237
6582676833651678345,2021-09,0.0009692988
7176848230239877915,2021-11,0.0009688257
4347826483121154490,2021-08,0.0009683357
2191990606593345695,2021-11,0.00096794177
7177785309735471560,2021-07,0.00096760987
7177785309735471560,2021-09,0.0009672224
7177785309735471560,2021-09,0.00096702325
345033315379741874,2021-09,0.0009670182
4347826483121154490,2021-07,0.00096613733
2083323809219952960,2021-08,0.0009660707
2083323809219952960,2021-08,0.0009660707
5611787644735474299,2021-08,0.00096606143
7176848230239877915,2021-07,0.00096554804
4831939798545673038,2021-10,0.0009653897
2444743522510084109,2021-07,0.0009653497
5795100045494475994,2021-08,0.0009650836
4347826483121154490,2021-07,0.0009646381
8684964138237894839,2021-10,0.00096458255
6582676833651678345,2021-08,0.0009645788
6582676833651678345,2021-07,0.0009645788
6582676833651678345,2021-09,0.0009645788
5499433941404698208,2021-10,0.0009645269
4061297388883391410,2021-08,0.0009640823
8764962131207592182,2021-07,0.0009636323
968199235777440720,2021-08,0.0009635015
968199235777440720,2021-08,0.0009635015
2814790209436551216,2021-10,0.0009631027
5499433941404698208,2021-10,0.0009630532
6582676833651678345,2021-11,0.00096285454
6582676833651678345,2021-08,0.00096285454
6582676833651678345,2021-08,0.00096285454
6582676833651678345,2021-11,0.00096285454
5528372913947954503,2021-10,0.00096276967
904857901361577913,2021-09,0.0009626041
4347826483121154490,2021-09,0.0009622813
4347826483121154490,2021-09,0.0009622813
8464769152264029983,2021-09,0.00096216355
968199235777440720,2021-09,0.00096126745
2814790209436551216,2021-07,0.00096084486
4997308257850209705,2021-10,0.000960389
7177785309735471560,2021-11,0.0009603451
4284129442855564250,2021-08,0.0009598805
5528372913947954503,2021-07,0.00095951743
3386019519917828299,2021-08,0.0009593908
4831939798545673038,2021-08,0.0009591449
6722781660631652440,2021-09,0.0009590901
968199235777440720,2021-09,0.0009590444
2814790209436551216,2021-09,0.00095869636
2814790209436551216,2021-09,0.00095869636
2814790209436551216,2021-08,0.00095869636
4817816966382229074,2021-09,0.00095867674
4817816966382229074,2021-08,0.00095867674
89342157110910412,2021-10,0.0009585479
4817816966382229074,2021-07,0.0009584224
8961924617442201922,2021-08,0.0009581042
4347826483121154490,2021-10,0.00095770904
7177785309735471560,2021-10,0.00095755165
7177785309735471560,2021-10,0.00095755165
5528372913947954503,2021-09,0.00095724745
7628167057144760589,2021-07,0.00095710426
7628167057144760589,2021-07,0.00095710426
8510653215962746781,2021-07,0.0009569862
4831939798545673038,2021-07,0.00095689914
4284129442855564250,2021-07,0.0009567906
4284129442855564250,2021-09,0.0009567906
4347826483121154490,2021-11,0.00095653813
5499433941404698208,2021-10,0.00095649256
4347826483121154490,2021-08,0.00095636
5499433941404698208,2021-11,0.00095593685
2012477868296377155,2021-10,0.0009559327
4347826483121154490,2021-11,0.00095593225
4347826483121154490,2021-11,0.00095593225
4831939798545673038,2021-07,0.0009555434
4817816966382229074,2021-09,0.0009550851
8385636129786687263,2021-11,0.00095508154
121658372387044248,2021-11,0.00095441745
121658372387044248,2021-10,0.00095441745
7177785309735471560,2021-11,0.00095426926
2814790209436551216,2021-09,0.00095398613
968199235777440720,2021-10,0.0009539842
6582676833651678345,2021-08,0.0009536581
6582676833651678345,2021-09,0.0009536581
4347826483121154490,2021-10,0.0009536466
8213533889694327948,2021-10,0.0009532874
7628167057144760589,2021-09,0.0009532334
968199235777440720,2021-07,0.0009529414
968199235777440720,2021-09,0.0009529414
968199235777440720,2021-10,0.00095241
968199235777440720,2021-10,0.00095241
968199235777440720,2021-08,0.00095241
968199235777440720,2021-08,0.00095241
6594970822995540982,2021-09,0.00095236866
89342157110910412,2021-10,0.00095234596
1748142500108801439,2021-10,0.0009522417
4817816966382229074,2021-09,0.0009522227
4817816966382229074,2021-07,0.0009522227
4347826483121154490,2021-09,0.00095219765
8464769152264029983,2021-08,0.0009520611
6471448246085839373,2021-08,0.00095138693
7177785309735471560,2021-09,0.0009511726
7177785309735471560,2021-07,0.0009511726
1059336566956767188,2021-07,0.0009504411
7628167057144760589,2021-07,0.00095038174
7177785309735471560,2021-11,0.0009502754
4342146186255136598,2021-08,0.0009502663
4342146186255136598,2021-08,0.0009502663
4817816966382229074,2021-07,0.0009499929
4817816966382229074,2021-07,0.0009499929
4817816966382229074,2021-09,0.0009499929
904857901361577913,2021-11,0.0009499771
3960251564708868781,2021-11,0.000949683
7628167057144760589,2021-08,0.0009494071
968199235777440720,2021-09,0.00094930985
968199235777440720,2021-09,0.00094930985
6704528044328834201,2021-08,0.0009491805
8464769152264029983,2021-11,0.0009491664
6448580780254847411,2021-09,0.00094907737
1182975716201409626,2021-08,0.0009487854
8213533889694327948,2021-11,0.000948751
4817816966382229074,2021-11,0.0009486548
5462970244186515758,2021-08,0.00094851287
7038761645302069945,2021-08,0.0009482847
873223039957991123,2021-09,0.0009482779
873223039957991123,2021-08,0.0009482779
7628167057144760589,2021-10,0.000948029
968199235777440720,2021-07,0.0009478235
4347826483121154490,2021-09,0.0009478137
4347826483121154490,2021-09,0.0009478137
4347826483121154490,2021-09,0.0009478137
5901769182336230217,2021-07,0.000947364
8385636129786687263,2021-10,0.00094722677
7177785309735471560,2021-07,0.0009471325
3109771318936962520,2021-11,0.00094701565
6471448246085839373,2021-08,0.0009467125
665854826624598350,2021-08,0.0009465574
6448580780254847411,2021-11,0.0009464699
6448580780254847411,2021-07,0.0009464699
6594970822995540982,2021-07,0.00094636803
968199235777440720,2021-07,0.0009462595
968199235777440720,2021-07,0.0009462595
8083157716178259762,2021-10,0.0009461494
968199235777440720,2021-08,0.000946126
6722781660631652440,2021-08,0.0009458065
2106875407768047316,2021-10,0.00094574166
7776069961364493674,2021-09,0.0009455384
2532435113844289043,2021-09,0.00094530697
7628167057144760589,2021-07,0.00094506337
6471448246085839373,2021-09,0.0009450314
6471448246085839373,2021-07,0.0009450314
5795100045494475994,2021-07,0.0009449972
5795100045494475994,2021-11,0.0009449972
5795100045494475994,2021-10,0.0009449972
6030285068945261052,2021-08,0.0009447523
7177785309735471560,2021-10,0.0009445439
4347826483121154490,2021-09,0.0009444472
4347826483121154490,2021-09,0.0009443059
2012477868296377155,2021-07,0.0009442493
2012477868296377155,2021-10,0.0009442493
2012477868296377155,2021-08,0.0009442493
2307201111381758912,2021-11,0.00094424473
5547032541615425352,2021-10,0.00094410306
4980232475645447238,2021-11,0.00094410306
3960251564708868781,2021-07,0.000944032
1827463638348028912,2021-08,0.00094394386
3960251564708868781,2021-08,0.00094385794
968199235777440720,2021-09,0.0009438386
968199235777440720,2021-09,0.0009438386
968199235777440720,2021-09,0.0009438386
968199235777440720,2021-07,0.0009438386
968199235777440720,2021-07,0.0009438386
9142266044170177362,2021-08,0.0009437762
3093415403379897112,2021-10,0.00094377523
7076661330300123587,2021-09,0.000943671
5795100045494475994,2021-09,0.00094348175
4347826483121154490,2021-07,0.00094344077
2191990606593345695,2021-07,0.0009433581
2191990606593345695,2021-08,0.0009433581
2191990606593345695,2021-08,0.0009433581
2191990606593345695,2021-08,0.0009433581
2191990606593345695,2021-07,0.0009433581
2191990606593345695,2021-10,0.0009433581
968199235777440720,2021-08,0.00094331225
968199235777440720,2021-09,0.0009432511
4817816966382229074,2021-07,0.0009430755
4347826483121154490,2021-08,0.00094297575
6471448246085839373,2021-09,0.00094291824
6471448246085839373,2021-08,0.00094291824
6471448246085839373,2021-07,0.00094291824
6471448246085839373,2021-09,0.00094291824
6471448246085839373,2021-10,0.00094291824
6471448246085839373,2021-11,0.00094291824
6471448246085839373,2021-08,0.00094291824
7628167057144760589,2021-09,0.0009426384
3408536439470975134,2021-08,0.0009425729
7776069961364493674,2021-08,0.0009422663
5271966906483787417,2021-10,0.0009422519
8174633018998080168,2021-08,0.00094218046
9108733472015251498,2021-10,0.00094214955
3408536439470975134,2021-11,0.0009421285
3408536439470975134,2021-11,0.0009421285
7754936094607992857,2021-09,0.0009421096
8083157716178259762,2021-09,0.0009418799
8083157716178259762,2021-09,0.0009418799
8083157716178259762,2021-08,0.0009418799
8083157716178259762,2021-10,0.0009418799
2025898153078562640,2021-10,0.0009418506
8213533889694327948,2021-10,0.0009416277
6471448246085839373,2021-09,0.00094159006
8374461419511631785,2021-11,0.0009415775
5795100045494475994,2021-07,0.0009414989
5795100045494475994,2021-11,0.0009414989
5795100045494475994,2021-10,0.0009413496
5795100045494475994,2021-08,0.00094132853
3960251564708868781,2021-09,0.0009412075
4347826483121154490,2021-08,0.00094118284
8385636129786687263,2021-10,0.0009411595
5122095358293179297,2021-08,0.0009410492
2307201111381758912,2021-11,0.0009409528
8004409125524742779,2021-11,0.0009407112
2762573180349093009,2021-09,0.0009407112
8004409125524742779,2021-11,0.0009407112
1945147145527703963,2021-08,0.00094007107
7444686668183702737,2021-08,0.0009399085
3960251564708868781,2021-10,0.00093973393
3960251564708868781,2021-10,0.00093973393
665854826624598350,2021-08,0.0009396891
665854826624598350,2021-09,0.0009396891
665854826624598350,2021-09,0.0009396891
9108733472015251498,2021-10,0.00093956105
9108733472015251498,2021-11,0.00093956105
4495596792165551705,2021-08,0.0009395342
3408536439470975134,2021-11,0.0009393325
1827463638348028912,2021-08,0.00093930605
7206599058451025691,2021-08,0.00093927426
5611787644735474299,2021-08,0.0009392698
5611787644735474299,2021-08,0.0009392698
6030285068945261052,2021-10,0.0009392478
968199235777440720,2021-08,0.0009392139
968199235777440720,2021-08,0.0009392139
968199235777440720,2021-08,0.0009392139
8385636129786687263,2021-10,0.00093902234
8385636129786687263,2021-08,0.00093902234
8385636129786687263,2021-09,0.00093902234
2012477868296377155,2021-08,0.0009390094
2550506309527280168,2021-10,0.0009389977
7628167057144760589,2021-08,0.00093897
2012477868296377155,2021-09,0.00093847007
8680213253228719510,2021-10,0.000938209
8680213253228719510,2021-10,0.000938209
8843432852270832388,2021-08,0.00093808654
968199235777440720,2021-09,0.0009379895
1953058402621337677,2021-07,0.00093792885
3713742318997880410,2021-07,0.0009379136
968199235777440720,2021-07,0.0009377434
8385636129786687263,2021-07,0.00093769963
8174633018998080168,2021-11,0.0009376616
7776069961364493674,2021-10,0.0009376098
7206599058451025691,2021-10,0.00093752536
4347826483121154490,2021-10,0.0009375232
6448580780254847411,2021-09,0.00093751063
7177785309735471560,2021-10,0.0009374522
665854826624598350,2021-07,0.00093738345
1059336566956767188,2021-09,0.00093731063
8083157716178259762,2021-10,0.00093725213
4347826483121154490,2021-07,0.0009372159
968199235777440720,2021-08,0.0009370882
8680213253228719510,2021-10,0.00093708554
2012477868296377155,2021-07,0.00093691814
2012477868296377155,2021-08,0.00093691814
2870813069335519467,2021-08,0.00093688344
4347826483121154490,2021-11,0.0009367495
4347826483121154490,2021-11,0.0009367495
5462970244186515758,2021-09,0.00093674456
873223039957991123,2021-10,0.0009366187
8961924617442201922,2021-11,0.0009364349
6448580780254847411,2021-07,0.00093633856
3408536439470975134,2021-09,0.00093623775
6941381638534728190,2021-09,0.0009361504
8213533889694327948,2021-08,0.00093604694
5383359512938607117,2021-07,0.0009359818
3408536439470975134,2021-09,0.0009358628
3408536439470975134,2021-09,0.0009358628
4980232475645447238,2021-07,0.00093586056
968199235777440720,2021-08,0.0009357829
8213533889694327948,2021-08,0.0009357687
8213533889694327948,2021-09,0.00093568885
8213533889694327948,2021-09,0.00093568885
3960251564708868781,2021-08,0.0009356827
2012477868296377155,2021-08,0.00093559833
8859064595603380512,2021-09,0.00093556714
5462970244186515758,2021-08,0.00093556097
8684964138237894839,2021-09,0.00093539123
8684964138237894839,2021-07,0.00093539123
8213533889694327948,2021-07,0.00093539123
8385636129786687263,2021-10,0.00093533896
6871485876456523363,2021-09,0.00093511626
3408536439470975134,2021-11,0.00093506725
3408536439470975134,2021-08,0.00093506725
3408536439470975134,2021-11,0.00093506725
5897410907783139228,2021-09,0.0009350201
5897410907783139228,2021-09,0.0009350201
3408536439470975134,2021-10,0.00093491893
3408536439470975134,2021-10,0.00093491893
3408536439470975134,2021-10,0.0009346927
2673576168790933175,2021-08,0.0009346499
4980232475645447238,2021-08,0.0009346086
1141681690629134039,2021-08,0.0009346086
2012477868296377155,2021-07,0.0009345787
2012477868296377155,2021-07,0.0009345787
7719877724419004325,2021-10,0.00093436945
3960251564708868781,2021-09,0.00093430496
7646606457278894341,2021-09,0.0009341225
4347826483121154490,2021-08,0.0009341163
4347826483121154490,2021-08,0.0009341163
4347826483121154490,2021-08,0.0009341163
5055200744384119654,2021-09,0.00093388883
8529899700094903171,2021-08,0.0009338635
4817816966382229074,2021-07,0.0009338586
7776069961364493674,2021-09,0.00093373365
3960251564708868781,2021-07,0.00093373004
9108733472015251498,2021-07,0.0009337189
8083157716178259762,2021-08,0.00093361305
8083157716178259762,2021-08,0.00093361305
8083157716178259762,2021-07,0.00093361305
8083157716178259762,2021-11,0.00093361305
3960251564708868781,2021-10,0.00093346677
1420529738304793615,2021-10,0.0009334161
4342146186255136598,2021-10,0.0009333392
4342146186255136598,2021-10,0.0009333392
5795100045494475994,2021-09,0.0009332791
3386019519917828299,2021-10,0.0009332511
3386019519917828299,2021-11,0.0009332511
3668905663669864663,2021-08,0.0009331551
7595945751692012281,2021-08,0.0009331551
1059336566956767188,2021-07,0.0009330222
5611787644735474299,2021-07,0.00093293865
5611787644735474299,2021-10,0.00093293865
968199235777440720,2021-11,0.00093293865
5611787644735474299,2021-08,0.00093293865
4495596792165551705,2021-09,0.00093282753
8213533889694327948,2021-09,0.0009327085
968199235777440720,2021-09,0.0009326276
5611787644735474299,2021-07,0.0009325649
7076661330300123587,2021-08,0.0009325605
9108733472015251498,2021-08,0.0009325476
5611787644735474299,2021-09,0.0009325373
968199235777440720,2021-09,0.00093249645
3408536439470975134,2021-07,0.0009324539
6448580780254847411,2021-10,0.0009324005
2012477868296377155,2021-08,0.00093239883
6885171468891031140,2021-08,0.00093238987
4342146186255136598,2021-08,0.00093238987
5055200744384119654,2021-07,0.0009322984
2678966409665050034,2021-09,0.00093228195
2191990606593345695,2021-11,0.00093223265
8529899700094903171,2021-07,0.0009321248
8529899700094903171,2021-07,0.0009321248
3408536439470975134,2021-10,0.0009320803
4604807967654337091,2021-10,0.00093207014
3093415403379897112,2021-10,0.0009320186
8859064595603380512,2021-09,0.000931778
3387580208304842365,2021-10,0.00093163375
8680213253228719510,2021-09,0.00093160453
5303720405946805990,2021-10,0.00093158224
5303720405946805990,2021-11,0.00093158224
4817816966382229074,2021-10,0.0009315663
665854826624598350,2021-07,0.0009315499
665854826624598350,2021-08,0.0009315499
665854826624598350,2021-08,0.0009315499
665854826624598350,2021-08,0.0009315499
665854826624598350,2021-08,0.0009315499
665854826624598350,2021-08,0.0009315499
665854826624598350,2021-10,0.0009315499
3408536439470975134,2021-08,0.00093146163
2191990606593345695,2021-07,0.0009314527
866011924076225884,2021-10,0.00093143363
2347028805684088098,2021-08,0.00093138835
8961924617442201922,2021-09,0.00093136705
1953058402621337677,2021-10,0.0009313498
2307201111381758912,2021-08,0.000931234
2191990606593345695,2021-10,0.0009312002
4347826483121154490,2021-07,0.0009311532
7177785309735471560,2021-09,0.00093113416
968199235777440720,2021-07,0.0009310366
968199235777440720,2021-07,0.0009310366
4347826483121154490,2021-08,0.0009310198
3408536439470975134,2021-07,0.0009309225
1343530446996409207,2021-07,0.0009308786
2550506309527280168,2021-10,0.0009308645
5271966906483787417,2021-09,0.00093083124
798425422240919854,2021-10,0.0009308188
5993832136957065909,2021-10,0.00093078736
1420529738304793615,2021-09,0.00093078736
1420529738304793615,2021-10,0.00093078736
121658372387044248,2021-08,0.0009307718
3408536439470975134,2021-10,0.0009307616
4495596792165551705,2021-10,0.00093074294
5462970244186515758,2021-09,0.0009306556
8083157716178259762,2021-10,0.00093065435
7177785309735471560,2021-07,0.0009306539
8080988579391900405,2021-08,0.00093060156
665854826624598350,2021-08,0.00093053817
8213533889694327948,2021-11,0.0009304207
2347028805684088098,2021-11,0.0009302931
1366416810235233769,2021-10,0.0009302931
312543480920432545,2021-08,0.0009302584
5897410907783139228,2021-10,0.0009302239
5897410907783139228,2021-09,0.0009302239
8255085612985072878,2021-09,0.0009301149
8255085612985072878,2021-09,0.0009301149
8255085612985072878,2021-09,0.0009301149
8255085612985072878,2021-11,0.0009301149
8255085612985072878,2021-09,0.0009301149
8255085612985072878,2021-09,0.0009301149
8255085612985072878,2021-10,0.0009301149
8255085612985072878,2021-11,0.0009301149
8255085612985072878,2021-11,0.0009301149
5611787644735474299,2021-11,0.00093001605
5383359512938607117,2021-10,0.0009299372
1953058402621337677,2021-08,0.00092980475
5383359512938607117,2021-09,0.0009297396
5462970244186515758,2021-07,0.0009297113
5462970244186515758,2021-09,0.0009297113
4347826483121154490,2021-10,0.0009297082
4347826483121154490,2021-07,0.0009297082
6535356415509860671,2021-07,0.000929706
665854826624598350,2021-09,0.0009296896
4980232475645447238,2021-09,0.00092964043
7776069961364493674,2021-10,0.0009295877
121658372387044248,2021-08,0.00092946074
8385636129786687263,2021-10,0.0009294523
8961924617442201922,2021-10,0.00092943676
7200509200540839533,2021-09,0.0009293518
5462970244186515758,2021-09,0.0009293389
5462970244186515758,2021-10,0.0009293389
5303720405946805990,2021-08,0.00092920166
465309249432033993,2021-07,0.0009291858
465309249432033993,2021-08,0.0009291858
465309249432033993,2021-08,0.0009291858
8213533889694327948,2021-09,0.00092901883
4562495119288161876,2021-10,0.00092875375
3408536439470975134,2021-08,0.00092869723
7776069961364493674,2021-09,0.00092867017
8004409125524742779,2021-09,0.0009286224
8245393384938410770,2021-10,0.0009286167
2870813069335519467,2021-09,0.0009285591
8245393384938410770,2021-11,0.00092849764
8961924617442201922,2021-10,0.00092846976
8213533889694327948,2021-08,0.000928438
5547032541615425352,2021-09,0.0009282867
8376902089871279815,2021-09,0.0009282416
3228830386980584958,2021-07,0.0009282416
8376902089871279815,2021-08,0.0009282416
968199235777440720,2021-07,0.00092818635
2191990606593345695,2021-10,0.00092810317
8961924617442201922,2021-08,0.0009280793
5897410907783139228,2021-11,0.0009280218
8067924767167570288,2021-09,0.0009279644
8067924767167570288,2021-08,0.00092794665
8067924767167570288,2021-07,0.00092794665
8067924767167570288,2021-10,0.00092794665
1953058402621337677,2021-07,0.00092790206
3093415403379897112,2021-11,0.00092779467
9108733472015251498,2021-07,0.00092776946
7686361238195690925,2021-08,0.00092775124
8067924767167570288,2021-08,0.0009276965
3140918607946425426,2021-07,0.0009276249
3960251564708868781,2021-11,0.00092762266
7646606457278894341,2021-11,0.00092754676
2550506309527280168,2021-10,0.00092753035
8213533889694327948,2021-11,0.0009274897
1617695035450525647,2021-08,0.0009274521
7776069961364493674,2021-10,0.00092735933
312543480920432545,2021-09,0.0009273399
2678966409665050034,2021-08,0.0009273262
2678966409665050034,2021-09,0.0009273262
2678966409665050034,2021-09,0.0009273262
968400235888951633,2021-10,0.0009273028
968400235888951633,2021-10,0.0009273028
968400235888951633,2021-10,0.0009273028
968400235888951633,2021-10,0.0009273028
2012477868296377155,2021-10,0.00092722464
7754936094607992857,2021-10,0.00092720386
798425422240919854,2021-09,0.00092712924
798425422240919854,2021-08,0.00092712924
1003144834589372198,2021-10,0.0009270771
7910340581026492945,2021-10,0.0009270599
2025898153078562640,2021-11,0.0009270555
8895160610329228780,2021-10,0.00092704396
1192810733461560329,2021-07,0.0009269486
6521201759558790083,2021-10,0.00092682714
3960251564708868781,2021-09,0.00092680333
7992317448197179816,2021-08,0.0009267737
6448580780254847411,2021-07,0.0009267477
6448580780254847411,2021-07,0.0009267477
6448580780254847411,2021-11,0.0009267477
6448580780254847411,2021-10,0.0009267477
837142477962609471,2021-08,0.00092674413
3027683745465216663,2021-08,0.0009267247
837142477962609471,2021-10,0.0009267159
5897410907783139228,2021-09,0.00092671457
2012477868296377155,2021-08,0.00092669204
5304536516981778801,2021-08,0.00092665624
8067924767167570288,2021-10,0.0009266395
3248432590399829766,2021-07,0.0009266095
3248432590399829766,2021-07,0.0009266095
4342146186255136598,2021-10,0.00092656
6885171468891031140,2021-09,0.00092656
4342146186255136598,2021-10,0.00092656
2677901391425651891,2021-10,0.00092644885
3386019519917828299,2021-10,0.00092642894
3093415403379897112,2021-10,0.0009264272
3093415403379897112,2021-09,0.0009264272
7501763663852779083,2021-10,0.0009263165
3960251564708868781,2021-07,0.0009262485
6885171468891031140,2021-08,0.0009261889
4342146186255136598,2021-09,0.0009261889
1953058402621337677,2021-08,0.0009261576
7646606457278894341,2021-08,0.00092606014
5897410907783139228,2021-10,0.0009260181
6338963608593807081,2021-10,0.0009260151
3415156360538677905,2021-07,0.0009260151
3415156360538677905,2021-07,0.0009260151
968400235888951633,2021-09,0.0009259966
8255085612985072878,2021-07,0.00092599477
2678966409665050034,2021-10,0.00092593086
2678966409665050034,2021-07,0.00092593086
2678966409665050034,2021-11,0.00092593086
2678966409665050034,2021-09,0.00092593086
2678966409665050034,2021-11,0.00092593086
2678966409665050034,2021-11,0.00092593086
2678966409665050034,2021-07,0.00092593086
5974858472822751652,2021-10,0.00092584966
5897410907783139228,2021-08,0.0009258373
8529899700094903171,2021-10,0.00092577474
8529899700094903171,2021-08,0.00092577474
8529899700094903171,2021-08,0.00092577474
8529899700094903171,2021-07,0.00092577474
8529899700094903171,2021-08,0.00092577474
8529899700094903171,2021-11,0.00092577474
8529899700094903171,2021-08,0.00092577474
8529899700094903171,2021-10,0.00092577474
8529899700094903171,2021-09,0.00092577474
8213533889694327948,2021-11,0.00092573813
8213533889694327948,2021-11,0.00092573813
5055200744384119654,2021-10,0.0009257354
2773493808492482979,2021-08,0.00092569436
6030285068945261052,2021-09,0.00092567323
3408536439470975134,2021-07,0.0009256375
3408536439470975134,2021-09,0.0009256375
3408536439470975134,2021-09,0.0009256375
3408536439470975134,2021-07,0.0009256375
7963861799566207637,2021-10,0.0009256186
2678966409665050034,2021-10,0.00092561415
3571198145319411787,2021-07,0.00092547655
3960251564708868781,2021-07,0.00092538144
665854826624598350,2021-07,0.0009253373
5611787644735474299,2021-10,0.0009252848
209477776078372134,2021-07,0.00092527247
4342146186255136598,2021-08,0.00092525483
5897410907783139228,2021-07,0.00092517555
4571290108043699959,2021-09,0.00092517416
1945147145527703963,2021-08,0.0009251618
1945147145527703963,2021-08,0.0009251618
984915269987074754,2021-10,0.0009251301
5547032541615425352,2021-11,0.0009251028
7692330898726665144,2021-07,0.00092509395
7754936094607992857,2021-11,0.0009250442
8967780934636007142,2021-10,0.00092495605
465309249432033993,2021-09,0.00092495116
8529899700094903171,2021-11,0.00092492433
8529899700094903171,2021-11,0.00092492433
8529899700094903171,2021-11,0.00092492433
798425422240919854,2021-07,0.0009249199
6521201759558790083,2021-10,0.0009248794
8991419601067014006,2021-10,0.0009248794
6521201759558790083,2021-07,0.0009248794
2025898153078562640,2021-08,0.0009248794
2025898153078562640,2021-08,0.0009248794
4347826483121154490,2021-10,0.0009248767
165658847908185334,2021-07,0.00092477625
1420529738304793615,2021-11,0.00092477625
5303720405946805990,2021-08,0.0009247723
1788369195969129749,2021-10,0.0009247018
7949169060790541229,2021-10,0.0009247018
3248432590399829766,2021-10,0.0009246411
7347715771145302549,2021-08,0.0009246098
121658372387044248,2021-07,0.0009246098
121658372387044248,2021-07,0.0009246098
7347715771145302549,2021-09,0.0009246098
6276792736652545216,2021-10,0.0009246098
7347715771145302549,2021-10,0.0009246098
8213533889694327948,2021-07,0.00092459784
2307201111381758912,2021-09,0.00092459476
3960251564708868781,2021-08,0.00092453754
3960251564708868781,2021-09,0.00092453754
3960251564708868781,2021-08,0.00092453754
7177785309735471560,2021-10,0.00092451327
4347826483121154490,2021-09,0.0009245063
3408536439470975134,2021-08,0.00092448026
3408536439470975134,2021-10,0.00092433364
3408536439470975134,2021-09,0.00092433364
6914631631926429447,2021-08,0.0009243094
4061297388883391410,2021-11,0.00092423055
4061297388883391410,2021-11,0.00092423055
4061297388883391410,2021-10,0.00092423055
4061297388883391410,2021-09,0.00092423055
4061297388883391410,2021-09,0.00092423055
3093415403379897112,2021-08,0.0009241878
2191990606593345695,2021-07,0.0009241579
2191990606593345695,2021-07,0.0009241579
2191990606593345695,2021-08,0.0009241579
7177785309735471560,2021-07,0.000924143
3408536439470975134,2021-10,0.00092410995
3408536439470975134,2021-07,0.00092410995
7646606457278894341,2021-08,0.00092398934
3248432590399829766,2021-08,0.0009238771
4495596792165551705,2021-10,0.00092387496
5897410907783139228,2021-09,0.0009238722
4874157215501489741,2021-08,0.00092383043
7269781193318890653,2021-10,0.00092358753
3713742318997880410,2021-10,0.00092358753
4980232475645447238,2021-08,0.0009235435
4980232475645447238,2021-09,0.0009235435
6486277549325701534,2021-10,0.0009235435
9108733472015251498,2021-11,0.00092352455
5303720405946805990,2021-10,0.0009234696
8529899700094903171,2021-08,0.00092341204
8529899700094903171,2021-10,0.00092341204
3632378524835692731,2021-08,0.0009233477
7200509200540839533,2021-10,0.0009233086
121658372387044248,2021-10,0.0009233073
8529899700094903171,2021-10,0.00092327164
8529899700094903171,2021-08,0.00092327164
465309249432033993,2021-08,0.00092325674
1097345589386012260,2021-08,0.00092322024
1953058402621337677,2021-08,0.0009232163
6030285068945261052,2021-09,0.00092320214
2532435113844289043,2021-08,0.0009231648
6795467882769787169,2021-10,0.0009231648
6795467882769787169,2021-10,0.0009231648
6795467882769787169,2021-10,0.0009231648
2532435113844289043,2021-09,0.0009231648
6795467882769787169,2021-10,0.0009231648
6795467882769787169,2021-10,0.0009231648
1953058402621337677,2021-10,0.0009230927
312543480920432545,2021-09,0.00092306983
8004409125524742779,2021-10,0.0009230588
3408536439470975134,2021-08,0.0009229506
4061297388883391410,2021-08,0.0009229287
8529899700094903171,2021-08,0.00092284335
8529899700094903171,2021-09,0.00092284335
1953058402621337677,2021-10,0.00092277786
2870813069335519467,2021-10,0.00092271675
3731278848600349375,2021-07,0.0009227106
2508429106201166689,2021-09,0.00092264556
8529899700094903171,2021-08,0.00092262484
8529899700094903171,2021-09,0.00092262484
8529899700094903171,2021-09,0.00092262484
8529899700094903171,2021-09,0.00092262484
8529899700094903171,2021-10,0.00092262484
8529899700094903171,2021-08,0.00092262484
8529899700094903171,2021-08,0.00092262484
8529899700094903171,2021-07,0.00092262484
8529899700094903171,2021-07,0.00092262484
8529899700094903171,2021-10,0.00092262484
8529899700094903171,2021-09,0.00092262484
7671566034617837932,2021-08,0.0009225783
3140918607946425426,2021-08,0.00092256867
2870813069335519467,2021-08,0.00092256244
2333404192508932057,2021-10,0.0009224891
2333404192508932057,2021-09,0.0009224891
8080988579391900405,2021-10,0.0009224768
8080988579391900405,2021-10,0.0009224768
3140918607946425426,2021-08,0.0009224768
3140918607946425426,2021-07,0.0009224768
3140918607946425426,2021-08,0.0009224768
8080988579391900405,2021-10,0.0009224768
8080988579391900405,2021-10,0.0009224768
8080988579391900405,2021-10,0.0009224768
3140918607946425426,2021-09,0.0009224768
3140918607946425426,2021-09,0.0009224768
8080988579391900405,2021-11,0.0009224768
3140918607946425426,2021-08,0.0009224768
5462970244186515758,2021-11,0.00092246756
5462970244186515758,2021-10,0.00092246756
2333404192508932057,2021-10,0.00092242885
1000372849175668062,2021-08,0.00092242623
3093415403379897112,2021-09,0.00092238013
6030285068945261052,2021-08,0.0009222557
6030285068945261052,2021-08,0.0009222557
6030285068945261052,2021-08,0.0009222557
5303720405946805990,2021-08,0.0009221938
66220087398241662,2021-10,0.0009221683
6633838062940819075,2021-07,0.0009221683
6633838062940819075,2021-07,0.0009221683
4061297388883391410,2021-09,0.00092210236
6030285068945261052,2021-08,0.0009220774
5856610998569876318,2021-11,0.0009220554
7177785309735471560,2021-09,0.00092201366
3408536439470975134,2021-08,0.0009219684
1420529738304793615,2021-07,0.00092192844
7347715771145302549,2021-10,0.00092181953
121658372387044248,2021-07,0.00092181953
121658372387044248,2021-08,0.00092181953
8376902089871279815,2021-07,0.0009217071
8376902089871279815,2021-09,0.0009217071
1052398277967427422,2021-10,0.0009217071
8004409125524742779,2021-09,0.00092168915
1192810733461560329,2021-09,0.0009216532
8080988579391900405,2021-09,0.0009216509
1953058402621337677,2021-08,0.0009216475
3713742318997880410,2021-07,0.00092162547
8213533889694327948,2021-07,0.0009216027
6030285068945261052,2021-09,0.0009215544
8859064595603380512,2021-08,0.0009215522
4635578010631860111,2021-10,0.00092140643
3634047863995720708,2021-10,0.00092139153
837142477962609471,2021-08,0.0009213902
837142477962609471,2021-09,0.0009213902
8376902089871279815,2021-10,0.00092136255
8376902089871279815,2021-07,0.00092136255
7347715771145302549,2021-07,0.00092134584
8529899700094903171,2021-08,0.00092133443
798425422240919854,2021-09,0.0009213323
7963861799566207637,2021-08,0.0009213243
7963861799566207637,2021-11,0.00092120626
7963861799566207637,2021-09,0.00092120626
7963861799566207637,2021-10,0.00092120626
7963861799566207637,2021-08,0.00092120626
968199235777440720,2021-10,0.0009211812
8060154314331993193,2021-08,0.00092117995
3140918607946425426,2021-08,0.00092117727
8080988579391900405,2021-10,0.00092117727
8080988579391900405,2021-07,0.00092117727
1104269683367198574,2021-09,0.00092115364
3408536439470975134,2021-09,0.0009211329
4342146186255136598,2021-11,0.00092110975
8213533889694327948,2021-07,0.0009209772
8961924617442201922,2021-09,0.0009209395
5897410907783139228,2021-08,0.000920907
7963861799566207637,2021-09,0.00092089124
7963861799566207637,2021-11,0.00092089124
3960251564708868781,2021-07,0.00092088204
6030285068945261052,2021-07,0.00092081184
2347028805684088098,2021-09,0.00092081184
1235244772550233980,2021-10,0.00092081184
1235244772550233980,2021-10,0.00092081184
6030285068945261052,2021-07,0.00092081184
2347028805684088098,2021-08,0.00092081184
2347028805684088098,2021-08,0.00092081184
4980232475645447238,2021-07,0.0009207767
6885171468891031140,2021-08,0.0009206881
3408536439470975134,2021-11,0.0009206644
6030285068945261052,2021-10,0.0009206338
4347826483121154490,2021-07,0.0009206105
837142477962609471,2021-09,0.0009205635
837142477962609471,2021-10,0.0009205635
837142477962609471,2021-09,0.0009205635
7963861799566207637,2021-10,0.0009205631
5306165689101138983,2021-07,0.0009205623
5306165689101138983,2021-10,0.0009205623
7347715771145302549,2021-10,0.00092052104
121658372387044248,2021-10,0.00092052104
4347826483121154490,2021-08,0.0009204785
8060154314331993193,2021-08,0.0009204597
8245393384938410770,2021-10,0.0009204552
6204723742351094322,2021-07,0.0009204114
8067924767167570288,2021-08,0.0009203132
8067924767167570288,2021-08,0.0009203132
2333404192508932057,2021-09,0.0009202992
6284433051333854194,2021-09,0.0009202939
3408536439470975134,2021-08,0.0009202233
3408536439470975134,2021-10,0.0009202233
798425422240919854,2021-11,0.0009201803
8255085612985072878,2021-09,0.0009201716
1141681690629134039,2021-07,0.0009201374
2677901391425651891,2021-10,0.0009201374
3027683745465216663,2021-11,0.0009200966
4342146186255136598,2021-08,0.0009200874
465309249432033993,2021-09,0.0009200739
798425422240919854,2021-08,0.00092003436
798425422240919854,2021-08,0.00092003436
3248432590399829766,2021-07,0.0009199822
3248432590399829766,2021-07,0.0009199822
3248432590399829766,2021-11,0.0009199822
66220087398241662,2021-10,0.00091997086
1711114950158155307,2021-07,0.00091995153
209477776078372134,2021-07,0.000919927
1551531256789550891,2021-10,0.0009198669
1551531256789550891,2021-09,0.0009198669
1864367736036633256,2021-07,0.0009198227
6885171468891031140,2021-09,0.0009198122
798425422240919854,2021-07,0.0009198118
3408536439470975134,2021-09,0.0009197714
3408536439470975134,2021-07,0.0009197714
7206599058451025691,2021-10,0.0009197539
8255085612985072878,2021-10,0.000919753
4104959289203999917,2021-07,0.00091974426
2773493808492482979,2021-10,0.0009195839
2773493808492482979,2021-09,0.0009195839
1235244772550233980,2021-08,0.0009195712
6030285068945261052,2021-08,0.00091955106
665854826624598350,2021-10,0.000919544
8213533889694327948,2021-10,0.00091949623
8213533889694327948,2021-11,0.00091949623
4874157215501489741,2021-08,0.00091942673
4874157215501489741,2021-08,0.00091942673
8004409125524742779,2021-09,0.0009193772
1945147145527703963,2021-07,0.0009193772
8004409125524742779,2021-08,0.0009193772
8004409125524742779,2021-08,0.0009193772
8004409125524742779,2021-09,0.0009193772
6633838062940819075,2021-11,0.0009193409
6367769402148499693,2021-09,0.0009193409
6633838062940819075,2021-11,0.0009193409
6633838062940819075,2021-10,0.0009193409
4342146186255136598,2021-07,0.0009193281
6368582840625614207,2021-08,0.00091923267
3668905663669864663,2021-09,0.00091923267
6368582840625614207,2021-10,0.00091923267
5897410907783139228,2021-10,0.0009192282
4874157215501489741,2021-10,0.0009192239
968400235888951633,2021-11,0.00091920677
968400235888951633,2021-09,0.00091920677
968400235888951633,2021-08,0.00091920677
3634047863995720708,2021-10,0.0009191958
2333404192508932057,2021-10,0.00091919105
4090195792518021727,2021-11,0.0009191424
1953058402621337677,2021-09,0.0009190995
2678966409665050034,2021-07,0.00091909815
2678966409665050034,2021-07,0.00091909815
2678966409665050034,2021-09,0.00091909815
798425422240919854,2021-07,0.0009190597
798425422240919854,2021-09,0.0009190597
6633838062940819075,2021-10,0.0009190264
6633838062940819075,2021-10,0.0009190264
7120090169052575663,2021-09,0.0009190159
7120090169052575663,2021-09,0.0009190159
1210783884008131648,2021-10,0.0009189629
6030285068945261052,2021-09,0.00091891916
2347028805684088098,2021-09,0.00091891916
1210783884008131648,2021-07,0.0009188994
1864367736036633256,2021-07,0.0009188701
3960251564708868781,2021-08,0.0009187755
3960251564708868781,2021-07,0.0009187755
5042877476420217533,2021-08,0.000918667
3713742318997880410,2021-10,0.000918667
3960251564708868781,2021-07,0.0009186306
8529899700094903171,2021-11,0.00091862323
8529899700094903171,2021-11,0.00091862323
8529899700094903171,2021-11,0.00091862323
3386019519917828299,2021-07,0.0009186114
798425422240919854,2021-09,0.0009186084
3386019519917828299,2021-08,0.0009185974
2377020220794016532,2021-08,0.00091858173
924957821424248698,2021-08,0.00091858173
924957821424248698,2021-08,0.00091858173
8385636129786687263,2021-09,0.00091849675
968400235888951633,2021-09,0.0009183839
968400235888951633,2021-10,0.0009183839
6284433051333854194,2021-07,0.00091833883
3093415403379897112,2021-10,0.00091833883
3093415403379897112,2021-08,0.00091833883
3093415403379897112,2021-11,0.00091833883
5897410907783139228,2021-08,0.00091822905
5897410907783139228,2021-07,0.00091822905
1028630885537616736,2021-11,0.000918191
4018182555897034052,2021-10,0.000918191
1235244772550233980,2021-08,0.0009180965
1235244772550233980,2021-10,0.0009180965
7671566034617837932,2021-09,0.0009180812
8706851346184249504,2021-11,0.000918065
8213533889694327948,2021-09,0.0009180567
6521201759558790083,2021-10,0.00091805455
7776069961364493674,2021-10,0.00091805455
165658847908185334,2021-10,0.0009179522
2022367282554149730,2021-09,0.00091789925
8826489829259520138,2021-11,0.0009178848
6276792736652545216,2021-07,0.0009177016
8213533889694327948,2021-07,0.00091765577
8213533889694327948,2021-07,0.00091765577
8536980239903840341,2021-11,0.00091742625
2333404192508932057,2021-10,0.0009174131
2333404192508932057,2021-07,0.0009174131
2333404192508932057,2021-08,0.0009174131
2333404192508932057,2021-09,0.0009174131
2333404192508932057,2021-08,0.0009174131
5856610998569876318,2021-10,0.00091734313
4874157215501489741,2021-09,0.0009173235
837142477962609471,2021-07,0.00091729907
837142477962609471,2021-11,0.00091729907
837142477962609471,2021-09,0.00091729907
837142477962609471,2021-09,0.00091729907
837142477962609471,2021-07,0.00091729907
8826489829259520138,2021-07,0.0009172973
3248432590399829766,2021-08,0.000917282
4717593620120611957,2021-10,0.00091727986
6368582840625614207,2021-10,0.00091727986
1253437108265925705,2021-10,0.0009171894
5611787644735474299,2021-11,0.00091717974
5611787644735474299,2021-07,0.00091717974
5611787644735474299,2021-07,0.00091717974
2333404192508932057,2021-10,0.0009169818
2333404192508932057,2021-09,0.0009169818
2532435113844289043,2021-08,0.00091696705
6795467882769787169,2021-09,0.00091696705
4980232475645447238,2021-11,0.0009169382
5897410907783139228,2021-07,0.0009169355
4571290108043699959,2021-09,0.0009169194
4571290108043699959,2021-09,0.0009169194
4571290108043699959,2021-09,0.0009169194
4571290108043699959,2021-08,0.0009169194
2532435113844289043,2021-07,0.00091687567
465309249432033993,2021-07,0.00091687567
2532435113844289043,2021-08,0.00091687567
2532435113844289043,2021-09,0.00091687567
465309249432033993,2021-08,0.00091687567
465309249432033993,2021-08,0.00091687567
465309249432033993,2021-08,0.00091687567
2532435113844289043,2021-10,0.00091687567
465309249432033993,2021-10,0.00091687567
2532435113844289043,2021-07,0.00091687567
2532435113844289043,2021-08,0.00091687567
2532435113844289043,2021-09,0.00091687567
2532435113844289043,2021-09,0.00091687567
5611787644735474299,2021-08,0.0009168124
8529899700094903171,2021-07,0.00091680756
1210783884008131648,2021-07,0.0009167098
5897410907783139228,2021-10,0.0009166709
6795467882769787169,2021-07,0.00091666606
5897410907783139228,2021-10,0.00091659185
5897410907783139228,2021-11,0.00091659185
5897410907783139228,2021-11,0.00091659185
5042877476420217533,2021-10,0.00091656565
3713742318997880410,2021-07,0.00091656565
465309249432033993,2021-11,0.0009165621
6795467882769787169,2021-11,0.0009165621
2532435113844289043,2021-09,0.0009165621
2532435113844289043,2021-09,0.0009165621
2532435113844289043,2021-07,0.0009165621
2532435113844289043,2021-10,0.0009165621
6795467882769787169,2021-09,0.0009165621
6795467882769787169,2021-10,0.0009165621
3960251564708868781,2021-09,0.0009165294
4571290108043699959,2021-08,0.0009164839
2532435113844289043,2021-08,0.0009164403
2532435113844289043,2021-07,0.0009164403
2532435113844289043,2021-10,0.0009164403
4061297388883391410,2021-11,0.00091643154
7686361238195690925,2021-08,0.0009163434
7686361238195690925,2021-08,0.0009163434
8529899700094903171,2021-08,0.0009163395
8529899700094903171,2021-08,0.0009163395
8529899700094903171,2021-07,0.0009163395
8529899700094903171,2021-07,0.0009163395
8529899700094903171,2021-08,0.0009163395
8529899700094903171,2021-08,0.0009163395
8529899700094903171,2021-08,0.0009163395
8529899700094903171,2021-09,0.0009163395
8529899700094903171,2021-08,0.0009163395
8529899700094903171,2021-09,0.0009163395
8529899700094903171,2021-09,0.0009163395
8529899700094903171,2021-10,0.0009163395
8529899700094903171,2021-08,0.0009163395
8529899700094903171,2021-08,0.0009163395
8529899700094903171,2021-10,0.0009163395
5611787644735474299,2021-09,0.0009163395
8529899700094903171,2021-10,0.0009163395
8529899700094903171,2021-07,0.0009163395
8529899700094903171,2021-07,0.0009163395
8529899700094903171,2021-08,0.0009163395
8529899700094903171,2021-07,0.0009163395
8529899700094903171,2021-08,0.0009163395
8529899700094903171,2021-07,0.0009163395
8529899700094903171,2021-10,0.0009163395
8529899700094903171,2021-10,0.0009163395
8529899700094903171,2021-08,0.0009163395
8529899700094903171,2021-07,0.0009163395
8529899700094903171,2021-07,0.0009163395
8529899700094903171,2021-07,0.0009163395
8529899700094903171,2021-09,0.0009163395
8529899700094903171,2021-09,0.0009163395
8529899700094903171,2021-09,0.0009163395
8529899700094903171,2021-09,0.0009163395
8529899700094903171,2021-09,0.0009163395
8529899700094903171,2021-09,0.0009163395
5462970244186515758,2021-08,0.00091633253
1617695035450525647,2021-09,0.0009163246
2333404192508932057,2021-10,0.00091630843
8529899700094903171,2021-09,0.00091625564
8529899700094903171,2021-11,0.00091625564
8529899700094903171,2021-11,0.00091625564
8529899700094903171,2021-09,0.00091625564
8529899700094903171,2021-07,0.00091625564
8529899700094903171,2021-11,0.00091625564
8529899700094903171,2021-10,0.00091625564
8529899700094903171,2021-11,0.00091625564
8529899700094903171,2021-07,0.00091625564
8529899700094903171,2021-11,0.00091625564
8529899700094903171,2021-11,0.00091625564
8529899700094903171,2021-07,0.00091625564
8529899700094903171,2021-11,0.00091625564
8843432852270832388,2021-11,0.00091624213
8376902089871279815,2021-07,0.00091624213
8843432852270832388,2021-09,0.00091624213
8843432852270832388,2021-10,0.00091624213
8376902089871279815,2021-07,0.00091624213
988707525807573448,2021-08,0.00091624213
6633838062940819075,2021-09,0.00091621286
6633838062940819075,2021-09,0.00091621286
3408536439470975134,2021-10,0.0009162037
3093415403379897112,2021-07,0.00091615046
3093415403379897112,2021-09,0.00091615046
3093415403379897112,2021-08,0.00091615046
7963861799566207637,2021-09,0.0009161291
5122095358293179297,2021-11,0.00091612607
5974858472822751652,2021-10,0.000916099
6885171468891031140,2021-10,0.0009160693
8529899700094903171,2021-07,0.00091602607
8529899700094903171,2021-09,0.00091602607
8529899700094903171,2021-08,0.00091602607
8529899700094903171,2021-07,0.00091602607
8529899700094903171,2021-09,0.00091602607
8529899700094903171,2021-08,0.00091602607
8529899700094903171,2021-11,0.00091602607
417157680860985231,2021-08,0.0009160056
4335865859049992260,2021-08,0.0009160056
6367769402148499693,2021-10,0.0009160034
6367769402148499693,2021-09,0.0009160034
6367769402148499693,2021-09,0.0009160034
2870813069335519467,2021-09,0.0009159641
66220087398241662,2021-11,0.00091588596
4296149971687628223,2021-09,0.00091588596
1533755281771668509,2021-08,0.00091588596
6633838062940819075,2021-07,0.00091588596
66220087398241662,2021-09,0.00091588596
66220087398241662,2021-10,0.00091588596
4296149971687628223,2021-08,0.00091588596
4296149971687628223,2021-09,0.00091588596
6367769402148499693,2021-11,0.00091588596
6367769402148499693,2021-10,0.00091588596
1533755281771668509,2021-11,0.00091588596
988707525807573448,2021-10,0.00091584236
988707525807573448,2021-10,0.00091584236
3408536439470975134,2021-08,0.0009158367
2333404192508932057,2021-10,0.0009157952
8004409125524742779,2021-08,0.00091577077
8004409125524742779,2021-11,0.00091577077
4874157215501489741,2021-10,0.0009157647
4342146186255136598,2021-11,0.0009157023
968400235888951633,2021-10,0.0009156195
8529899700094903171,2021-10,0.0009156138
7671566034617837932,2021-08,0.00091559894
8374461419511631785,2021-09,0.0009155981
66220087398241662,2021-09,0.0009155728
8564920972266217847,2021-11,0.0009155544
3832944730982767714,2021-09,0.00091552915
7206599058451025691,2021-08,0.0009154441
3713742318997880410,2021-09,0.000915438
8529899700094903171,2021-09,0.0009154136
8529899700094903171,2021-09,0.0009154136
8529899700094903171,2021-09,0.0009154136
8529899700094903171,2021-10,0.0009154136
8529899700094903171,2021-07,0.0009154136
8529899700094903171,2021-09,0.0009154136
8529899700094903171,2021-09,0.0009154136
8529899700094903171,2021-08,0.0009154136
8529899700094903171,2021-08,0.0009154136
8529899700094903171,2021-08,0.0009154136
8529899700094903171,2021-08,0.0009154136
8529899700094903171,2021-08,0.0009154136
8529899700094903171,2021-11,0.0009154136
8529899700094903171,2021-08,0.0009154136
8529899700094903171,2021-11,0.0009154136
5462970244186515758,2021-09,0.0009154083
8004409125524742779,2021-10,0.0009153992
6204723742351094322,2021-09,0.0009153944
4061297388883391410,2021-07,0.0009153412
4061297388883391410,2021-08,0.0009153412
4061297388883391410,2021-10,0.0009153412
4061297388883391410,2021-10,0.0009153412
5897410907783139228,2021-11,0.0009153006
1343530446996409207,2021-08,0.0009152915
1953058402621337677,2021-07,0.00091521954
4874157215501489741,2021-09,0.0009151375
8374461419511631785,2021-09,0.0009151109
8374461419511631785,2021-11,0.0009151109
5726884001073147293,2021-08,0.0009151109
8374461419511631785,2021-08,0.0009151109
4327694790333781288,2021-10,0.0009151109
5694881483989656694,2021-10,0.0009151109
8374461419511631785,2021-09,0.0009151109
8374461419511631785,2021-09,0.0009151109
3027683745465216663,2021-10,0.000915094
7177785309735471560,2021-08,0.0009150909
7177785309735471560,2021-10,0.0009150909
7177785309735471560,2021-09,0.0009150909
3832944730982767714,2021-07,0.0009150857
988707525807573448,2021-09,0.0009150857
3408536439470975134,2021-07,0.0009150582
3408536439470975134,2021-11,0.0009150582
8213533889694327948,2021-09,0.00091502373
4342146186255136598,2021-07,0.00091493136
3408536439470975134,2021-09,0.0009149131
2333404192508932057,2021-10,0.0009148338
66220087398241662,2021-08,0.00091482897
6633838062940819075,2021-08,0.00091482897
837142477962609471,2021-10,0.0009148002
837142477962609471,2021-11,0.0009148002
837142477962609471,2021-09,0.0009148002
3832944730982767714,2021-07,0.00091478537
2677901391425651891,2021-07,0.00091478537
8374461419511631785,2021-08,0.0009147444
4018182555897034052,2021-09,0.0009147444
3140918607946425426,2021-09,0.00091469253
8080988579391900405,2021-08,0.00091469253
3408536439470975134,2021-11,0.0009146917
7221446976321358973,2021-09,0.0009146869
3386019519917828299,2021-11,0.0009146485
6885171468891031140,2021-07,0.0009145649
903093877129717133,2021-07,0.0009144254
4347826483121154490,2021-07,0.00091440504
4347826483121154490,2021-07,0.00091440504
4347826483121154490,2021-08,0.00091440504
4347826483121154490,2021-07,0.00091440504
7595945751692012281,2021-08,0.0009143296
3093415403379897112,2021-07,0.00091432704
7754936094607992857,2021-11,0.0009143136
2333404192508932057,2021-09,0.00091425295
2333404192508932057,2021-09,0.00091425295
2347028805684088098,2021-11,0.00091422605
6030285068945261052,2021-08,0.00091422605
2347028805684088098,2021-10,0.00091422605
2347028805684088098,2021-08,0.00091422605
2347028805684088098,2021-08,0.00091422605
2347028805684088098,2021-07,0.00091422605
6030285068945261052,2021-07,0.00091422605
5611787644735474299,2021-11,0.00091421686
5611787644735474299,2021-07,0.00091421686
968199235777440720,2021-07,0.00091411016
4061297388883391410,2021-08,0.0009140518
4347826483121154490,2021-09,0.00091403874
4347826483121154490,2021-08,0.00091403874
4347826483121154490,2021-07,0.00091403874
3408536439470975134,2021-09,0.0009140204
1104269683367198574,2021-10,0.00091401744
1192810733461560329,2021-10,0.00091401744
837142477962609471,2021-10,0.0009139921
837142477962609471,2021-08,0.0009139921
837142477962609471,2021-09,0.0009139921
837142477962609471,2021-09,0.0009139921
968199235777440720,2021-07,0.00091398123
8255085612985072878,2021-10,0.00091396907
8004409125524742779,2021-08,0.00091396907
8255085612985072878,2021-07,0.00091396907
8255085612985072878,2021-07,0.00091396907
2333404192508932057,2021-10,0.0009139403
7963861799566207637,2021-09,0.0009138746
5082813456193598086,2021-10,0.00091382756
5082813456193598086,2021-09,0.00091382756
4018182555897034052,2021-10,0.000913811
7347715771145302549,2021-07,0.0009137714
7347715771145302549,2021-11,0.0009137714
7347715771145302549,2021-08,0.0009137714
6367769402148499693,2021-07,0.0009137034
4296149971687628223,2021-10,0.0009137034
7595945751692012281,2021-10,0.00091369037
1953058402621337677,2021-08,0.0009136643
1953058402621337677,2021-10,0.0009136643
1953058402621337677,2021-07,0.0009136643
8376902089871279815,2021-10,0.0009136599
1617695035450525647,2021-10,0.00091365125
1617695035450525647,2021-10,0.00091365125
1192810733461560329,2021-10,0.00091365125
8080988579391900405,2021-07,0.0009136043
8080988579391900405,2021-08,0.0009136043
8080988579391900405,2021-10,0.0009136043
3140918607946425426,2021-09,0.0009136043
3140918607946425426,2021-09,0.0009136043
3140918607946425426,2021-09,0.0009136043
3140918607946425426,2021-08,0.0009136043
3415156360538677905,2021-09,0.0009135581
8213533889694327948,2021-09,0.0009135459
8213533889694327948,2021-08,0.0009135459
6486277549325701534,2021-10,0.00091343495
8843432852270832388,2021-08,0.00091334747
2677901391425651891,2021-11,0.00091334747
3634047863995720708,2021-08,0.00091334706
3634047863995720708,2021-07,0.00091334706
3634047863995720708,2021-10,0.00091334706
1343530446996409207,2021-09,0.00091334706
3634047863995720708,2021-07,0.00091334706
2347028805684088098,2021-09,0.00091330655
4980232475645447238,2021-11,0.0009132901
465309249432033993,2021-10,0.00091319345
4347826483121154490,2021-07,0.0009131169
4347826483121154490,2021-09,0.0009131169
4347826483121154490,2021-08,0.0009131169
2347028805684088098,2021-09,0.00091299426
8213533889694327948,2021-11,0.0009129199
4342146186255136598,2021-09,0.0009129186
8564920972266217847,2021-11,0.00091289205
798425422240919854,2021-10,0.00091286463
6643358471662528195,2021-11,0.0009128507
5042877476420217533,2021-08,0.0009128507
968400235888951633,2021-07,0.0009127359
3408536439470975134,2021-09,0.00091273285
3408536439470975134,2021-09,0.00091273285
5856610998569876318,2021-08,0.0009126581
6030285068945261052,2021-11,0.0009125959
8535586342375301953,2021-08,0.0009125959
2347028805684088098,2021-10,0.0009125959
665505091521986356,2021-09,0.00091259246
8536980239903840341,2021-10,0.0009124977
7347715771145302549,2021-07,0.0009124842
5462970244186515758,2021-10,0.0009124702
5462970244186515758,2021-10,0.0009124702
3263212305228307743,2021-10,0.0009124498
4018182555897034052,2021-10,0.0009124498
4327694790333781288,2021-08,0.0009124498
3571198145319411787,2021-07,0.0009124454
3571198145319411787,2021-07,0.0009124454
3571198145319411787,2021-10,0.0009124454
1874387298050692165,2021-07,0.0009124424
4342146186255136598,2021-08,0.00091243815
4874157215501489741,2021-08,0.0009124086
1210783884008131648,2021-07,0.0009124029
2347028805684088098,2021-09,0.0009123594
2347028805684088098,2021-07,0.0009123594
1235244772550233980,2021-09,0.0009123594
1235244772550233980,2021-11,0.0009123594
2347028805684088098,2021-09,0.0009123594
1210783884008131648,2021-11,0.00091232726
3140918607946425426,2021-07,0.0009123173
7949169060790541229,2021-07,0.00091218424
8961924617442201922,2021-11,0.0009121769
665854826624598350,2021-08,0.0009121608
8826489829259520138,2021-10,0.00091214565
524026009392362402,2021-07,0.0009121217
7269781193318890653,2021-10,0.0009119097
4342146186255136598,2021-08,0.0009118449
4342146186255136598,2021-07,0.0009118449
4342146186255136598,2021-09,0.0009118449
209477776078372134,2021-07,0.00091184146
7686361238195690925,2021-07,0.00091184105
665505091521986356,2021-11,0.0009118241
1874387298050692165,2021-10,0.0009118176
837142477962609471,2021-11,0.00091175764
7949169060790541229,2021-08,0.00091173634
5462970244186515758,2021-10,0.0009116816
7910340581026492945,2021-10,0.00091158604
312543480920432545,2021-08,0.000911567
312543480920432545,2021-08,0.000911567
8535586342375301953,2021-07,0.0009115426
8213533889694327948,2021-10,0.0009114905
8213533889694327948,2021-07,0.0009114905
8213533889694327948,2021-08,0.0009114905
8213533889694327948,2021-07,0.0009114905
8213533889694327948,2021-07,0.0009114905
5462970244186515758,2021-11,0.0009114463
5462970244186515758,2021-07,0.0009114463
1003144834589372198,2021-08,0.0009114328
8245393384938410770,2021-11,0.00091140845
4874157215501489741,2021-10,0.0009113994
5304536516981778801,2021-07,0.00091137976
5304536516981778801,2021-09,0.00091137976
5304536516981778801,2021-08,0.00091137976
5304536516981778801,2021-09,0.00091137976
6633838062940819075,2021-10,0.00091136334
3634047863995720708,2021-09,0.0009113069
9052787288251876909,2021-10,0.0009112987
6030285068945261052,2021-09,0.00091116794
7347715771145302549,2021-09,0.0009111506
3386019519917828299,2021-09,0.0009111506
8245393384938410770,2021-11,0.00091107417
4874157215501489741,2021-10,0.00091107417
3408536439470975134,2021-07,0.0009110686
2773493808492482979,2021-10,0.000911062
2333404192508932057,2021-07,0.0009110599
3248432590399829766,2021-07,0.00091103296
4717593620120611957,2021-08,0.0009110308
6368582840625614207,2021-09,0.0009110308
4717593620120611957,2021-09,0.0009110308
6368582840625614207,2021-07,0.0009110308
4717593620120611957,2021-10,0.0009110308
6204723742351094322,2021-10,0.0009110308
4104959289203999917,2021-08,0.000910997
3713742318997880410,2021-07,0.000910987
2333404192508932057,2021-09,0.00091083813
7398738404146260251,2021-09,0.00091083813
2333404192508932057,2021-10,0.00091083813
2333404192508932057,2021-08,0.00091083813
3632378524835692731,2021-08,0.0009107947
8245393384938410770,2021-11,0.0009107626
4874157215501489741,2021-10,0.0009107626
4874157215501489741,2021-10,0.0009107626
8245393384938410770,2021-11,0.0009107626
4165983075385227812,2021-08,0.00091074395
3027683745465216663,2021-07,0.0009107193
6204723742351094322,2021-10,0.0009107193
7347715771145302549,2021-07,0.0009106537
7347715771145302549,2021-08,0.0009106537
3095408468798675621,2021-09,0.0009106537
7444686668183702737,2021-11,0.0009106537
7347715771145302549,2021-07,0.0009106537
1788369195969129749,2021-09,0.0009106537
7347715771145302549,2021-10,0.0009106537
2508429106201166689,2021-11,0.0009106537
2508429106201166689,2021-11,0.0009106537
7347715771145302549,2021-08,0.0009106537
7347715771145302549,2021-09,0.0009106537
7347715771145302549,2021-11,0.0009106537
6276792736652545216,2021-10,0.0009106537
7444686668183702737,2021-11,0.0009106537
2508429106201166689,2021-08,0.0009106537
6276792736652545216,2021-08,0.0009106537
6276792736652545216,2021-09,0.0009106537
3095408468798675621,2021-07,0.0009106537
7347715771145302549,2021-10,0.0009106537
7347715771145302549,2021-09,0.0009106537
7347715771145302549,2021-08,0.0009106537
2508429106201166689,2021-10,0.0009106537
4874157215501489741,2021-10,0.0009106464
7692335720341018458,2021-07,0.0009105813
665505091521986356,2021-10,0.00091057736
5611787644735474299,2021-08,0.00091051625
968199235777440720,2021-11,0.00091051625
968199235777440720,2021-11,0.00091051625
1210783884008131648,2021-07,0.0009104646
6795467882769787169,2021-07,0.0009104212
6795467882769787169,2021-09,0.0009104212
465309249432033993,2021-10,0.0009104212
2532435113844289043,2021-07,0.0009104212
6795467882769787169,2021-08,0.0009104212
2532435113844289043,2021-07,0.0009104212
1235244772550233980,2021-07,0.0009104212
524026009392362402,2021-09,0.00091041776
5122095358293179297,2021-10,0.00091039785
968400235888951633,2021-07,0.00091036566
4874157215501489741,2021-09,0.0009103214
5611787644735474299,2021-11,0.00091029325
5611787644735474299,2021-09,0.00091029325
5611787644735474299,2021-08,0.00091029325
8213533889694327948,2021-10,0.00091028505
761746217261797478,2021-11,0.00091027026
761746217261797478,2021-11,0.00091027026
761746217261797478,2021-10,0.00091027026
903093877129717133,2021-09,0.00091026817
2022367282554149730,2021-11,0.00091026817
2022367282554149730,2021-11,0.00091026817
2022367282554149730,2021-08,0.00091026817
2022367282554149730,2021-11,0.00091026817
2022367282554149730,2021-11,0.00091026817
4342146186255136598,2021-08,0.0009102638
4571290108043699959,2021-09,0.00091024034
4018182555897034052,2021-08,0.0009102378
2532435113844289043,2021-09,0.00091019704
1551531256789550891,2021-10,0.00091018056
5462970244186515758,2021-11,0.00091016234
6795467882769787169,2021-07,0.0009101099
465309249432033993,2021-07,0.0009101099
6795467882769787169,2021-11,0.0009101099
6795467882769787169,2021-11,0.0009101099
1533755281771668509,2021-09,0.0009100877
3713742318997880410,2021-08,0.0009100227
5042877476420217533,2021-11,0.0009100227
6204723742351094322,2021-10,0.00090997934
4717593620120611957,2021-09,0.00090997934
8961924617442201922,2021-10,0.00090997765
6367769402148499693,2021-07,0.0009099711
3629889536335411116,2021-10,0.0009099711
6633838062940819075,2021-10,0.0009099711
6633838062940819075,2021-10,0.0009099711
6633838062940819075,2021-10,0.0009099711
6367769402148499693,2021-07,0.0009099711
6367769402148499693,2021-07,0.0009099711
5611787644735474299,2021-07,0.00090992864
5611787644735474299,2021-10,0.00090992864
5611787644735474299,2021-07,0.00090992864
1953058402621337677,2021-07,0.0009099082
2532435113844289043,2021-09,0.0009098857
2532435113844289043,2021-10,0.0009098857
2532435113844289043,2021-07,0.0009098857
2532435113844289043,2021-09,0.0009098857
2532435113844289043,2021-08,0.0009098857
2532435113844289043,2021-10,0.0009098857
8536980239903840341,2021-11,0.0009098441
5462970244186515758,2021-10,0.00090981676
5462970244186515758,2021-09,0.00090981676
5462970244186515758,2021-10,0.00090981676
5462970244186515758,2021-09,0.00090981676
5462970244186515758,2021-10,0.00090981676
1192810733461560329,2021-09,0.000909812
2773493808492482979,2021-08,0.00090977864
7613717984547031729,2021-10,0.0009097366
6810366761249506182,2021-07,0.0009097296
6810366761249506182,2021-10,0.0009097296
968199235777440720,2021-07,0.000909702
2003221759676247813,2021-11,0.000909698
6633838062940819075,2021-10,0.00090965984
6633838062940819075,2021-11,0.00090965984
1253437108265925705,2021-11,0.0009095836
8961924617442201922,2021-11,0.00090952433
1003144834589372198,2021-10,0.00090951513
5462970244186515758,2021-08,0.0009094523
5462970244186515758,2021-10,0.0009094523
5462970244186515758,2021-07,0.0009094523
5462970244186515758,2021-11,0.0009094523
1953058402621337677,2021-07,0.0009094497
3713742318997880410,2021-09,0.00090943545
4571290108043699959,2021-10,0.0009093947
7451017400765373278,2021-10,0.0009093947
6276792736652545216,2021-08,0.00090937084
7347715771145302549,2021-10,0.00090937084
6276792736652545216,2021-09,0.00090937084
6276792736652545216,2021-09,0.00090937084
6276792736652545216,2021-09,0.00090937084
2508429106201166689,2021-09,0.00090937084
1788369195969129749,2021-10,0.00090937084
1788369195969129749,2021-08,0.00090937084
7444686668183702737,2021-09,0.00090937084
5122095358293179297,2021-11,0.0009092669
5974858472822751652,2021-11,0.0009092362
5974858472822751652,2021-11,0.0009092362
8961924617442201922,2021-07,0.0009092296
8535586342375301953,2021-07,0.0009092266
1235244772550233980,2021-08,0.0009092266
2347028805684088098,2021-07,0.0009092266
7686361238195690925,2021-07,0.0009091257
968400235888951633,2021-08,0.00090908323
5462970244186515758,2021-10,0.0009090305
1953058402621337677,2021-07,0.00090900314
1953058402621337677,2021-07,0.00090900314
5856610998569876318,2021-07,0.0009089763
8004409125524742779,2021-09,0.00090896763
4850936440093751199,2021-10,0.0009089508
8706851346184249504,2021-09,0.0009089508
3137879241768961145,2021-10,0.00090894644
8245393384938410770,2021-10,0.0009089031
5122095358293179297,2021-10,0.0009089027
8529899700094903171,2021-10,0.0009088663
8529899700094903171,2021-08,0.0009088663
8529899700094903171,2021-10,0.0009088663
8529899700094903171,2021-10,0.0009088663
8529899700094903171,2021-10,0.0009088663
8529899700094903171,2021-10,0.0009088663
8529899700094903171,2021-09,0.0009088663
8529899700094903171,2021-09,0.0009088663
8529899700094903171,2021-08,0.0009088663
8529899700094903171,2021-08,0.0009088663
8529899700094903171,2021-08,0.0009088663
3027683745465216663,2021-11,0.00090885983
2333404192508932057,2021-11,0.00090879493
3045840317107313913,2021-10,0.0009087923
6091519986999196884,2021-08,0.0009087802
8536980239903840341,2021-10,0.0009087559
8536980239903840341,2021-10,0.0009087559
8715120689636420963,2021-08,0.00090871303
988707525807573448,2021-08,0.0009086698
4166581859919473627,2021-07,0.00090864854
7692330898726665144,2021-07,0.00090864854
5613825020130267729,2021-08,0.00090864644
5611787644735474299,2021-11,0.0009086421
5303720405946805990,2021-09,0.0009086321
5611787644735474299,2021-11,0.00090862473
6030285068945261052,2021-07,0.00090860913
66220087398241662,2021-11,0.0009085966
66220087398241662,2021-11,0.0009085966
4850936440093751199,2021-09,0.00090858666
5462970244186515758,2021-10,0.00090858404
1366416810235233769,2021-11,0.0009085676
3668905663669864663,2021-07,0.0009085533
988707525807573448,2021-10,0.0009085533
5462970244186515758,2021-11,0.00090853515
5462970244186515758,2021-10,0.00090853515
3248432590399829766,2021-11,0.00090842
3248432590399829766,2021-08,0.00090842
3248432590399829766,2021-08,0.00090842
1000372849175668062,2021-08,0.000908417
1000372849175668062,2021-10,0.000908417
5611787644735474299,2021-09,0.0009083049
5611787644735474299,2021-09,0.0009083049
66220087398241662,2021-09,0.00090828585
1533755281771668509,2021-11,0.00090828585
3571198145319411787,2021-07,0.0009082097
3386019519917828299,2021-10,0.00090805267
4090195792518021727,2021-08,0.00090805267
312543480920432545,2021-07,0.00090801803
3095408468798675621,2021-11,0.00090800546
7444686668183702737,2021-11,0.00090800546
7444686668183702737,2021-08,0.00090800546
7444686668183702737,2021-09,0.00090800546
6528158819463595826,2021-11,0.0009079882
3386019519917828299,2021-09,0.0009079623
5611787644735474299,2021-08,0.0009079411
5897410907783139228,2021-07,0.0009079371
2333404192508932057,2021-09,0.00090790866
2333404192508932057,2021-09,0.00090790866
2333404192508932057,2021-07,0.00090790866
7992317448197179816,2021-08,0.0009078654
7992317448197179816,2021-07,0.0009078654
6486277549325701534,2021-08,0.00090783514
7992317448197179816,2021-10,0.00090783514
5611787644735474299,2021-08,0.0009078321
4635578010631860111,2021-07,0.0009077106
7395696797140470088,2021-08,0.0009077106
4571290108043699959,2021-09,0.0009076297
7442192566700924647,2021-11,0.0009076059
1617695035450525647,2021-08,0.0009076059
8961924617442201922,2021-11,0.000907592
5303720405946805990,2021-11,0.0009074961
5303720405946805990,2021-07,0.0009074961
5303720405946805990,2021-11,0.0009074961
312543480920432545,2021-11,0.0009074931
312543480920432545,2021-08,0.0009074931
312543480920432545,2021-10,0.0009074931
312543480920432545,2021-11,0.0009074931
312543480920432545,2021-11,0.0009074931
5611787644735474299,2021-10,0.00090746843
5611787644735474299,2021-10,0.00090746843
5611787644735474299,2021-07,0.00090746843
1182975716201409626,2021-07,0.00090725964
5462970244186515758,2021-07,0.00090724195
5462970244186515758,2021-07,0.00090724195
5462970244186515758,2021-07,0.00090724195
3812760626052898456,2021-10,0.00090718444
8564920972266217847,2021-10,0.000907184
8564920972266217847,2021-09,0.000907184
8564920972266217847,2021-08,0.000907184
7200509200540839533,2021-07,0.00090717623
6528158819463595826,2021-11,0.00090713735
1000372849175668062,2021-10,0.00090713735
5303720405946805990,2021-07,0.0009071325
5122095358293179297,2021-08,0.0009071145
312543480920432545,2021-08,0.00090708805
5304536516981778801,2021-10,0.0009070475
5611787644735474299,2021-10,0.0009070003
5611787644735474299,2021-09,0.0009070003
5897410907783139228,2021-07,0.00090699777
312543480920432545,2021-09,0.0009069882
6643358471662528195,2021-09,0.0009068072
5462970244186515758,2021-11,0.0009067964
5042877476420217533,2021-10,0.00090674456
4342146186255136598,2021-07,0.0009067329
3095408468798675621,2021-08,0.0009067264
2508429106201166689,2021-09,0.0009067264
3095408468798675621,2021-09,0.0009067264
7444686668183702737,2021-11,0.0009067264
1767360303789815418,2021-07,0.00090660027
6367769402148499693,2021-08,0.0009065748
8706851346184249504,2021-07,0.0009065429
1551531256789550891,2021-11,0.0009065092
7963861799566207637,2021-10,0.0009064659
1617695035450525647,2021-10,0.0009064379
5303720405946805990,2021-08,0.00090639084
4342146186255136598,2021-08,0.00090636965
7177785309735471560,2021-09,0.00090635027
7177785309735471560,2021-10,0.00090635027
4850936440093751199,2021-10,0.0009062695
4850936440093751199,2021-10,0.0009062695
6528158819463595826,2021-08,0.0009062695
6926309382371178621,2021-09,0.0009061978
6276792736652545216,2021-10,0.00090617925
7347715771145302549,2021-07,0.00090617925
2508429106201166689,2021-10,0.00090617925
3095408468798675621,2021-09,0.00090617925
2508429106201166689,2021-08,0.00090617925
7347715771145302549,2021-09,0.00090617925
7444686668183702737,2021-09,0.00090617925
113538242419211987,2021-11,0.00090612104
417157680860985231,2021-09,0.00090610026
4740535838297269949,2021-10,0.00090610026
1192810733461560329,2021-10,0.00090610026
3634047863995720708,2021-08,0.0009060778
3634047863995720708,2021-10,0.0009060778
3634047863995720708,2021-10,0.0009060778
3634047863995720708,2021-10,0.0009060778
4104959289203999917,2021-11,0.00090607314
2022367282554149730,2021-10,0.0009060683
524026009392362402,2021-07,0.0009060636
1945147145527703963,2021-07,0.00090605236
6486277549325701534,2021-09,0.00090602995
6486277549325701534,2021-10,0.00090602995
7177785309735471560,2021-08,0.0009059872
6367769402148499693,2021-10,0.000905954
6367769402148499693,2021-07,0.000905954
7330131219998265639,2021-08,0.0009059358
6643358471662528195,2021-11,0.00090589526
5974858472822751652,2021-09,0.00090582314
7451017400765373278,2021-09,0.0009057977
2022367282554149730,2021-10,0.0009057956
903093877129717133,2021-08,0.0009057956
312543480920432545,2021-10,0.00090575806
1272921915900711149,2021-09,0.0009057321
5897410907783139228,2021-08,0.0009057201
1945147145527703963,2021-09,0.00090568943
5042877476420217533,2021-07,0.0009055854
5042877476420217533,2021-09,0.0009055854
4874157215501489741,2021-09,0.0009055854
312543480920432545,2021-10,0.0009055815
465309249432033993,2021-07,0.0009055303
465309249432033993,2021-11,0.0009055303
465309249432033993,2021-07,0.0009055303
465309249432033993,2021-08,0.0009055303
465309249432033993,2021-10,0.0009055303
465309249432033993,2021-11,0.0009055303
6367769402148499693,2021-10,0.0009055281
6367769402148499693,2021-08,0.0009055281
5613825020130267729,2021-09,0.00090552116
1272921915900711149,2021-07,0.00090552116
2658946240987854807,2021-10,0.0009054957
4342146186255136598,2021-08,0.0009054556
1210783884008131648,2021-11,0.00090537575
1272921915900711149,2021-09,0.00090536935
7038761645302069945,2021-11,0.0009053645
6284433051333854194,2021-08,0.00090534776
7949169060790541229,2021-10,0.00090534776
4850936440093751199,2021-11,0.00090534776
6284433051333854194,2021-08,0.00090534776
1951407691087813358,2021-08,0.00090534776
4850936440093751199,2021-08,0.00090534776
2347028805684088098,2021-10,0.0009053326
2347028805684088098,2021-07,0.0009053326
2347028805684088098,2021-08,0.0009053326
1235244772550233980,2021-09,0.0009053326
6795467882769787169,2021-08,0.0009053326
4980232475645447238,2021-10,0.0009053163
968199235777440720,2021-09,0.00090524426
465309249432033993,2021-11,0.0009052206
4874157215501489741,2021-11,0.00090519036
5303720405946805990,2021-08,0.0009051899
113538242419211987,2021-07,0.0009051214
4104959289203999917,2021-10,0.0009051136
1210783884008131648,2021-07,0.00090506615
5613825020130267729,2021-10,0.00090504455
1235244772550233980,2021-10,0.0009050231
1235244772550233980,2021-11,0.0009050231
2532435113844289043,2021-10,0.00090501655
4571290108043699959,2021-07,0.00090501655
1210783884008131648,2021-09,0.00090501655
209477776078372134,2021-07,0.00090500666
2333404192508932057,2021-07,0.0009049558
4571290108043699959,2021-08,0.0009049265
8374461419511631785,2021-07,0.0009049161
4874157215501489741,2021-07,0.0009048808
7442192566700924647,2021-07,0.00090484414
1343530446996409207,2021-10,0.0009048015
8706851346184249504,2021-08,0.00090475916
8706851346184249504,2021-11,0.00090475916
8961924617442201922,2021-08,0.000904742
6100972975033180377,2021-08,0.0009047364
7613717984547031729,2021-08,0.0009046876
7613717984547031729,2021-09,0.0009046876
7613717984547031729,2021-07,0.0009046876
7613717984547031729,2021-07,0.0009046876
7613717984547031729,2021-09,0.0009046876
7613717984547031729,2021-10,0.0009046876
7613717984547031729,2021-11,0.0009046876
7613717984547031729,2021-11,0.0009046876
7613717984547031729,2021-11,0.0009046876
7613717984547031729,2021-08,0.0009046876
1182975716201409626,2021-09,0.0009046213
1182975716201409626,2021-09,0.0009046213
1182975716201409626,2021-11,0.0009046213
1182975716201409626,2021-07,0.0009046213
1003144834589372198,2021-09,0.0009046088
7444686668183702737,2021-07,0.00090457
3263212305228307743,2021-08,0.0009045463
4018182555897034052,2021-08,0.0009045463
4327694790333781288,2021-08,0.0009045463
4327694790333781288,2021-11,0.0009045463
5694881483989656694,2021-09,0.0009045463
8464809590757561185,2021-11,0.0009045463
6118873739225005756,2021-10,0.0009045463
1963239178085807816,2021-10,0.0009045463
8245393384938410770,2021-09,0.0009045463
1696462947583294958,2021-09,0.0009045463
1696462947583294958,2021-10,0.0009045463
4104959289203999917,2021-11,0.0009044813
5042877476420217533,2021-09,0.00090444245
7613717984547031729,2021-11,0.0009044351
7613717984547031729,2021-09,0.0009044351
7613717984547031729,2021-09,0.0009044351
7613717984547031729,2021-10,0.0009044351
7613717984547031729,2021-10,0.0009044351
7613717984547031729,2021-11,0.0009044351
7613717984547031729,2021-11,0.0009044351
4571290108043699959,2021-10,0.00090436183
4571290108043699959,2021-11,0.00090436183
524026009392362402,2021-08,0.00090428087
6276792736652545216,2021-10,0.000904243
2508429106201166689,2021-09,0.000904243
6276792736652545216,2021-09,0.000904243
7347715771145302549,2021-07,0.000904243
6276792736652545216,2021-07,0.000904243
7347715771145302549,2021-11,0.000904243
6276792736652545216,2021-11,0.000904243
5694881483989656694,2021-10,0.000904184
3263212305228307743,2021-08,0.000904184
312543480920432545,2021-07,0.0009041637
8826489829259520138,2021-09,0.0009040858
6662531979151878793,2021-08,0.00090394274
524026009392362402,2021-08,0.0009039187
3713742318997880410,2021-10,0.00090382306
6643358471662528195,2021-08,0.00090382306
6204723742351094322,2021-08,0.00090378
5856610998569876318,2021-07,0.00090378
5856610998569876318,2021-07,0.00090378
3137879241768961145,2021-08,0.0009037374
4900073965147412482,2021-10,0.0009037365
4900073965147412482,2021-07,0.0009037365
2773493808492482979,2021-09,0.0009036762
5611787644735474299,2021-09,0.0009036435
3137879241768961145,2021-09,0.00090357685
3137879241768961145,2021-07,0.00090357685
5974858472822751652,2021-11,0.000903551
3095408468798675621,2021-08,0.00090354413
9127318190908282126,2021-10,0.00090353546
3713742318997880410,2021-08,0.0009035139
7120090169052575663,2021-10,0.00090350746
1343530446996409207,2021-09,0.00090347906
1343530446996409207,2021-08,0.00090347906
3027683745465216663,2021-10,0.0009034709
3027683745465216663,2021-07,0.0009034709
2554972344348383830,2021-10,0.0009034644
6486277549325701534,2021-09,0.0009034644
8292458529987016717,2021-10,0.0009034644
8374461419511631785,2021-07,0.0009034644
6486277549325701534,2021-09,0.0009034644
903093877129717133,2021-11,0.0009034334
2022367282554149730,2021-08,0.0009034334
2022367282554149730,2021-07,0.0009034334
903093877129717133,2021-10,0.0009034334
2022367282554149730,2021-08,0.0009034334
903093877129717133,2021-10,0.0009034334
903093877129717133,2021-10,0.0009034334
2022367282554149730,2021-08,0.0009034334
2022367282554149730,2021-08,0.0009034334
903093877129717133,2021-10,0.0009034334
903093877129717133,2021-07,0.0009034334
2022367282554149730,2021-11,0.0009034334
2022367282554149730,2021-11,0.0009034334
2022367282554149730,2021-10,0.0009034334
2022367282554149730,2021-10,0.0009034334
2022367282554149730,2021-09,0.0009034334
903093877129717133,2021-11,0.0009034334
8961924617442201922,2021-07,0.00090340554
1182975716201409626,2021-08,0.0009033469
1182975716201409626,2021-07,0.0009033469
1182975716201409626,2021-10,0.0009033469
1953058402621337677,2021-07,0.00090331945
683445437387317282,2021-10,0.0009033151
4342146186255136598,2021-10,0.0009032979
1253437108265925705,2021-11,0.0009032101
6284433051333854194,2021-10,0.0009031903
851897122328714307,2021-07,0.0009031361
1003144834589372198,2021-10,0.0009030621
1003144834589372198,2021-10,0.0009030621
1003144834589372198,2021-10,0.0009030621
312543480920432545,2021-07,0.0009030342
312543480920432545,2021-10,0.0009030342
312543480920432545,2021-11,0.0009030342
4874157215501489741,2021-10,0.0009030333
1953058402621337677,2021-08,0.00090301136
5304536516981778801,2021-07,0.00090299547
683445437387317282,2021-07,0.000902976
683445437387317282,2021-07,0.000902976
683445437387317282,2021-08,0.000902976
683445437387317282,2021-07,0.000902976
683445437387317282,2021-08,0.000902976
6276792736652545216,2021-11,0.00090296916
7347715771145302549,2021-11,0.00090296916
4165983075385227812,2021-09,0.0009029558
5462970244186515758,2021-09,0.0009029029
5462970244186515758,2021-07,0.0009029029
5462970244186515758,2021-09,0.0009029029
5287265869592025756,2021-11,0.0009028969
4740535838297269949,2021-09,0.00090289133
4571290108043699959,2021-09,0.00090289046
4571290108043699959,2021-09,0.00090289046
5613825020130267729,2021-08,0.00090288784
5611787644735474299,2021-10,0.00090286246
2658946240987854807,2021-11,0.00090286246
2658946240987854807,2021-08,0.00090286246
2658946240987854807,2021-11,0.00090286246
2658946240987854807,2021-09,0.00090286246
5122095358293179297,2021-07,0.00090284826
1533755281771668509,2021-09,0.0009028445
4165983075385227812,2021-08,0.00090281264
4342146186255136598,2021-08,0.0009027923
4342146186255136598,2021-10,0.0009027923
1235244772550233980,2021-08,0.00090273604
8535586342375301953,2021-07,0.00090273604
2347028805684088098,2021-08,0.00090273604
1235244772550233980,2021-07,0.00090273604
1235244772550233980,2021-11,0.00090273604
1235244772550233980,2021-11,0.00090273604
4874157215501489741,2021-11,0.0009027244
968199235777440720,2021-11,0.0009026294
968199235777440720,2021-10,0.0009026294
4165983075385227812,2021-10,0.0009025941
4165983075385227812,2021-10,0.0009025941
4090195792518021727,2021-10,0.0009025941
8961924617442201922,2021-09,0.0009025877
3668905663669864663,2021-08,0.0009025563
7444686668183702737,2021-07,0.00090254727
6276792736652545216,2021-08,0.00090254727
7246466789138290692,2021-07,0.00090254727
2508429106201166689,2021-10,0.00090254727
1788369195969129749,2021-09,0.00090254727
1788369195969129749,2021-07,0.00090254727
2508429106201166689,2021-10,0.00090254727
1788369195969129749,2021-11,0.00090254727
1788369195969129749,2021-09,0.00090254727
3571198145319411787,2021-07,0.00090254727
1617695035450525647,2021-11,0.000902546
1617695035450525647,2021-09,0.000902546
1617695035450525647,2021-11,0.000902546
312543480920432545,2021-09,0.00090251764
312543480920432545,2021-09,0.00090251764
6885171468891031140,2021-08,0.00090243074
4342146186255136598,2021-09,0.00090243074
1533755281771668509,2021-10,0.00090242
8510653215962746781,2021-11,0.00090242
8255085612985072878,2021-08,0.00090232753
6284433051333854194,2021-09,0.00090231077
1951407691087813358,2021-11,0.00090231077
6284433051333854194,2021-09,0.00090231077
6828316696355015040,2021-10,0.00090231077
7949169060790541229,2021-08,0.00090231077
4850936440093751199,2021-09,0.00090231077
4850936440093751199,2021-08,0.00090231077
4850936440093751199,2021-08,0.00090231077
6528158819463595826,2021-11,0.00090231077
6284433051333854194,2021-11,0.00090231077
6528158819463595826,2021-08,0.00090231077
7462607259426026440,2021-10,0.00090225233
1003144834589372198,2021-11,0.0009021436
1003144834589372198,2021-11,0.0009021436
1003144834589372198,2021-09,0.0009021436
1003144834589372198,2021-11,0.0009021436
1003144834589372198,2021-09,0.0009021436
6030285068945261052,2021-07,0.00090210704
7200509200540839533,2021-09,0.00090207485
2532435113844289043,2021-09,0.0009020568
2532435113844289043,2021-09,0.0009020568
2532435113844289043,2021-11,0.0009020568
2532435113844289043,2021-07,0.0009020568
2532435113844289043,2021-09,0.0009020568
2532435113844289043,2021-08,0.0009020568
2532435113844289043,2021-08,0.0009020568
2532435113844289043,2021-08,0.0009020568
2532435113844289043,2021-07,0.0009020568
2532435113844289043,2021-09,0.0009020568
2532435113844289043,2021-09,0.0009020568
1272921915900711149,2021-08,0.0009020086
2308217045093677129,2021-09,0.00090194936
6284433051333854194,2021-09,0.00090194936
6528158819463595826,2021-09,0.00090194936
7442192566700924647,2021-11,0.00090193085
1617695035450525647,2021-08,0.00090193085
4740535838297269949,2021-09,0.00090193085
1617695035450525647,2021-08,0.00090193085
1192810733461560329,2021-09,0.00090193085
4740535838297269949,2021-08,0.00090193085
4018182555897034052,2021-10,0.00090187805
4018182555897034052,2021-08,0.00090187805
8255085612985072878,2021-07,0.0009018729
4850936440093751199,2021-09,0.0009018561
1951407691087813358,2021-09,0.0009018561
5042877476420217533,2021-08,0.00090184837
5042877476420217533,2021-09,0.00090184837
3812760626052898456,2021-11,0.0009018402
1366416810235233769,2021-07,0.00090181787
1366416810235233769,2021-07,0.00090181787
1366416810235233769,2021-11,0.00090181787
6030285068945261052,2021-11,0.00090179854
6080407793834027692,2021-10,0.0009017977
4571290108043699959,2021-11,0.00090176804
8464809590757561185,2021-07,0.00090164813
1272921915900711149,2021-08,0.0009016474
1272921915900711149,2021-08,0.0009016474
5462970244186515758,2021-10,0.00090163096
903093877129717133,2021-09,0.0009016164
3095408468798675621,2021-11,0.00090161344
3095408468798675621,2021-09,0.00090161344
2658946240987854807,2021-07,0.00090159057
2658946240987854807,2021-11,0.00090159057
2658946240987854807,2021-09,0.00090159057
4566920105008626302,2021-08,0.0009015752
4740535838297269949,2021-07,0.00090156955
1617695035450525647,2021-07,0.00090156955
5613825020130267729,2021-07,0.0009015542
1192810733461560329,2021-11,0.0009014777
7442192566700924647,2021-10,0.0009014777
7992317448197179816,2021-09,0.0009014442
7269781193318890653,2021-09,0.0009014442
6486277549325701534,2021-11,0.0009014442
7269781193318890653,2021-10,0.0009014442
2333404192508932057,2021-10,0.0009014274
6828316696355015040,2021-07,0.0009014133
1951407691087813358,2021-07,0.0009014133
4165983075385227812,2021-11,0.0009014133
7949169060790541229,2021-09,0.0009014133
1951407691087813358,2021-11,0.0009014133
7949169060790541229,2021-10,0.0009014133
2308217045093677129,2021-11,0.0009014133
4090195792518021727,2021-08,0.0009014133
6724017568171288443,2021-07,0.0009014133
5974858472822751652,2021-09,0.00090139784
5974858472822751652,2021-09,0.00090139784
5974858472822751652,2021-10,0.00090139784
7992317448197179816,2021-08,0.00090138445
472772897496154354,2021-10,0.00090138445
7992317448197179816,2021-10,0.00090138445
3632378524835692731,2021-10,0.000901342
6486277549325701534,2021-08,0.000901342
6486277549325701534,2021-11,0.000901342
6486277549325701534,2021-09,0.000901342
6486277549325701534,2021-09,0.000901342
6486277549325701534,2021-10,0.000901342
6662531979151878793,2021-11,0.000901314
6276792736652545216,2021-10,0.00090127584
7444686668183702737,2021-11,0.00090127584
7246466789138290692,2021-09,0.00090127584
7444686668183702737,2021-11,0.00090127584
7444686668183702737,2021-09,0.00090127584
7395696797140470088,2021-10,0.0009012307
5304536516981778801,2021-08,0.00090122776
5304536516981778801,2021-08,0.00090122776
5304536516981778801,2021-10,0.00090122776
5304536516981778801,2021-09,0.00090122776
5304536516981778801,2021-11,0.00090122776
5304536516981778801,2021-11,0.00090122776
5304536516981778801,2021-11,0.00090122776
5304536516981778801,2021-09,0.00090122776
5304536516981778801,2021-09,0.00090122776
7686361238195690925,2021-08,0.00090122264
8374461419511631785,2021-07,0.0009011878
1052398277967427422,2021-10,0.0009011878
4327694790333781288,2021-07,0.0009011595
312543480920432545,2021-08,0.000901132
5462970244186515758,2021-08,0.0009011265
5462970244186515758,2021-09,0.0009011265
5462970244186515758,2021-11,0.0009011265
312543480920432545,2021-08,0.00090110453
312543480920432545,2021-11,0.00090110453
3248432590399829766,2021-11,0.0009010633
7910340581026492945,2021-10,0.0009010633
7910340581026492945,2021-10,0.0009010633
4850936440093751199,2021-07,0.00090103975
1951407691087813358,2021-07,0.00090103975
7949169060790541229,2021-08,0.00090103975
5611787644735474299,2021-10,0.00090101565
5611787644735474299,2021-11,0.00090101565
5611787644735474299,2021-09,0.00090101565
4327694790333781288,2021-10,0.00090099813
4018182555897034052,2021-11,0.00090099813
5304536516981778801,2021-08,0.0009009762
5304536516981778801,2021-08,0.0009009762
5304536516981778801,2021-11,0.0009009762
5304536516981778801,2021-11,0.0009009762
7686361238195690925,2021-10,0.0009008801
7686361238195690925,2021-11,0.0009008801
7120090169052575663,2021-08,0.0009008801
5462970244186515758,2021-07,0.0009007655
5462970244186515758,2021-07,0.0009007655
5122095358293179297,2021-08,0.00090075814
3812760626052898456,2021-11,0.00090073847
1210783884008131648,2021-07,0.0009007024
5611787644735474299,2021-08,0.00090065476
4166581859919473627,2021-07,0.0009006371
4170463992215954403,2021-08,0.0009005437
8911073840712901131,2021-07,0.0009005097
5574997762710520717,2021-08,0.0009005097
5574997762710520717,2021-09,0.0009005097
271068078606473697,2021-11,0.0009005097
271068078606473697,2021-07,0.0009005097
851897122328714307,2021-08,0.0009005097
1617695035450525647,2021-07,0.00090043765
903093877129717133,2021-07,0.00090040424
7444686668183702737,2021-10,0.00090034335
3095408468798675621,2021-10,0.00090034335
7444686668183702737,2021-07,0.00090034335
287529573188507001,2021-07,0.00090027123
7692335720341018458,2021-07,0.00090027123
5042877476420217533,2021-11,0.00090025924
4566920105008626302,2021-11,0.000900255
4566920105008626302,2021-11,0.000900255
963687627963462983,2021-08,0.0009002198
312543480920432545,2021-11,0.00090021425
3137879241768961145,2021-11,0.00090020476
1253437108265925705,2021-10,0.0009001803
5082813456193598086,2021-09,0.0009001803
5082813456193598086,2021-10,0.0009001803
5082813456193598086,2021-08,0.0009001803
5082813456193598086,2021-11,0.0009001803
1182975716201409626,2021-11,0.00090017647
1182975716201409626,2021-09,0.00090017647
1182975716201409626,2021-10,0.00090017647
1767360303789815418,2021-11,0.000900116
1003144834589372198,2021-09,0.0009000736
1003144834589372198,2021-09,0.0009000736
6662531979151878793,2021-11,0.0009000444
8961924617442201922,2021-10,0.00089996296
8480109508191086169,2021-11,0.0008999316
8715120689636420963,2021-08,0.0008999316
2573553293518763494,2021-11,0.0008999316
8292458529987016717,2021-10,0.0008999316
5303720405946805990,2021-08,0.0008999204
6941381638534728190,2021-08,0.0008999037
1272921915900711149,2021-07,0.0008998591
3095408468798675621,2021-07,0.00089983945
3095408468798675621,2021-09,0.00089983945
3095408468798675621,2021-07,0.00089983945
3095408468798675621,2021-10,0.00089983945
1788369195969129749,2021-09,0.0008997859
5082813456193598086,2021-08,0.0008997267
7221446976321358973,2021-08,0.0008997036
7038761645302069945,2021-07,0.0008997036
7221446976321358973,2021-11,0.0008997036
7949169060790541229,2021-07,0.0008996869
1000372849175668062,2021-11,0.0008996869
6724017568171288443,2021-08,0.0008996869
5503391736465275980,2021-07,0.0008996869
5503391736465275980,2021-09,0.0008996869
4850936440093751199,2021-10,0.0008996869
6828316696355015040,2021-08,0.0008996869
2308217045093677129,2021-07,0.0008996869
8706851346184249504,2021-10,0.0008996869
1951407691087813358,2021-10,0.0008996869
7949169060790541229,2021-09,0.0008996869
7949169060790541229,2021-07,0.0008996869
4850936440093751199,2021-08,0.0008996869
8706851346184249504,2021-10,0.0008996869
1044946691507317745,2021-09,0.0008996869
1044946691507317745,2021-11,0.0008996869
5611787644735474299,2021-07,0.00089962897
5974858472822751652,2021-07,0.00089962425
7462607259426026440,2021-10,0.00089959084
1192810733461560329,2021-09,0.00089951075
1192810733461560329,2021-09,0.00089951075
1617695035450525647,2021-07,0.00089950213
6926309382371178621,2021-08,0.00089950126
5613825020130267729,2021-07,0.0008994987
7686361238195690925,2021-07,0.0008994254
5613825020130267729,2021-10,0.0008993856
3228830386980584958,2021-09,0.0008993351
6100972975033180377,2021-11,0.0008993351
3228830386980584958,2021-09,0.0008993351
6100972975033180377,2021-08,0.0008993351
6100972975033180377,2021-09,0.0008993351
6100972975033180377,2021-11,0.0008993351
3228830386980584958,2021-10,0.0008993351
3228830386980584958,2021-09,0.0008993351
3228830386980584958,2021-07,0.0008993351
3228830386980584958,2021-08,0.0008993351
3228830386980584958,2021-10,0.0008993351
1044946691507317745,2021-08,0.00089932646
1044946691507317745,2021-08,0.00089932646
1951407691087813358,2021-09,0.00089932646
6828316696355015040,2021-07,0.00089932646
6828316696355015040,2021-08,0.00089932646
6828316696355015040,2021-09,0.00089932646
4850936440093751199,2021-09,0.00089932646
6828316696355015040,2021-08,0.00089932646
4850936440093751199,2021-10,0.00089932646
5503391736465275980,2021-07,0.00089932646
2308217045093677129,2021-10,0.00089932646
5082813456193598086,2021-09,0.0008993175
5974858472822751652,2021-10,0.0008993175
5082813456193598086,2021-10,0.0008993175
5082813456193598086,2021-10,0.0008993175
5082813456193598086,2021-11,0.0008993175
5082813456193598086,2021-07,0.0008993175
1253437108265925705,2021-10,0.0008993175
5974858472822751652,2021-08,0.0008993175
5082813456193598086,2021-10,0.0008993175
4018182555897034052,2021-08,0.0008992254
3263212305228307743,2021-08,0.0008992254
1182975716201409626,2021-11,0.00089918333
1182975716201409626,2021-11,0.00089918333
1182975716201409626,2021-08,0.00089918333
1182975716201409626,2021-11,0.00089918333
1182975716201409626,2021-09,0.00089918333
1182975716201409626,2021-07,0.00089918333
1182975716201409626,2021-10,0.00089918333
1182975716201409626,2021-10,0.00089918333
8536980239903840341,2021-11,0.00089918205
4635578010631860111,2021-09,0.00089915766
8826489829259520138,2021-08,0.00089915766
5613825020130267729,2021-09,0.00089902524
5613825020130267729,2021-08,0.00089902524
903093877129717133,2021-10,0.0008989945
903093877129717133,2021-09,0.0008989945
2022367282554149730,2021-09,0.0008989945
2022367282554149730,2021-08,0.0008989945
903093877129717133,2021-09,0.0008989945
2022367282554149730,2021-07,0.0008989945
903093877129717133,2021-11,0.0008989945
7120090169052575663,2021-09,0.00089898246
5122095358293179297,2021-07,0.0008989718
5122095358293179297,2021-11,0.0008989718
3045840317107313913,2021-10,0.00089896616
8826489829259520138,2021-11,0.00089892553
8826489829259520138,2021-11,0.00089892553
6528158819463595826,2021-08,0.0008988926
3137879241768961145,2021-09,0.0008987953
3137879241768961145,2021-08,0.0008987953
3137879241768961145,2021-07,0.0008987953
3137879241768961145,2021-07,0.0008987953
3137879241768961145,2021-10,0.0008987953
3137879241768961145,2021-11,0.0008987953
3137879241768961145,2021-11,0.0008987953
7613717984547031729,2021-11,0.0008987474
2532435113844289043,2021-07,0.0008987474
2532435113844289043,2021-08,0.0008987474
2532435113844289043,2021-07,0.0008987474
7613717984547031729,2021-09,0.0008987474
7613717984547031729,2021-08,0.0008987474
7613717984547031729,2021-11,0.0008987474
7613717984547031729,2021-08,0.0008987474
7613717984547031729,2021-10,0.0008987474
2532435113844289043,2021-11,0.0008987474
2532435113844289043,2021-10,0.0008987474
2532435113844289043,2021-10,0.0008987474
2532435113844289043,2021-07,0.0008987474
2532435113844289043,2021-09,0.0008987474
2532435113844289043,2021-07,0.0008987474
2532435113844289043,2021-09,0.0008987474
2532435113844289043,2021-07,0.0008987474
7613717984547031729,2021-08,0.0008987474
7613717984547031729,2021-09,0.0008987474
8961924617442201922,2021-10,0.00089872297
4635578010631860111,2021-10,0.00089870376
3095408468798675621,2021-11,0.00089857186
2658946240987854807,2021-08,0.00089851575
2658946240987854807,2021-08,0.00089851575
5611787644735474299,2021-07,0.0008984657
5611787644735474299,2021-07,0.0008984657
5611787644735474299,2021-07,0.0008984657
5611787644735474299,2021-07,0.0008984657
5611787644735474299,2021-07,0.0008984657
8535586342375301953,2021-11,0.0008984537
8535586342375301953,2021-09,0.0008984537
2658946240987854807,2021-07,0.0008984263
8536980239903840341,2021-10,0.000898425
4104959289203999917,2021-07,0.00089842116
5042877476420217533,2021-10,0.00089842116
5042877476420217533,2021-11,0.00089842116
1044946691507317745,2021-09,0.0008984195
4850936440093751199,2021-10,0.0008984195
6828316696355015040,2021-09,0.0008984195
4166581859919473627,2021-07,0.0008983604
4166581859919473627,2021-07,0.0008983604
5611787644735474299,2021-08,0.0008983368
1182975716201409626,2021-08,0.000898253
1366416810235233769,2021-08,0.00089824316
6186737197674630993,2021-08,0.00089822727
1003144834589372198,2021-07,0.0008982231
1003144834589372198,2021-11,0.0008982231
1551531256789550891,2021-09,0.0008981696
1551531256789550891,2021-09,0.0008981696
7992317448197179816,2021-10,0.00089814427
7444686668183702737,2021-09,0.00089811266
1788369195969129749,2021-07,0.00089811266
7246466789138290692,2021-09,0.00089811266
1617695035450525647,2021-09,0.00089810236
7613717984547031729,2021-10,0.00089809374
5122095358293179297,2021-08,0.0008980917
5042877476420217533,2021-10,0.00089798594
6643358471662528195,2021-07,0.00089798594
1182975716201409626,2021-08,0.0008979167
1182975716201409626,2021-09,0.0008979167
6926309382371178621,2021-07,0.00089790387
9127318190908282126,2021-11,0.0008978859
3713742318997880410,2021-09,0.00089767884
4874157215501489741,2021-07,0.00089767884
4566920105008626302,2021-11,0.0008976369
4566920105008626302,2021-07,0.0008976369
7120090169052575663,2021-07,0.000897575
7120090169052575663,2021-10,0.000897575
7120090169052575663,2021-08,0.000897575
1253437108265925705,2021-09,0.0008975626
1253437108265925705,2021-08,0.0008975626
1253437108265925705,2021-09,0.0008975626
1253437108265925705,2021-07,0.0008975626
6352592240901579272,2021-07,0.0008975472
1044946691507317745,2021-09,0.0008975429
1044946691507317745,2021-11,0.0008975429
6828316696355015040,2021-09,0.0008975429
4850936440093751199,2021-07,0.0008975429
1951407691087813358,2021-11,0.0008975429
9127318190908282126,2021-10,0.0008975262
9127318190908282126,2021-08,0.0008975262
9127318190908282126,2021-07,0.0008975262
984915269987074754,2021-10,0.00089751935
761746217261797478,2021-08,0.00089751935
683445437387317282,2021-10,0.00089751935
6941381638534728190,2021-08,0.00089751935
683445437387317282,2021-10,0.00089751935
683445437387317282,2021-10,0.00089751935
683445437387317282,2021-10,0.00089751935
8826489829259520138,2021-07,0.0008975078
3263212305228307743,2021-07,0.000897486
8245393384938410770,2021-09,0.000897486
4018182555897034052,2021-07,0.000897486
2658946240987854807,2021-07,0.0008974352
2658946240987854807,2021-11,0.0008974352
2658946240987854807,2021-11,0.0008974352
2658946240987854807,2021-11,0.0008974352
2302464746243069589,2021-10,0.00089742447
2022367282554149730,2021-07,0.00089741935
2022367282554149730,2021-09,0.00089741935
2022367282554149730,2021-09,0.00089741935
1343530446996409207,2021-11,0.0008974061
1343530446996409207,2021-09,0.0008974061
7330131219998265639,2021-08,0.00089738384
7330131219998265639,2021-11,0.00089738384
6643358471662528195,2021-07,0.0008973744
3668905663669864663,2021-10,0.0008973744
5304536516981778801,2021-07,0.0008973167
7120090169052575663,2021-10,0.0008972688
7120090169052575663,2021-11,0.0008972688
7120090169052575663,2021-11,0.0008972688
7120090169052575663,2021-07,0.0008972688
4571290108043699959,2021-11,0.0008972688
271068078606473697,2021-10,0.00089720596
1253437108265925705,2021-07,0.000897203
1097345589386012260,2021-07,0.0008971748
5694881483989656694,2021-11,0.0008970777
1343530446996409207,2021-10,0.0008970466
3263212305228307743,2021-09,0.0008970453
3263212305228307743,2021-11,0.0008970453
4018182555897034052,2021-09,0.0008970453
3263212305228307743,2021-07,0.0008970453
4327694790333781288,2021-10,0.0008970453
7692335720341018458,2021-09,0.0008970244
6486277549325701534,2021-08,0.000897015
6486277549325701534,2021-11,0.000897015
903093877129717133,2021-08,0.0008969915
1182975716201409626,2021-10,0.00089698756
1182975716201409626,2021-07,0.00089698756
683445437387317282,2021-07,0.00089695596
3634047863995720708,2021-09,0.00089695386
6643358471662528195,2021-07,0.0008969128
2573553293518763494,2021-08,0.0008969128
3668905663669864663,2021-11,0.0008969128
5304536516981778801,2021-08,0.0008968889
6662531979151878793,2021-09,0.0008968854
6662531979151878793,2021-09,0.0008968854
963687627963462983,2021-10,0.00089684065
963687627963462983,2021-09,0.00089684065
5304536516981778801,2021-10,0.0008967996
5304536516981778801,2021-08,0.0008967996
5304536516981778801,2021-09,0.0008967996
963687627963462983,2021-08,0.00089674786
6662531979151878793,2021-09,0.0008967424
7692335720341018458,2021-10,0.00089670264
312543480920432545,2021-07,0.000896677
295375823203017296,2021-10,0.0008966574
8213533889694327948,2021-08,0.0008966518
8570963260597299378,2021-09,0.0008965621
7671566034617837932,2021-09,0.000896551
8826489829259520138,2021-08,0.00089654286
1366416810235233769,2021-10,0.00089654286
4571290108043699959,2021-11,0.00089653436
4571290108043699959,2021-11,0.00089653436
2658946240987854807,2021-07,0.0008965066
2658946240987854807,2021-09,0.0008965066
2658946240987854807,2021-07,0.0008965066
1003144834589372198,2021-07,0.00089650275
1003144834589372198,2021-09,0.00089650275
1003144834589372198,2021-11,0.00089650275
1003144834589372198,2021-08,0.00089650275
1003144834589372198,2021-11,0.00089650275
1003144834589372198,2021-11,0.00089650275
1003144834589372198,2021-11,0.00089650275
1003144834589372198,2021-11,0.00089650275
1003144834589372198,2021-08,0.00089650275
1003144834589372198,2021-10,0.00089650275
4335865859049992260,2021-11,0.00089647446
5613825020130267729,2021-11,0.0008963558
6926309382371178621,2021-11,0.0008963148
7451017400765373278,2021-10,0.00089631265
963687627963462983,2021-07,0.0008963075
963687627963462983,2021-11,0.0008963075
1712483726555581515,2021-11,0.00089627854
1951407691087813358,2021-08,0.00089627854
6284433051333854194,2021-11,0.00089627854
6284433051333854194,2021-10,0.00089627854
1003144834589372198,2021-10,0.0008961436
1343530446996409207,2021-11,0.00089614186
1343530446996409207,2021-07,0.00089614186
1343530446996409207,2021-08,0.00089614186
1617695035450525647,2021-07,0.00089613127
1366416810235233769,2021-07,0.00089610263
8503092146854371576,2021-08,0.00089610263
7686361238195690925,2021-10,0.0008960599
7686361238195690925,2021-10,0.0008960599
7686361238195690925,2021-11,0.0008960599
7944852965555666513,2021-08,0.0008960356
7944852965555666513,2021-09,0.0008960356
7686361238195690925,2021-09,0.00089600915
7692330898726665144,2021-11,0.0008959801
472772897496154354,2021-11,0.0008959801
2106875407768047316,2021-07,0.0008959801
7692330898726665144,2021-10,0.0008959801
175003104385133396,2021-08,0.0008959801
4166581859919473627,2021-08,0.0008959801
326257359176916767,2021-10,0.0008959801
3632378524835692731,2021-07,0.0008959801
326257359176916767,2021-09,0.0008959801
326257359176916767,2021-09,0.0008959801
472772897496154354,2021-09,0.0008959801
326257359176916767,2021-07,0.0008959801
9052787288251876909,2021-11,0.0008959801
472772897496154354,2021-08,0.0008959801
472772897496154354,2021-08,0.0008959801
175003104385133396,2021-10,0.0008959801
2106875407768047316,2021-07,0.0008959801
3283662016127058429,2021-07,0.0008959801
3283662016127058429,2021-08,0.0008959801
472772897496154354,2021-09,0.0008959801
3283662016127058429,2021-11,0.0008959801
2983174282784691273,2021-09,0.0008959801
7215053254854713098,2021-09,0.0008959801
8041261093764417881,2021-10,0.0008959801
8041261093764417881,2021-08,0.0008959801
8041261093764417881,2021-09,0.0008959801
3283662016127058429,2021-10,0.0008959801
226405871752897670,2021-08,0.0008959801
3137879241768961145,2021-09,0.0008959392
8185063234515056194,2021-08,0.000895841
8185063234515056194,2021-10,0.000895841
4335865859049992260,2021-10,0.000895841
1104269683367198574,2021-07,0.000895841
1192810733461560329,2021-11,0.000895841
8185063234515056194,2021-07,0.000895841
4740535838297269949,2021-10,0.000895841
4740535838297269949,2021-07,0.000895841
8374461419511631785,2021-11,0.0008957987
7221446976321358973,2021-09,0.00089579355
1951407691087813358,2021-07,0.0008957769
4165983075385227812,2021-09,0.0008957769
4850936440093751199,2021-09,0.0008957769
1951407691087813358,2021-09,0.0008957769
4850936440093751199,2021-08,0.0008957769
4090195792518021727,2021-08,0.0008957769
5503391736465275980,2021-08,0.0008957769
4850936440093751199,2021-07,0.0008957769
4850936440093751199,2021-10,0.0008957769
8706851346184249504,2021-11,0.0008957769
4850936440093751199,2021-10,0.0008957769
4850936440093751199,2021-10,0.0008957769
8706851346184249504,2021-10,0.0008957769
1000372849175668062,2021-09,0.0008957769
6284433051333854194,2021-11,0.0008957769
6724017568171288443,2021-07,0.0008957769
1044946691507317745,2021-08,0.0008957769
1003144834589372198,2021-10,0.0008957688
6486277549325701534,2021-08,0.00089573
3283662016127058429,2021-09,0.00089573
6486277549325701534,2021-08,0.00089573
6486277549325701534,2021-09,0.00089573
3283662016127058429,2021-07,0.00089573
2532435113844289043,2021-09,0.00089570653
2532435113844289043,2021-10,0.00089570653
2532435113844289043,2021-07,0.00089570653
2532435113844289043,2021-11,0.00089570653
5540361570968095722,2021-08,0.00089566124
326257359176916767,2021-08,0.00089560583
2333404192508932057,2021-07,0.00089560583
1617695035450525647,2021-08,0.0008955389
4566920105008626302,2021-11,0.00089549785
1617695035450525647,2021-11,0.0008954821
7442192566700924647,2021-11,0.0008954821
6941381638534728190,2021-08,0.0008954821
4740535838297269949,2021-09,0.0008954821
8185063234515056194,2021-09,0.0008954821
8185063234515056194,2021-09,0.0008954821
1272921915900711149,2021-10,0.000895477
5613825020130267729,2021-09,0.000895477
5613825020130267729,2021-07,0.000895477
1253437108265925705,2021-07,0.00089542364
1253437108265925705,2021-09,0.00089542364
4850936440093751199,2021-09,0.00089541805
6724017568171288443,2021-09,0.00089541805
6724017568171288443,2021-09,0.00089541805
6828316696355015040,2021-08,0.00089541805
3095408468798675621,2021-09,0.00089541805
2022367282554149730,2021-10,0.0008954126
2022367282554149730,2021-10,0.0008954126
903093877129717133,2021-11,0.0008954126
903093877129717133,2021-10,0.0008954126
2022367282554149730,2021-10,0.0008954126
2022367282554149730,2021-08,0.0008954126
2022367282554149730,2021-08,0.0008954126
903093877129717133,2021-11,0.0008954126
2022367282554149730,2021-10,0.0008954126
903093877129717133,2021-09,0.0008954126
2022367282554149730,2021-11,0.0008954126
903093877129717133,2021-09,0.0008954126
903093877129717133,2021-07,0.0008954126
903093877129717133,2021-09,0.0008954126
903093877129717133,2021-09,0.0008954126
2022367282554149730,2021-09,0.0008954126
8213533889694327948,2021-11,0.0008954126
2022367282554149730,2021-07,0.0008954126
2022367282554149730,2021-07,0.0008954126
3713742318997880410,2021-10,0.0008954104
5042877476420217533,2021-07,0.0008954104
5042877476420217533,2021-09,0.0008954104
5042877476420217533,2021-10,0.0008954104
5304536516981778801,2021-09,0.00089531025
5304536516981778801,2021-07,0.00089531025
5304536516981778801,2021-08,0.00089531025
5304536516981778801,2021-07,0.00089531025
5304536516981778801,2021-10,0.00089531025
9127318190908282126,2021-08,0.0008952748
312543480920432545,2021-10,0.0008952709
1343530446996409207,2021-07,0.0008952676
1343530446996409207,2021-09,0.0008952676
8503092146854371576,2021-11,0.00089523
1366416810235233769,2021-10,0.00089523
1272921915900711149,2021-09,0.0008951183
1253437108265925705,2021-07,0.00089506496
7692335720341018458,2021-10,0.00089500524
7992317448197179816,2021-08,0.00089499675
6662531979151878793,2021-09,0.00089496904
1574054842704135993,2021-08,0.0008949162
7944852965555666513,2021-08,0.0008949162
984915269987074754,2021-10,0.0008949093
761746217261797478,2021-08,0.0008949093
6941381638534728190,2021-11,0.0008949093
984915269987074754,2021-10,0.0008949093
7451017400765373278,2021-08,0.0008949093
7451017400765373278,2021-11,0.0008949093
7451017400765373278,2021-08,0.0008949093
7451017400765373278,2021-07,0.0008949093
7451017400765373278,2021-08,0.0008949093
984915269987074754,2021-11,0.0008949093
984915269987074754,2021-11,0.0008949093
761746217261797478,2021-07,0.0008949093
984915269987074754,2021-08,0.0008949093
761746217261797478,2021-09,0.0008949093
761746217261797478,2021-08,0.0008949093
761746217261797478,2021-10,0.0008949093
761746217261797478,2021-10,0.0008949093
7451017400765373278,2021-11,0.0008949093
7451017400765373278,2021-11,0.0008949093
6941381638534728190,2021-09,0.0008949093
6941381638534728190,2021-10,0.0008949093
984915269987074754,2021-08,0.0008949093
984915269987074754,2021-09,0.0008949093
984915269987074754,2021-07,0.0008949093
984915269987074754,2021-09,0.0008949093
7910340581026492945,2021-07,0.0008948923
5304536516981778801,2021-07,0.0008948833
8503092146854371576,2021-11,0.0008948714
8503092146854371576,2021-08,0.0008947788
5540361570968095722,2021-09,0.0008947703
1182975716201409626,2021-07,0.00089476525
8464809590757561185,2021-07,0.0008946626
3248432590399829766,2021-10,0.00089461857
3248432590399829766,2021-11,0.00089461857
761746217261797478,2021-10,0.00089459907
963687627963462983,2021-09,0.0008945909
963687627963462983,2021-10,0.0008945909
963687627963462983,2021-09,0.0008945909
7686361238195690925,2021-10,0.00089453807
7120090169052575663,2021-07,0.00089453807
7120090169052575663,2021-07,0.00089453807
7120090169052575663,2021-09,0.00089453807
7120090169052575663,2021-09,0.00089453807
1951407691087813358,2021-08,0.000894515
5503391736465275980,2021-07,0.000894515
4165983075385227812,2021-08,0.000894515
4090195792518021727,2021-07,0.000894515
1000372849175668062,2021-08,0.000894515
7949169060790541229,2021-09,0.000894515
4165983075385227812,2021-09,0.000894515
2308217045093677129,2021-08,0.000894515
4090195792518021727,2021-08,0.000894515
4850936440093751199,2021-11,0.000894515
6528158819463595826,2021-09,0.000894515
6724017568171288443,2021-10,0.000894515
5503391736465275980,2021-08,0.000894515
2003221759676247813,2021-07,0.0008944379
665505091521986356,2021-08,0.0008943996
665505091521986356,2021-10,0.0008943996
665505091521986356,2021-09,0.0008943996
903093877129717133,2021-08,0.000894383
903093877129717133,2021-10,0.000894383
2022367282554149730,2021-08,0.000894383
903093877129717133,2021-08,0.000894383
3137879241768961145,2021-07,0.0008943791
1617695035450525647,2021-08,0.00089436804
5753677550753111444,2021-11,0.0008943046
1507697130807703164,2021-09,0.0008943046
1507697130807703164,2021-08,0.0008943046
4018182555897034052,2021-10,0.0008943046
5758033363847724111,2021-09,0.0008943046
4018182555897034052,2021-11,0.0008943046
6462952350255736003,2021-07,0.0008943046
4714214581184951490,2021-09,0.0008943046
2573553293518763494,2021-10,0.0008943046
5758033363847724111,2021-10,0.0008943046
2573553293518763494,2021-09,0.0008943046
4018182555897034052,2021-09,0.0008943046
1507697130807703164,2021-07,0.0008943046
1507697130807703164,2021-09,0.0008943046
6186737197674630993,2021-08,0.0008943046
1507697130807703164,2021-11,0.0008943046
1507697130807703164,2021-11,0.0008943046
1507697130807703164,2021-09,0.0008943046
4018182555897034052,2021-08,0.0008943046
963687627963462983,2021-07,0.00089423254
963687627963462983,2021-10,0.00089423254
2003221759676247813,2021-08,0.00089418265
5574997762710520717,2021-07,0.00089417037
851897122328714307,2021-10,0.00089417037
4740535838297269949,2021-11,0.0008941444
2003221759676247813,2021-10,0.000894132
257162352336759783,2021-11,0.00089403446
8826489829259520138,2021-07,0.00089402637
1003144834589372198,2021-07,0.0008940081
1003144834589372198,2021-10,0.0008940081
1003144834589372198,2021-10,0.00089400634
6462952350255736003,2021-08,0.00089394633
4166581859919473627,2021-07,0.00089394633
7395696797140470088,2021-08,0.00089394633
1028630885537616736,2021-08,0.00089394633
4018182555897034052,2021-09,0.00089394633
4018182555897034052,2021-08,0.00089394633
4018182555897034052,2021-11,0.00089394633
2573553293518763494,2021-11,0.00089394633
6462952350255736003,2021-08,0.00089394633
312543480920432545,2021-11,0.00089386926
312543480920432545,2021-11,0.00089386926
1182975716201409626,2021-10,0.00089383946
1617695035450525647,2021-10,0.0008937862
2003221759676247813,2021-08,0.0008937738
4566920105008626302,2021-07,0.00089373597
1097345589386012260,2021-10,0.00089369464
5082813456193598086,2021-09,0.00089366187
1253437108265925705,2021-09,0.00089366187
1253437108265925705,2021-07,0.00089366187
1253437108265925705,2021-10,0.00089366187
5082813456193598086,2021-08,0.00089366187
1253437108265925705,2021-09,0.00089366187
984915269987074754,2021-09,0.00089362444
7200509200540839533,2021-10,0.00089355715
2003221759676247813,2021-11,0.00089353585
2302464746243069589,2021-07,0.00089350436
4335865859049992260,2021-08,0.00089346734
4862285428951244424,2021-10,0.00089337456
8041261093764417881,2021-07,0.00089337456
924957821424248698,2021-08,0.00089337456
4862285428951244424,2021-08,0.00089337456
8662923640484889291,2021-07,0.00089337456
2106875407768047316,2021-10,0.00089337456
4862285428951244424,2021-11,0.00089337456
4862285428951244424,2021-07,0.00089337456
924957821424248698,2021-09,0.00089337456
4862285428951244424,2021-09,0.00089337456
4862285428951244424,2021-10,0.00089337456
4862285428951244424,2021-10,0.00089337456
924957821424248698,2021-10,0.00089337456
4862285428951244424,2021-09,0.00089337456
8779038337925278543,2021-10,0.00089337456
5440313607363845188,2021-08,0.00089337456
5440313607363845188,2021-07,0.00089337456
924957821424248698,2021-08,0.00089337456
924957821424248698,2021-07,0.00089337456
924957821424248698,2021-11,0.00089337456
924957821424248698,2021-11,0.00089337456
5440313607363845188,2021-09,0.00089337456
924957821424248698,2021-08,0.00089337456
924957821424248698,2021-10,0.00089337456
2983174282784691273,2021-08,0.00089337456
4862285428951244424,2021-10,0.00089337456
8609211777002937758,2021-09,0.00089337456
8609211777002937758,2021-07,0.00089337456
226405871752897670,2021-07,0.00089337456
226405871752897670,2021-08,0.00089337456
7692330898726665144,2021-10,0.00089337456
9101617110967101591,2021-09,0.00089337456
7692330898726665144,2021-08,0.00089337456
9052787288251876909,2021-09,0.00089337456
9052787288251876909,2021-07,0.00089337456
2322847438374159400,2021-07,0.00089337456
226405871752897670,2021-08,0.00089337456
7269781193318890653,2021-10,0.00089337456
7269781193318890653,2021-08,0.00089337456
7269781193318890653,2021-11,0.00089337456
521351744568531135,2021-10,0.00089337456
2439954154030259398,2021-10,0.00089337456
2439954154030259398,2021-10,0.00089337456
2439954154030259398,2021-07,0.00089337456
7692330898726665144,2021-10,0.00089337456
226405871752897670,2021-08,0.00089337456
8609211777002937758,2021-11,0.00089337456
7692330898726665144,2021-11,0.00089337456
7692330898726665144,2021-10,0.00089337456
8609211777002937758,2021-11,0.00089337456
2439954154030259398,2021-11,0.00089337456
226405871752897670,2021-09,0.00089337456
4166581859919473627,2021-08,0.00089337456
4166581859919473627,2021-11,0.00089337456
226405871752897670,2021-09,0.00089337456
5440313607363845188,2021-10,0.00089337456
2983174282784691273,2021-10,0.00089337456
175003104385133396,2021-11,0.00089337456
175003104385133396,2021-09,0.00089337456
5440313607363845188,2021-10,0.00089337456
5440313607363845188,2021-11,0.00089337456
2983174282784691273,2021-10,0.00089337456
3915426102465954493,2021-08,0.00089337456
3915426102465954493,2021-10,0.00089337456
2983174282784691273,2021-10,0.00089337456
6091519986999196884,2021-07,0.0008933575
5200455618694210402,2021-08,0.0008933575
2467590416042313927,2021-08,0.0008933575
3036967290595689189,2021-08,0.0008933575
3036967290595689189,2021-10,0.0008933575
1052398277967427422,2021-11,0.0008933575
3668905663669864663,2021-10,0.0008933575
7595945751692012281,2021-07,0.0008933575
7395696797140470088,2021-08,0.0008933575
963687627963462983,2021-07,0.0008933307
963687627963462983,2021-10,0.0008933307
1253437108265925705,2021-07,0.00089330383
4566920105008626302,2021-07,0.0008932652
3228830386980584958,2021-07,0.00089324435
287529573188507001,2021-09,0.00089324435
417157680860985231,2021-10,0.00089319836
1235244772550233980,2021-07,0.00089319836
2532435113844289043,2021-10,0.00089319836
8185063234515056194,2021-10,0.00089319836
5758033363847724111,2021-10,0.0008931937
4018182555897034052,2021-07,0.0008931937
4018182555897034052,2021-07,0.0008931937
5856610998569876318,2021-09,0.00089314644
7613717984547031729,2021-09,0.0008931095
6941381638534728190,2021-09,0.0008931095
4335865859049992260,2021-09,0.0008931095
8826489829259520138,2021-11,0.0008930967
7462607259426026440,2021-08,0.0008930567
4170463992215954403,2021-07,0.0008930567
1551531256789550891,2021-10,0.0008929711
7963861799566207637,2021-09,0.0008929711
1551531256789550891,2021-09,0.0008929711
295375823203017296,2021-08,0.0008929711
3045840317107313913,2021-11,0.0008929677
7442192566700924647,2021-10,0.0008929677
5856610998569876318,2021-09,0.0008929397
4018182555897034052,2021-10,0.00089283584
9127318190908282126,2021-07,0.0008928057
1617695035450525647,2021-09,0.00089275977
417157680860985231,2021-09,0.00089275977
7462607259426026440,2021-07,0.00089269894
7462607259426026440,2021-10,0.00089269894
7462607259426026440,2021-10,0.00089269894
683445437387317282,2021-09,0.0008926683
7200509200540839533,2021-07,0.0008926326
7200509200540839533,2021-10,0.0008926326
8826489829259520138,2021-08,0.0008926266
8503092146854371576,2021-09,0.0008926266
8826489829259520138,2021-08,0.0008926266
1366416810235233769,2021-07,0.0008926266
8826489829259520138,2021-09,0.0008926266
8826489829259520138,2021-09,0.0008926266
1366416810235233769,2021-07,0.0008926266
1366416810235233769,2021-10,0.0008926266
5042877476420217533,2021-10,0.00089261896
5042877476420217533,2021-08,0.00089261896
4635578010631860111,2021-11,0.00089261896
5042877476420217533,2021-07,0.00089261896
4635578010631860111,2021-10,0.00089261896
8464809590757561185,2021-09,0.00089261093
1003144834589372198,2021-08,0.0008926066
1003144834589372198,2021-08,0.0008926066
1003144834589372198,2021-08,0.0008926066
1003144834589372198,2021-07,0.0008926066
1003144834589372198,2021-08,0.0008926066
1003144834589372198,2021-07,0.0008926066
5574997762710520717,2021-07,0.00089260575
5574997762710520717,2021-10,0.00089260575
851897122328714307,2021-08,0.00089260575
7963861799566207637,2021-07,0.0008925212
7719481195372677540,2021-09,0.0008925012
3137879241768961145,2021-08,0.00089246803
524026009392362402,2021-10,0.0008924613
963687627963462983,2021-09,0.0008924591
903093877129717133,2021-07,0.00089241023
968199235777440720,2021-10,0.00089240936
5611787644735474299,2021-07,0.00089240936
5611787644735474299,2021-09,0.00089240936
5611787644735474299,2021-09,0.00089240936
5611787644735474299,2021-10,0.00089240936
5611787644735474299,2021-09,0.00089240936
5611787644735474299,2021-10,0.00089240936
5611787644735474299,2021-11,0.00089240936
5611787644735474299,2021-08,0.00089240936
5611787644735474299,2021-11,0.00089240936
5611787644735474299,2021-07,0.00089240936
5611787644735474299,2021-09,0.00089240936
5611787644735474299,2021-11,0.00089240936
2022367282554149730,2021-08,0.000892383
903093877129717133,2021-10,0.000892383
2022367282554149730,2021-07,0.000892383
2022367282554149730,2021-10,0.000892383
2022367282554149730,2021-09,0.000892383
903093877129717133,2021-09,0.000892383
7910340581026492945,2021-08,0.00089228986
7910340581026492945,2021-11,0.00089228986
417157680860985231,2021-11,0.00089228986
8185063234515056194,2021-11,0.00089228986
1192810733461560329,2021-11,0.00089228986
257162352336759783,2021-10,0.00089228986
257162352336759783,2021-11,0.00089228986
417157680860985231,2021-08,0.00089228986
8503092146854371576,2021-10,0.0008922691
1003144834589372198,2021-08,0.00089224905
1551531256789550891,2021-07,0.0008921152
2658946240987854807,2021-07,0.00089210155
2658946240987854807,2021-07,0.00089210155
8041261093764417881,2021-09,0.00089209183
8041261093764417881,2021-08,0.00089209183
8609211777002937758,2021-08,0.00089209183
521351744568531135,2021-09,0.00089209183
2106875407768047316,2021-09,0.00089209183
7269781193318890653,2021-07,0.00089209183
2106875407768047316,2021-07,0.00089209183
295375823203017296,2021-11,0.0008920829
295375823203017296,2021-07,0.0008920829
1551531256789550891,2021-07,0.0008920829
1678680306005074426,2021-11,0.0008920829
5611787644735474299,2021-09,0.00089205184
5611787644735474299,2021-08,0.00089205184
312543480920432545,2021-09,0.0008919865
312543480920432545,2021-09,0.0008919865
312543480920432545,2021-09,0.0008919865
312543480920432545,2021-10,0.0008919865
7330131219998265639,2021-08,0.0008919681
5122095358293179297,2021-10,0.0008917986
1551531256789550891,2021-08,0.0008917578
717981637594591016,2021-10,0.00089166645
3036967290595689189,2021-08,0.00089166645
3915426102465954493,2021-10,0.00089166645
2573553293518763494,2021-10,0.00089166645
7236776406341522879,2021-10,0.00089166645
5875663709136533612,2021-07,0.000891633
761746217261797478,2021-09,0.00089162606
984915269987074754,2021-10,0.00089162606
984915269987074754,2021-09,0.00089162606
761746217261797478,2021-09,0.00089162606
761746217261797478,2021-07,0.00089162606
984915269987074754,2021-10,0.00089162606
984915269987074754,2021-09,0.00089162606
984915269987074754,2021-09,0.00089162606
761746217261797478,2021-07,0.00089162606
6352592240901579272,2021-09,0.0008915776
3025708129948185495,2021-09,0.0008915776
8271604276097280304,2021-09,0.0008915776
8609211777002937758,2021-09,0.0008915776
9052787288251876909,2021-09,0.0008915776
8041261093764417881,2021-10,0.0008915776
2106875407768047316,2021-07,0.0008915776
472772897496154354,2021-09,0.0008915776
3283662016127058429,2021-10,0.0008915776
3632378524835692731,2021-07,0.0008915776
2983174282784691273,2021-10,0.0008915776
3838562409581494430,2021-09,0.0008915776
3632378524835692731,2021-10,0.0008915776
1097345589386012260,2021-11,0.00089156494
6100972975033180377,2021-11,0.00089144136
6100972975033180377,2021-11,0.00089144136
6100972975033180377,2021-10,0.00089144136
5200455618694210402,2021-07,0.0008914363
4327694790333781288,2021-07,0.0008914363
4327694790333781288,2021-11,0.0008914363
4018182555897034052,2021-10,0.0008914363
2573553293518763494,2021-10,0.0008914363
4018182555897034052,2021-09,0.0008914363
4018182555897034052,2021-10,0.0008914363
4018182555897034052,2021-10,0.0008914363
4018182555897034052,2021-10,0.0008914363
3228830386980584958,2021-08,0.0008912469
1097345589386012260,2021-10,0.00089120783
683445437387317282,2021-09,0.000891201
683445437387317282,2021-07,0.000891201
683445437387317282,2021-07,0.000891201
7451017400765373278,2021-08,0.000891201
472772897496154354,2021-10,0.00089113734
7992317448197179816,2021-09,0.00089113734
472772897496154354,2021-08,0.00089113734
1097345589386012260,2021-09,0.0008910957
7330131219998265639,2021-11,0.0008910957
1097345589386012260,2021-07,0.0008910957
7330131219998265639,2021-07,0.0008910957
7692335720341018458,2021-09,0.0008910957
7692335720341018458,2021-11,0.0008910957
7330131219998265639,2021-09,0.0008910957
5758033363847724111,2021-07,0.0008909561
7595945751692012281,2021-09,0.0008909561
8222831719332844924,2021-10,0.00089094293
5304536516981778801,2021-08,0.00089091103
3634047863995720708,2021-08,0.00089090766
3634047863995720708,2021-09,0.00089090766
4335865859049992260,2021-10,0.00089086907
4335865859049992260,2021-11,0.00089086907
4335865859049992260,2021-09,0.00089086907
4335865859049992260,2021-11,0.00089086907
4335865859049992260,2021-09,0.00089086907
6643358471662528195,2021-10,0.0008907595
5753677550753111444,2021-08,0.0008907595
3263212305228307743,2021-08,0.0008907595
8464809590757561185,2021-08,0.0008907595
8464809590757561185,2021-08,0.0008907595
8464809590757561185,2021-08,0.0008907595
717981637594591016,2021-08,0.0008907595
4858887739802767402,2021-10,0.0008907595
8480109508191086169,2021-11,0.0008907595
8464809590757561185,2021-11,0.0008907595
8292458529987016717,2021-11,0.0008907595
2250817603281429928,2021-08,0.0008907595
6091519986999196884,2021-08,0.0008907595
1097345589386012260,2021-08,0.0008907388
7692335720341018458,2021-09,0.0008907388
963687627963462983,2021-11,0.0008907032
963687627963462983,2021-08,0.0008907032
7910340581026492945,2021-08,0.0008906009
7451017400765373278,2021-08,0.0008906009
6662531979151878793,2021-07,0.00089057157
6662531979151878793,2021-10,0.00089057157
1343530446996409207,2021-08,0.00089055084
1343530446996409207,2021-08,0.00089055084
984915269987074754,2021-09,0.0008905122
984915269987074754,2021-10,0.0008905122
984915269987074754,2021-10,0.0008905122
2532435113844289043,2021-07,0.0008905122
2532435113844289043,2021-09,0.0008905122
761746217261797478,2021-09,0.0008905122
2532435113844289043,2021-09,0.0008905122
761746217261797478,2021-07,0.0008905122
8826489829259520138,2021-11,0.00089049945
1366416810235233769,2021-07,0.00089049945
2573553293518763494,2021-09,0.00089048373
1678680306005074426,2021-11,0.0008903743
6681781879793693802,2021-10,0.0008903743
295375823203017296,2021-09,0.0008903743
6681781879793693802,2021-11,0.0008903743
6681781879793693802,2021-11,0.0008903743
6681781879793693802,2021-10,0.0008903743
1678680306005074426,2021-07,0.0008903743
1551531256789550891,2021-11,0.0008903743
1678680306005074426,2021-07,0.0008903743
1617695035450525647,2021-07,0.0008903344
1617695035450525647,2021-07,0.0008903344
1617695035450525647,2021-07,0.0008902424
1617695035450525647,2021-07,0.0008902424
7442192566700924647,2021-10,0.0008901635
7910340581026492945,2021-08,0.0008901635
4740535838297269949,2021-10,0.0008901635
8185063234515056194,2021-08,0.0008901635
8185063234515056194,2021-10,0.0008901635
4740535838297269949,2021-07,0.0008901635
3045840317107313913,2021-10,0.0008901635
8503092146854371576,2021-07,0.00089014275
8826489829259520138,2021-07,0.00089014106
7269781193318890653,2021-11,0.00089009694
8041261093764417881,2021-10,0.00089009694
175003104385133396,2021-10,0.00089009694
3838562409581494430,2021-08,0.00089009694
175003104385133396,2021-07,0.00089009694
9052787288251876909,2021-11,0.00089009694
521351744568531135,2021-11,0.00089009694
9052787288251876909,2021-07,0.00089009694
521351744568531135,2021-11,0.00089009694
8041261093764417881,2021-08,0.00089009694
8609211777002937758,2021-10,0.00089009694
2106875407768047316,2021-09,0.00089009694
1874387298050692165,2021-07,0.00089009694
226405871752897670,2021-11,0.00089009694
2106875407768047316,2021-11,0.00089009694
8041261093764417881,2021-08,0.00089009694
924957821424248698,2021-10,0.00089009694
9052787288251876909,2021-11,0.00089009694
7269781193318890653,2021-08,0.00089009694
7269781193318890653,2021-07,0.00089009694
7269781193318890653,2021-11,0.00089009694
8041261093764417881,2021-10,0.00089009694
8609211777002937758,2021-08,0.00089009694
8609211777002937758,2021-10,0.00089009694
226405871752897670,2021-08,0.00089009694
8041261093764417881,2021-10,0.00089009694
9052787288251876909,2021-10,0.00089009694
9052787288251876909,2021-10,0.00089009694
8041261093764417881,2021-08,0.00089009694
924957821424248698,2021-07,0.00089009694
6681781879793693802,2021-08,0.00089001766
295375823203017296,2021-07,0.00089001766
1678680306005074426,2021-10,0.00089001766
1678680306005074426,2021-10,0.00089001766
6681781879793693802,2021-09,0.00089001766
295375823203017296,2021-09,0.00089001766
7963861799566207637,2021-07,0.00089001766
7442192566700924647,2021-11,0.00088980526
8609211777002937758,2021-07,0.00088967255
7215053254854713098,2021-11,0.00088967255
1874387298050692165,2021-09,0.00088967255
1272921915900711149,2021-10,0.00088965264
963687627963462983,2021-10,0.0008894484
6352592240901579272,2021-09,0.0008893412
7910340581026492945,2021-08,0.0008892967
8535586342375301953,2021-08,0.0008892967
8535586342375301953,2021-11,0.0008892967
257162352336759783,2021-11,0.0008892967
8535586342375301953,2021-10,0.0008892967
665505091521986356,2021-11,0.0008891755
2006188298374001315,2021-08,0.0008890734
5753677550753111444,2021-08,0.0008890734
4166581859919473627,2021-08,0.0008890734
6731795019313479942,2021-08,0.0008890734
3263212305228307743,2021-08,0.0008890734
7692330898726665144,2021-10,0.00088898494
5440313607363845188,2021-08,0.00088898494
2983174282784691273,2021-08,0.00088898494
3915426102465954493,2021-11,0.00088898494
7692330898726665144,2021-10,0.00088898494
7692330898726665144,2021-11,0.00088898494
9052787288251876909,2021-08,0.00088898494
924957821424248698,2021-07,0.00088898494
924957821424248698,2021-07,0.00088898494
8609211777002937758,2021-09,0.00088898494
8609211777002937758,2021-10,0.00088898494
8041261093764417881,2021-07,0.00088898494
7692330898726665144,2021-08,0.00088898494
7269781193318890653,2021-07,0.00088898494
7692330898726665144,2021-09,0.00088898494
7692330898726665144,2021-09,0.00088898494
8041261093764417881,2021-10,0.00088898494
7269781193318890653,2021-11,0.00088898494
7269781193318890653,2021-11,0.00088898494
8609211777002937758,2021-08,0.00088898494
4862285428951244424,2021-07,0.00088898494
2377020220794016532,2021-07,0.00088898494
4862285428951244424,2021-08,0.00088898494
2439954154030259398,2021-10,0.00088898494
924957821424248698,2021-08,0.00088898494
924957821424248698,2021-11,0.00088898494
4862285428951244424,2021-09,0.00088898494
1097345589386012260,2021-11,0.00088897225
9127318190908282126,2021-09,0.00088897225
312543480920432545,2021-07,0.00088896835
417157680860985231,2021-09,0.00088894047
1210783884008131648,2021-11,0.00088894047
8535586342375301953,2021-08,0.00088894047
1192810733461560329,2021-09,0.00088894047
417157680860985231,2021-10,0.00088894047
257162352336759783,2021-08,0.00088894047
1003144834589372198,2021-10,0.00088891207
417157680860985231,2021-09,0.00088884856
7442192566700924647,2021-09,0.00088884856
417157680860985231,2021-07,0.00088884856
257162352336759783,2021-07,0.00088884856
7910340581026492945,2021-07,0.00088884856
1366416810235233769,2021-09,0.00088874734
8826489829259520138,2021-09,0.00088874734
8503092146854371576,2021-09,0.00088874734
8503092146854371576,2021-11,0.00088874734
1366416810235233769,2021-07,0.00088874734
5753677550753111444,2021-08,0.00088863686
8245393384938410770,2021-08,0.00088863686
6198047969028248384,2021-08,0.00088863686
4018182555897034052,2021-07,0.00088863686
4018182555897034052,2021-08,0.00088863686
8480109508191086169,2021-08,0.00088863686
717981637594591016,2021-08,0.00088863686
8464809590757561185,2021-10,0.00088863686
5893903674205161232,2021-08,0.00088863686
6941381638534728190,2021-07,0.0008886094
761746217261797478,2021-09,0.0008886094
6941381638534728190,2021-10,0.0008886094
761746217261797478,2021-07,0.0008886094
7451017400765373278,2021-07,0.0008886094
984915269987074754,2021-08,0.0008886094
7442192566700924647,2021-11,0.0008885687
3045840317107313913,2021-10,0.0008884443
7910340581026492945,2021-10,0.0008884443
3045840317107313913,2021-10,0.0008884443
8535586342375301953,2021-08,0.0008884443
257162352336759783,2021-11,0.0008884443
8503092146854371576,2021-10,0.0008884443
257162352336759783,2021-10,0.0008884443
8503092146854371576,2021-07,0.0008884443
417157680860985231,2021-10,0.0008884121
4740535838297269949,2021-07,0.0008884121
1617695035450525647,2021-10,0.0008884121
1192810733461560329,2021-11,0.0008884121
3045840317107313913,2021-09,0.0008884121
3045840317107313913,2021-10,0.0008884121
8185063234515056194,2021-07,0.0008884121
1366416810235233769,2021-09,0.0008883914
1678680306005074426,2021-07,0.00088825246
295375823203017296,2021-07,0.00088825246
4740535838297269949,2021-07,0.0008882127
3137879241768961145,2021-10,0.00088808284
2022367282554149730,2021-10,0.0008879982
2022367282554149730,2021-10,0.0008879982
2022367282554149730,2021-07,0.0008879982
665505091521986356,2021-11,0.00088792294
7462607259426026440,2021-09,0.00088792294
665505091521986356,2021-10,0.00088792294
2554972344348383830,2021-07,0.0008877715
2554972344348383830,2021-11,0.0008877715
2554972344348383830,2021-07,0.0008877715
1052398277967427422,2021-11,0.0008877715
8464809590757561185,2021-08,0.0008877715
3668905663669864663,2021-07,0.0008877715
8374461419511631785,2021-11,0.0008877715
3698481516392183789,2021-09,0.0008877715
2302464746243069589,2021-07,0.0008877715
1052398277967427422,2021-11,0.0008877715
3668905663669864663,2021-09,0.0008877715
5753677550753111444,2021-08,0.0008877715
7398738404146260251,2021-10,0.0008877715
3036967290595689189,2021-10,0.0008877715
2467590416042313927,2021-10,0.0008877715
5753677550753111444,2021-09,0.0008877715
2302464746243069589,2021-10,0.0008877715
1423952977138155129,2021-08,0.0008877715
2554972344348383830,2021-07,0.0008877715
2302464746243069589,2021-09,0.0008877715
7719481195372677540,2021-07,0.0008877715
3263212305228307743,2021-08,0.0008877715
4327694790333781288,2021-08,0.0008877715
2467590416042313927,2021-11,0.0008877715
2250817603281429928,2021-09,0.0008877715
8570963260597299378,2021-07,0.0008877715
7595945751692012281,2021-10,0.0008877715
3137879241768961145,2021-10,0.00088753854
3137879241768961145,2021-09,0.00088753854
3137879241768961145,2021-07,0.00088753854
4862285428951244424,2021-09,0.00088751776
2983174282784691273,2021-07,0.00088751776
326257359176916767,2021-09,0.00088751776
4862285428951244424,2021-07,0.00088751776
851897122328714307,2021-07,0.00088751776
851897122328714307,2021-07,0.00088751776
4862285428951244424,2021-09,0.00088751776
2983174282784691273,2021-08,0.00088751776
7395696797140470088,2021-07,0.00088741595
717981637594591016,2021-07,0.00088741595
2467590416042313927,2021-07,0.00088741595
7719481195372677540,2021-08,0.00088741595
3812760626052898456,2021-09,0.00088741595
3036967290595689189,2021-09,0.00088741595
7595945751692012281,2021-10,0.00088741595
4714214581184951490,2021-09,0.00088741595
6198047969028248384,2021-09,0.00088741595
7595945751692012281,2021-07,0.00088741595
3036967290595689189,2021-11,0.00088741595
4723919748432185874,2021-08,0.00088732416
4166581859919473627,2021-08,0.00088732416
6164364689409425900,2021-07,0.00088732416
6164364689409425900,2021-09,0.00088732416
3263212305228307743,2021-08,0.00088732416
7398738404146260251,2021-09,0.00088732416
5753677550753111444,2021-07,0.00088732416
7395696797140470088,2021-09,0.00088732416
6462952350255736003,2021-07,0.00088732416
1696462947583294958,2021-07,0.00088732416
6091519986999196884,2021-07,0.00088732416
4723919748432185874,2021-07,0.00088732416
6462952350255736003,2021-08,0.00088732416
6462952350255736003,2021-09,0.00088732416
7613717984547031729,2021-08,0.0008872451
2532435113844289043,2021-08,0.0008872451
7613717984547031729,2021-08,0.0008872451
1097345589386012260,2021-07,0.0008872231
7330131219998265639,2021-09,0.0008872231
287529573188507001,2021-10,0.0008872231
1097345589386012260,2021-10,0.0008872231
9127318190908282126,2021-08,0.0008872231
1097345589386012260,2021-11,0.0008872231
9127318190908282126,2021-07,0.0008872231
4335865859049992260,2021-09,0.0008871775
1235244772550233980,2021-07,0.0008871775
4740535838297269949,2021-09,0.0008871775
257162352336759783,2021-08,0.0008871775
4740535838297269949,2021-07,0.0008871775
5440313607363845188,2021-11,0.00088708533
2377020220794016532,2021-07,0.00088708533
8662923640484889291,2021-07,0.00088708533
2439954154030259398,2021-11,0.00088708533
3915426102465954493,2021-09,0.00088708533
3025708129948185495,2021-11,0.00088708533
3025708129948185495,2021-10,0.00088708533
8271604276097280304,2021-09,0.00088708533
2983174282784691273,2021-09,0.00088708533
2983174282784691273,2021-10,0.00088708533
521351744568531135,2021-10,0.00088708533
924957821424248698,2021-07,0.00088708533
8609211777002937758,2021-09,0.00088708533
7692330898726665144,2021-11,0.00088708533
7269781193318890653,2021-07,0.00088708533
7692330898726665144,2021-09,0.00088708533
8041261093764417881,2021-10,0.00088708533
521351744568531135,2021-08,0.00088708533
8041261093764417881,2021-07,0.00088708533
2983174282784691273,2021-09,0.00088708533
924957821424248698,2021-07,0.00088708533
2983174282784691273,2021-07,0.00088708533
683445437387317282,2021-10,0.00088705454
7451017400765373278,2021-09,0.00088705454
7451017400765373278,2021-11,0.00088705454
683445437387317282,2021-08,0.00088705454
6941381638534728190,2021-07,0.00088705454
6941381638534728190,2021-07,0.00088705454
7451017400765373278,2021-10,0.00088705454
6941381638534728190,2021-11,0.00088705454
6941381638534728190,2021-11,0.00088705454
1052398277967427422,2021-09,0.00088692055
9127318190908282126,2021-10,0.00088692055
2467590416042313927,2021-10,0.00088692055
7395696797140470088,2021-09,0.00088692055
6352592240901579272,2021-07,0.00088692055
2554972344348383830,2021-11,0.00088692055
717981637594591016,2021-07,0.00088692055
2006188298374001315,2021-07,0.00088688836
8480109508191086169,2021-11,0.00088688836
2573553293518763494,2021-11,0.00088688836
717981637594591016,2021-07,0.00088688836
2573553293518763494,2021-09,0.00088688836
2573553293518763494,2021-09,0.00088688836
5753677550753111444,2021-07,0.00088688836
5758033363847724111,2021-11,0.00088688836
4858887739802767402,2021-07,0.00088688836
3812760626052898456,2021-07,0.00088688836
7395696797140470088,2021-09,0.00088688836
2573553293518763494,2021-09,0.00088688836
3263212305228307743,2021-10,0.00088688836
6198047969028248384,2021-09,0.00088688836
4714214581184951490,2021-09,0.00088688836
3228830386980584958,2021-09,0.00088686775
472772897496154354,2021-08,0.0008867587
472772897496154354,2021-08,0.0008867587
3045840317107313913,2021-11,0.0008867105
7910340581026492945,2021-08,0.0008867105
7910340581026492945,2021-08,0.0008867105
3045840317107313913,2021-10,0.0008867105
7910340581026492945,2021-09,0.0008867105
8185063234515056194,2021-07,0.0008867105
2347028805684088098,2021-11,0.0008867105
2347028805684088098,2021-09,0.0008867105
4740535838297269949,2021-11,0.0008867105
7910340581026492945,2021-10,0.0008867105
7910340581026492945,2021-09,0.0008867105
7910340581026492945,2021-10,0.0008867105
7442192566700924647,2021-07,0.0008867105
7442192566700924647,2021-10,0.0008867105
7442192566700924647,2021-08,0.0008867105
3045840317107313913,2021-11,0.0008867105
3045840317107313913,2021-11,0.0008867105
7442192566700924647,2021-10,0.0008867105
8185063234515056194,2021-09,0.0008867105
1192810733461560329,2021-10,0.0008867105
1617695035450525647,2021-10,0.0008867105
1617695035450525647,2021-09,0.0008867105
1617695035450525647,2021-07,0.0008867105
1617695035450525647,2021-11,0.0008867105
4740535838297269949,2021-11,0.0008867105
4740535838297269949,2021-07,0.0008867105
1617695035450525647,2021-10,0.0008867105
417157680860985231,2021-11,0.0008867105
417157680860985231,2021-11,0.0008867105
417157680860985231,2021-10,0.0008867105
257162352336759783,2021-09,0.0008867105
417157680860985231,2021-09,0.0008867105
417157680860985231,2021-09,0.0008867105
7671566034617837932,2021-08,0.00088660617
7595945751692012281,2021-08,0.0008865652
295375823203017296,2021-07,0.0008865049
1551531256789550891,2021-07,0.0008865049
1678680306005074426,2021-11,0.0008865049
295375823203017296,2021-11,0.0008865049
1678680306005074426,2021-07,0.0008865049
7963861799566207637,2021-08,0.0008865049
1551531256789550891,2021-09,0.0008865049
295375823203017296,2021-07,0.0008865049
295375823203017296,2021-10,0.0008865049
8536980239903840341,2021-11,0.0008865049
257162352336759783,2021-10,0.00088635535
257162352336759783,2021-09,0.00088635535
257162352336759783,2021-08,0.00088635535
257162352336759783,2021-10,0.00088635535
1192810733461560329,2021-10,0.00088635535
4740535838297269949,2021-11,0.00088635535
7910340581026492945,2021-10,0.00088635535
7910340581026492945,2021-07,0.00088635535
7910340581026492945,2021-08,0.00088635535
1104269683367198574,2021-07,0.00088635535
1617695035450525647,2021-08,0.00088635535
8185063234515056194,2021-07,0.00088635535
417157680860985231,2021-08,0.00088635535
417157680860985231,2021-10,0.00088635535
8185063234515056194,2021-07,0.00088635535
257162352336759783,2021-09,0.00088635535
5613825020130267729,2021-08,0.0008863499
8536980239903840341,2021-07,0.00088614976
1507697130807703164,2021-09,0.0008860564
8609211777002937758,2021-09,0.0008857234
175003104385133396,2021-09,0.0008857234
924957821424248698,2021-09,0.0008857234
226405871752897670,2021-08,0.0008857234
924957821424248698,2021-07,0.0008857234
5753677550753111444,2021-07,0.00088565587
7395696797140470088,2021-07,0.00088565587
7595945751692012281,2021-11,0.00088565587
7395696797140470088,2021-11,0.00088565587
7395696797140470088,2021-09,0.00088565587
5758033363847724111,2021-07,0.00088565587
3025708129948185495,2021-11,0.00088553317
4862285428951244424,2021-10,0.00088553317
4862285428951244424,2021-07,0.00088553317
2983174282784691273,2021-09,0.00088553317
2983174282784691273,2021-10,0.00088553317
2983174282784691273,2021-10,0.00088553317
4862285428951244424,2021-08,0.00088553317
4862285428951244424,2021-08,0.00088553317
4862285428951244424,2021-08,0.00088553317
3632378524835692731,2021-07,0.00088553317
2983174282784691273,2021-09,0.00088553317
4862285428951244424,2021-10,0.00088553317
3915426102465954493,2021-11,0.00088553317
2983174282784691273,2021-10,0.00088553317
2983174282784691273,2021-10,0.00088553317
2983174282784691273,2021-10,0.00088553317
3915426102465954493,2021-07,0.00088553317
472772897496154354,2021-09,0.00088553317
2322847438374159400,2021-09,0.00088553317
2322847438374159400,2021-10,0.00088553317
2983174282784691273,2021-07,0.00088553317
7215053254854713098,2021-11,0.00088553317
9101617110967101591,2021-07,0.00088553317
2322847438374159400,2021-07,0.00088553317
2983174282784691273,2021-08,0.00088553317
2983174282784691273,2021-10,0.00088553317
3632378524835692731,2021-07,0.00088553317
2983174282784691273,2021-08,0.00088553317
7692330898726665144,2021-09,0.0008853399
5440313607363845188,2021-07,0.0008853399
8271604276097280304,2021-08,0.0008853399
7692330898726665144,2021-10,0.0008853399
5440313607363845188,2021-10,0.0008853399
7692330898726665144,2021-09,0.0008853399
7692330898726665144,2021-11,0.0008853399
5440313607363845188,2021-08,0.0008853399
7395696797140470088,2021-10,0.0008853011
472772897496154354,2021-07,0.0008853011
49632905576538927,2021-11,0.00088518986
710593997981520423,2021-10,0.00088518986
3698481516392183789,2021-11,0.00088518986
717981637594591016,2021-09,0.00088518986
4858887739802767402,2021-11,0.00088518986
5893903674205161232,2021-07,0.00088518986
8464809590757561185,2021-10,0.00088518986
8464809590757561185,2021-08,0.00088518986
5893903674205161232,2021-11,0.00088518986
8464809590757561185,2021-07,0.00088518986
5893903674205161232,2021-07,0.00088518986
3698481516392183789,2021-07,0.00088518986
1696462947583294958,2021-08,0.00088518986
1696462947583294958,2021-11,0.00088518986
4723919748432185874,2021-10,0.00088518986
8570963260597299378,2021-09,0.00088518986
8570963260597299378,2021-07,0.00088518986
3263212305228307743,2021-07,0.00088518986
3263212305228307743,2021-07,0.00088518986
4714214581184951490,2021-10,0.00088518986
7719481195372677540,2021-08,0.00088518986
8570963260597299378,2021-11,0.00088518986
3263212305228307743,2021-09,0.00088518986
6198047969028248384,2021-10,0.00088518986
1963239178085807816,2021-11,0.00088518986
7236776406341522879,2021-07,0.00088518986
7719481195372677540,2021-07,0.00088518986
2006188298374001315,2021-09,0.00088518986
6118873739225005756,2021-07,0.00088518986
2006188298374001315,2021-09,0.00088518986
8464809590757561185,2021-11,0.00088518986
8480109508191086169,2021-07,0.00088518986
8480109508191086169,2021-07,0.00088518986
8480109508191086169,2021-09,0.00088518986
8480109508191086169,2021-08,0.00088518986
4714214581184951490,2021-07,0.00088518986
6198047969028248384,2021-11,0.00088518986
1423952977138155129,2021-09,0.00088518986
1423952977138155129,2021-07,0.00088518986
1423952977138155129,2021-09,0.00088518986
2006188298374001315,2021-10,0.00088518986
7719481195372677540,2021-09,0.00088518986
6091519986999196884,2021-09,0.00088518986
2006188298374001315,2021-07,0.00088518986
8464809590757561185,2021-11,0.00088518986
4723919748432185874,2021-11,0.00088518986
6091519986999196884,2021-08,0.00088518986
8570963260597299378,2021-10,0.00088518986
7395696797140470088,2021-07,0.00088518986
6091519986999196884,2021-07,0.00088518986
8570963260597299378,2021-09,0.00088518986
8570963260597299378,2021-09,0.00088518986
7236776406341522879,2021-10,0.00088518986
4723919748432185874,2021-07,0.00088518986
6462952350255736003,2021-09,0.00088518986
6731795019313479942,2021-08,0.00088518986
4723919748432185874,2021-07,0.00088518986
7395696797140470088,2021-07,0.00088518986
5758033363847724111,2021-11,0.00088518986
4858887739802767402,2021-07,0.00088518986
5753677550753111444,2021-10,0.00088518986
2250817603281429928,2021-10,0.00088518986
5753677550753111444,2021-10,0.00088518986
8292458529987016717,2021-11,0.00088518986
8292458529987016717,2021-08,0.00088518986
4858887739802767402,2021-07,0.00088518986
2250817603281429928,2021-09,0.00088518986
7395696797140470088,2021-09,0.00088518986
7395696797140470088,2021-11,0.00088518986
4723919748432185874,2021-09,0.00088518986
7398738404146260251,2021-09,0.00088518986
7398738404146260251,2021-09,0.00088518986
7398738404146260251,2021-09,0.00088518986
4723919748432185874,2021-08,0.00088518986
3812760626052898456,2021-10,0.00088518986
8464809590757561185,2021-10,0.0008848352
8464809590757561185,2021-10,0.0008848352
8464809590757561185,2021-10,0.0008848352
2250817603281429928,2021-08,0.0008848352
2250817603281429928,2021-10,0.0008848352
5726884001073147293,2021-07,0.0008848352
8570963260597299378,2021-07,0.0008848352
6462952350255736003,2021-10,0.0008848352
6118873739225005756,2021-10,0.0008848352
7395696797140470088,2021-11,0.0008848352
7398738404146260251,2021-07,0.0008848352
3263212305228307743,2021-07,0.0008848352
4327694790333781288,2021-10,0.0008848352
8464809590757561185,2021-08,0.0008848352
8464809590757561185,2021-08,0.0008848352
717981637594591016,2021-10,0.0008848352
5753677550753111444,2021-10,0.0008848352
5753677550753111444,2021-11,0.0008848352
8464809590757561185,2021-07,0.0008848352
5753677550753111444,2021-10,0.0008848352
8570963260597299378,2021-08,0.0008848352
717981637594591016,2021-08,0.0008848352
717981637594591016,2021-10,0.0008848352
710593997981520423,2021-08,0.0008848352
5893903674205161232,2021-10,0.0008848352
3668905663669864663,2021-08,0.0008848352
5893903674205161232,2021-08,0.0008848352
5893903674205161232,2021-09,0.0008848352
4723919748432185874,2021-08,0.0008848352
4723919748432185874,2021-08,0.0008848352
3036967290595689189,2021-08,0.0008848352
692350198401528327,2021-11,0.0008848352
4018182555897034052,2021-10,0.0008848352
6091519986999196884,2021-08,0.0008848352
6091519986999196884,2021-10,0.0008848352
8570963260597299378,2021-10,0.0008848352
5753677550753111444,2021-09,0.0008848352
8570963260597299378,2021-11,0.0008848352
3045840317107313913,2021-08,0.0008845975
7442192566700924647,2021-07,0.0008845975
417157680860985231,2021-11,0.0008845975
1104269683367198574,2021-08,0.0008845975
1104269683367198574,2021-10,0.0008845975
1104269683367198574,2021-11,0.0008845975
417157680860985231,2021-07,0.0008845975
8185063234515056194,2021-07,0.0008845975
2347028805684088098,2021-09,0.0008845975
8185063234515056194,2021-09,0.0008845975
1617695035450525647,2021-10,0.0008845975
1617695035450525647,2021-07,0.0008845975
1617695035450525647,2021-07,0.0008845975
417157680860985231,2021-11,0.0008845975
417157680860985231,2021-09,0.0008845975
8185063234515056194,2021-07,0.0008845975
8464809590757561185,2021-07,0.0008845325
6118873739225005756,2021-11,0.0008845325
8464809590757561185,2021-08,0.0008845325
7451017400765373278,2021-10,0.00088424317
7451017400765373278,2021-07,0.00088424317
1617695035450525647,2021-08,0.0008842414
4740535838297269949,2021-08,0.0008842414
1617695035450525647,2021-08,0.0008842414
1617695035450525647,2021-08,0.0008842414
1192810733461560329,2021-09,0.0008842414
1617695035450525647,2021-08,0.0008842414
4566920105008626302,2021-10,0.000884161
4566920105008626302,2021-10,0.000884161
1617695035450525647,2021-07,0.0008838872
1617695035450525647,2021-07,0.0008838872
5613825020130267729,2021-10,0.00088377227
8464809590757561185,2021-07,0.00088372844
3036967290595689189,2021-07,0.00088372844
6681781879793693802,2021-07,0.0008833463
7395696797140470088,2021-11,0.00088308036
5758033363847724111,2021-11,0.00088308036
2250817603281429928,2021-10,0.00088308036
4723919748432185874,2021-07,0.00088308036
710593997981520423,2021-10,0.00088308036
7398738404146260251,2021-07,0.00088308036
8570963260597299378,2021-09,0.00088308036
3263212305228307743,2021-09,0.00088308036
7236776406341522879,2021-09,0.00088308036
6462952350255736003,2021-10,0.00088308036
1507697130807703164,2021-07,0.00088308036
2573553293518763494,2021-09,0.00088308036
2006188298374001315,2021-11,0.00088308036
5200455618694210402,2021-10,0.00088308036
1507697130807703164,2021-08,0.00088308036
4714214581184951490,2021-09,0.00088308036
2006188298374001315,2021-09,0.00088308036
2573553293518763494,2021-09,0.00088308036
2006188298374001315,2021-09,0.00088308036
2573553293518763494,2021-09,0.00088308036
6164364689409425900,2021-11,0.00088308036
49632905576538927,2021-07,0.00088308036
5893903674205161232,2021-07,0.00088308036
4723919748432185874,2021-09,0.00088308036
3698481516392183789,2021-07,0.00088308036
5893903674205161232,2021-07,0.00088308036
2006188298374001315,2021-07,0.00088308036
6164364689409425900,2021-09,0.00088308036
4723919748432185874,2021-11,0.00088308036
6198047969028248384,2021-07,0.00088308036
8570963260597299378,2021-08,0.00088308036
7910340581026492945,2021-09,0.000882857
4335865859049992260,2021-08,0.000882857
7442192566700924647,2021-10,0.000882857
4335865859049992260,2021-10,0.000882857
4335865859049992260,2021-10,0.000882857
257162352336759783,2021-08,0.000882857
1617695035450525647,2021-10,0.000882857
1617695035450525647,2021-09,0.000882857
1617695035450525647,2021-09,0.000882857
257162352336759783,2021-11,0.000882857
1617695035450525647,2021-10,0.000882857
1617695035450525647,2021-11,0.000882857
7910340581026492945,2021-08,0.000882857
8185063234515056194,2021-08,0.000882857
4740535838297269949,2021-07,0.000882857
7910340581026492945,2021-11,0.000882857
7442192566700924647,2021-07,0.000882857
4335865859049992260,2021-08,0.000882857
4335865859049992260,2021-07,0.000882857
8185063234515056194,2021-07,0.000882857
8185063234515056194,2021-08,0.000882857
4740535838297269949,2021-10,0.000882857
8185063234515056194,2021-11,0.000882857
4335865859049992260,2021-11,0.000882857
7910340581026492945,2021-08,0.000882857
3045840317107313913,2021-08,0.000882857
3045840317107313913,2021-09,0.000882857
417157680860985231,2021-10,0.000882857
417157680860985231,2021-08,0.000882857
1617695035450525647,2021-07,0.000882857
1617695035450525647,2021-07,0.000882857
1192810733461560329,2021-09,0.000882857
417157680860985231,2021-10,0.000882857
417157680860985231,2021-08,0.000882857
3045840317107313913,2021-08,0.000882857
3045840317107313913,2021-07,0.000882857
7910340581026492945,2021-07,0.000882857
2983174282784691273,2021-10,0.00088272657
4858887739802767402,2021-07,0.00088272657
3025708129948185495,2021-07,0.00088272657
5753677550753111444,2021-07,0.00088272657
2106875407768047316,2021-07,0.00088272657
3263212305228307743,2021-07,0.00088272657
8570963260597299378,2021-10,0.00088272657
4327694790333781288,2021-07,0.00088272657
8570963260597299378,2021-07,0.00088272657
6731795019313479942,2021-10,0.00088272657
8662923640484889291,2021-07,0.00088272657
683445437387317282,2021-08,0.00088269595
683445437387317282,2021-09,0.00088269595
4740535838297269949,2021-09,0.0008825033
7910340581026492945,2021-07,0.0008825033
3045840317107313913,2021-09,0.0008825033
7330131219998265639,2021-10,0.0008821674
5613825020130267729,2021-09,0.00088203343
4723919748432185874,2021-08,0.00088134286
4723919748432185874,2021-09,0.00088134286
4858887739802767402,2021-08,0.00088134286
4858887739802767402,2021-10,0.00088134286
5753677550753111444,2021-10,0.00088134286
4723919748432185874,2021-09,0.00088134286
8480109508191086169,2021-11,0.00088134286
49632905576538927,2021-08,0.00088134286
3812760626052898456,2021-10,0.00088134286
3812760626052898456,2021-09,0.00088134286
6198047969028248384,2021-11,0.00088134286
1423952977138155129,2021-08,0.00088134286
1423952977138155129,2021-10,0.00088134286
2250817603281429928,2021-07,0.00088134286
2006188298374001315,2021-10,0.00088134286
4714214581184951490,2021-09,0.00088134286
1507697130807703164,2021-11,0.00088134286
1507697130807703164,2021-11,0.00088134286
7236776406341522879,2021-11,0.00088134286
2006188298374001315,2021-10,0.00088134286
2302464746243069589,2021-09,0.00088134286
2302464746243069589,2021-10,0.00088134286
2302464746243069589,2021-11,0.00088134286
4714214581184951490,2021-09,0.00088134286
6091519986999196884,2021-08,0.00088134286
2006188298374001315,2021-07,0.00088134286
2302464746243069589,2021-08,0.00088134286
6164364689409425900,2021-08,0.00088134286
2302464746243069589,2021-08,0.00088134286
4327694790333781288,2021-09,0.00088134286
1423952977138155129,2021-07,0.00088134286
7398738404146260251,2021-11,0.00088134286
5758033363847724111,2021-11,0.00088134286
7398738404146260251,2021-10,0.00088134286
3668905663669864663,2021-11,0.00088134286
5694881483989656694,2021-11,0.00088134286
2573553293518763494,2021-11,0.00088134286
2573553293518763494,2021-09,0.00088134286
717981637594591016,2021-07,0.00088134286
717981637594591016,2021-10,0.00088134286
3668905663669864663,2021-07,0.00088134286
710593997981520423,2021-11,0.00088134286
2250817603281429928,2021-10,0.00088134286
5758033363847724111,2021-10,0.00088134286
5758033363847724111,2021-10,0.00088134286
4018182555897034052,2021-08,0.00088134286
7398738404146260251,2021-08,0.00088134286
4327694790333781288,2021-11,0.00088134286
7397206777205091443,2021-07,0.00088134286
7397206777205091443,2021-11,0.00088134286
8570963260597299378,2021-10,0.00088134286
7395696797140470088,2021-08,0.00088134286
3263212305228307743,2021-11,0.00088134286
6186737197674630993,2021-07,0.00088134286
8245393384938410770,2021-10,0.00088134286
6164364689409425900,2021-10,0.00088134286
6198047969028248384,2021-09,0.00088134286
2302464746243069589,2021-08,0.00088134286
3263212305228307743,2021-08,0.00088134286
8570963260597299378,2021-09,0.00088134286
6352592240901579272,2021-11,0.00088134286
4723919748432185874,2021-08,0.00088134286
6198047969028248384,2021-10,0.00088134286
4723919748432185874,2021-10,0.00088134286
4723919748432185874,2021-11,0.00088134286
4723919748432185874,2021-10,0.00088134286
4327694790333781288,2021-10,0.00088134286
3263212305228307743,2021-07,0.00088134286
8570963260597299378,2021-07,0.00088134286
4723919748432185874,2021-11,0.00088134286
4327694790333781288,2021-10,0.00088134286
8245393384938410770,2021-10,0.00088134286
7719481195372677540,2021-10,0.00088134286
2573553293518763494,2021-08,0.00088134286
1028630885537616736,2021-10,0.00088134286
2250817603281429928,2021-10,0.00088134286
8480109508191086169,2021-10,0.00088134286
1028630885537616736,2021-10,0.00088134286
8292458529987016717,2021-08,0.00088134286
8292458529987016717,2021-08,0.00088134286
2250817603281429928,2021-08,0.00088134286
2250817603281429928,2021-08,0.00088134286
8480109508191086169,2021-08,0.00088134286
8480109508191086169,2021-10,0.00088134286
1696462947583294958,2021-11,0.00088134286
8843432852270832388,2021-07,0.00088134286
1696462947583294958,2021-07,0.00088134286
1696462947583294958,2021-07,0.00088134286
5758033363847724111,2021-10,0.00088134286
5574997762710520717,2021-09,0.000881182
3915426102465954493,2021-09,0.000881182
2983174282784691273,2021-08,0.000881182
2322847438374159400,2021-08,0.000881182
5753677550753111444,2021-09,0.0008809898
7398738404146260251,2021-09,0.0008809898
5440313607363845188,2021-09,0.0008809898
710593997981520423,2021-09,0.0008809898
2302464746243069589,2021-08,0.0008809898
4327694790333781288,2021-07,0.0008809898
2377020220794016532,2021-07,0.0008809898
6198047969028248384,2021-09,0.0008809898
4723919748432185874,2021-07,0.0008809898
1696462947583294958,2021-08,0.0008809898
3036967290595689189,2021-09,0.00087820267
6118873739225005756,2021-08,0.00087820267
8464809590757561185,2021-10,0.00087820267
